2026-01-09 09:47:10,005 - INFO - adv_building_gym.devices.datasources.energy_price - Use data file: data/price_data_2025.csv
2026-01-09 09:47:10,032 - INFO - adv_building_gym.devices.datasources.weather - Use data file: data/LLEC_outdoor_temperature_5min_data.csv
2026-01-09 09:47:10,033 - INFO - adv_building_gym.devices.datasources.desired_user_energy_need - No data file provided, will use synthetic data
2026-01-09 09:47:17,646 - INFO - main - Parsed arguments: {'algorithm': 'ppo', 'config_name': 'test1', 'timesteps': 1000000, 'num_envs': 4, 'seed': 42, 'eval_freq': 20000, 'no_eval': False, 'metric': 'reward_rate', 'checkpoint_frequency_episodes': 20}
2026-01-09 09:47:17,874 - INFO - main - Training on device: cuda
2026-01-09 09:47:17,964 - INFO - main - Creating 4 training environments...
2026-01-09 09:47:23,818 - INFO - adv_building_gym.devices.datasources.energy_price - Use data file: data/price_data_2025.csv
2026-01-09 09:47:23,820 - INFO - adv_building_gym.devices.datasources.weather - Use data file: data/LLEC_outdoor_temperature_5min_data.csv
2026-01-09 09:47:23,821 - INFO - adv_building_gym.devices.datasources.desired_user_energy_need - No data file provided, will use synthetic data
2026-01-09 09:47:30,499 - INFO - adv_building_gym.devices.datasources.energy_price - Use data file: data/price_data_2025.csv
2026-01-09 09:47:30,502 - INFO - adv_building_gym.devices.datasources.weather - Use data file: data/LLEC_outdoor_temperature_5min_data.csv
2026-01-09 09:47:30,503 - INFO - adv_building_gym.devices.datasources.desired_user_energy_need - No data file provided, will use synthetic data
2026-01-09 09:47:36,640 - INFO - adv_building_gym.devices.datasources.energy_price - Use data file: data/price_data_2025.csv
2026-01-09 09:47:36,643 - INFO - adv_building_gym.devices.datasources.weather - Use data file: data/LLEC_outdoor_temperature_5min_data.csv
2026-01-09 09:47:36,644 - INFO - adv_building_gym.devices.datasources.desired_user_energy_need - No data file provided, will use synthetic data
2026-01-09 09:47:43,024 - INFO - adv_building_gym.devices.datasources.energy_price - Use data file: data/price_data_2025.csv
2026-01-09 09:47:43,027 - INFO - adv_building_gym.devices.datasources.weather - Use data file: data/LLEC_outdoor_temperature_5min_data.csv
2026-01-09 09:47:43,028 - INFO - adv_building_gym.devices.datasources.desired_user_energy_need - No data file provided, will use synthetic data
2026-01-09 09:47:44,068 - INFO - main - Observation space: Dict('cum_E_Wh': Box(0.0, inf, (1,), float32), 'temp_norm_in': Box(-1.0, 1.0, (1,), float32), 'temp_norm_out': Box(-1.0, 1.0, (1,), float32), 'battery_pct': Box(0.0, 1.0, (1,), float32), 'battery_target_pct': Box(0.0, 1.0, (1,), float32), 'battery_pct_hist': Box(0.0, 1.0, (4,), float32), 'E_price': Box(-1.0, 1.0, (1,), float32), 'E_price_max': Box(-1.0, 1.0, (1,), float32), 'sim_hour': Box(0.0, inf, (1,), float32), 'temp_diff': Box(-1.0, 1.0, (1,), float32), 'desired_energy_need': Box(0.0, 1.0, (1,), float32), 'prev_action': Box(-1.0, 1.0, (3,), float32))
2026-01-09 09:47:44,069 - INFO - main - Action space: Box(-1.0, 1.0, (3,), float32)
2026-01-09 09:47:44,069 - INFO - main - Creating evaluation environment...
2026-01-09 09:47:44,073 - INFO - main - CustomEvalCallback initialized: episode_length=289, num_rewards=3, max_achievable_reward=867.0
2026-01-09 09:47:44,073 - INFO - main - Checkpoint callback enabled: saving best model every 20 episodes based on 'reward_rate' metric to models/test1/sb3/ppo/checkpoints_ppo_seed42_20260109_094717
2026-01-09 09:47:44,073 - INFO - main - Creating PPO model...
2026-01-09 09:48:00,828 - INFO - main - Starting training for 1000000 timesteps...
2026-01-09 09:48:03,587 - INFO - main - Episode 1 ended. Length: 289, Reward: 79.26
2026-01-09 09:48:03,587 - INFO - main - Episode 2 ended. Length: 289, Reward: 46.58
2026-01-09 09:48:03,587 - INFO - main - Episode 3 ended. Length: 289, Reward: 74.50
2026-01-09 09:48:03,587 - INFO - main - Episode 4 ended. Length: 289, Reward: 67.57
2026-01-09 09:48:04,980 - INFO - main - Episode 5 ended. Length: 289, Reward: 120.21
2026-01-09 09:48:04,982 - INFO - main - Episode 6 ended. Length: 289, Reward: 107.26
2026-01-09 09:48:04,982 - INFO - main - Episode 7 ended. Length: 289, Reward: 102.67
2026-01-09 09:48:04,982 - INFO - main - Episode 8 ended. Length: 289, Reward: 90.11
2026-01-09 09:48:06,380 - INFO - main - Episode 9 ended. Length: 289, Reward: 127.55
2026-01-09 09:48:06,381 - INFO - main - Episode 10 ended. Length: 289, Reward: 126.31
2026-01-09 09:48:06,381 - INFO - main - Episode 11 ended. Length: 289, Reward: 131.99
2026-01-09 09:48:06,381 - INFO - main - Episode 12 ended. Length: 289, Reward: 132.27
2026-01-09 09:48:07,795 - INFO - main - Episode 13 ended. Length: 289, Reward: 142.44
2026-01-09 09:48:07,795 - INFO - main - Episode 14 ended. Length: 289, Reward: 142.66
2026-01-09 09:48:07,795 - INFO - main - Episode 15 ended. Length: 289, Reward: 149.24
2026-01-09 09:48:07,795 - INFO - main - Episode 16 ended. Length: 289, Reward: 150.24
2026-01-09 09:48:09,189 - INFO - main - Episode 17 ended. Length: 289, Reward: 161.14
2026-01-09 09:48:09,189 - INFO - main - Episode 18 ended. Length: 289, Reward: 147.62
2026-01-09 09:48:09,189 - INFO - main - Episode 19 ended. Length: 289, Reward: 159.99
2026-01-09 09:48:09,189 - INFO - main - Episode 20 ended. Length: 289, Reward: 161.76
2026-01-09 09:48:09,189 - INFO - main - Episode 20: Checking checkpoint (current_reward_rate=-inf, best_reward_rate=-inf)
2026-01-09 09:48:10,581 - INFO - main - Episode 21 ended. Length: 289, Reward: 166.28
2026-01-09 09:48:10,581 - INFO - main - Episode 22 ended. Length: 289, Reward: 162.38
2026-01-09 09:48:10,581 - INFO - main - Episode 23 ended. Length: 289, Reward: 167.41
2026-01-09 09:48:10,581 - INFO - main - Episode 24 ended. Length: 289, Reward: 173.36
2026-01-09 09:48:11,971 - INFO - main - Episode 25 ended. Length: 289, Reward: 170.16
2026-01-09 09:48:11,971 - INFO - main - Episode 26 ended. Length: 289, Reward: 166.04
2026-01-09 09:48:11,971 - INFO - main - Episode 27 ended. Length: 289, Reward: 172.06
2026-01-09 09:48:11,971 - INFO - main - Episode 28 ended. Length: 289, Reward: 173.53
2026-01-09 09:48:13,371 - INFO - main - Episode 29 ended. Length: 289, Reward: 175.43
2026-01-09 09:48:13,371 - INFO - main - Episode 30 ended. Length: 289, Reward: 179.19
2026-01-09 09:48:13,371 - INFO - main - Episode 31 ended. Length: 289, Reward: 172.01
2026-01-09 09:48:13,371 - INFO - main - Episode 32 ended. Length: 289, Reward: 189.25
2026-01-09 09:48:14,765 - INFO - main - Episode 33 ended. Length: 289, Reward: 181.98
2026-01-09 09:48:14,765 - INFO - main - Episode 34 ended. Length: 289, Reward: 175.65
2026-01-09 09:48:14,765 - INFO - main - Episode 35 ended. Length: 289, Reward: 181.02
2026-01-09 09:48:14,765 - INFO - main - Episode 36 ended. Length: 289, Reward: 195.84
2026-01-09 09:48:16,160 - INFO - main - Episode 37 ended. Length: 289, Reward: 190.22
2026-01-09 09:48:16,160 - INFO - main - Episode 38 ended. Length: 289, Reward: 185.01
2026-01-09 09:48:16,160 - INFO - main - Episode 39 ended. Length: 289, Reward: 184.64
2026-01-09 09:48:16,160 - INFO - main - Episode 40 ended. Length: 289, Reward: 180.40
2026-01-09 09:48:16,160 - INFO - main - Episode 40: Checking checkpoint (current_reward_rate=-inf, best_reward_rate=-inf)
2026-01-09 09:48:17,558 - INFO - main - Episode 41 ended. Length: 289, Reward: 191.13
2026-01-09 09:48:17,559 - INFO - main - Episode 42 ended. Length: 289, Reward: 189.01
2026-01-09 09:48:17,559 - INFO - main - Episode 43 ended. Length: 289, Reward: 189.31
2026-01-09 09:48:17,559 - INFO - main - Episode 44 ended. Length: 289, Reward: 185.29
2026-01-09 09:48:18,949 - INFO - main - Episode 45 ended. Length: 289, Reward: 194.19
2026-01-09 09:48:18,950 - INFO - main - Episode 46 ended. Length: 289, Reward: 193.40
2026-01-09 09:48:18,950 - INFO - main - Episode 47 ended. Length: 289, Reward: 195.81
2026-01-09 09:48:18,950 - INFO - main - Episode 48 ended. Length: 289, Reward: 192.26
2026-01-09 09:48:20,342 - INFO - main - Episode 49 ended. Length: 289, Reward: 193.26
2026-01-09 09:48:20,342 - INFO - main - Episode 50 ended. Length: 289, Reward: 194.90
2026-01-09 09:48:20,342 - INFO - main - Episode 51 ended. Length: 289, Reward: 193.21
2026-01-09 09:48:20,342 - INFO - main - Episode 52 ended. Length: 289, Reward: 190.50
2026-01-09 09:48:21,732 - INFO - main - Episode 53 ended. Length: 289, Reward: 201.75
2026-01-09 09:48:21,733 - INFO - main - Episode 54 ended. Length: 289, Reward: 191.99
2026-01-09 09:48:21,733 - INFO - main - Episode 55 ended. Length: 289, Reward: 201.43
2026-01-09 09:48:21,733 - INFO - main - Episode 56 ended. Length: 289, Reward: 200.40
2026-01-09 09:48:23,122 - INFO - main - Episode 57 ended. Length: 289, Reward: 206.14
2026-01-09 09:48:23,122 - INFO - main - Episode 58 ended. Length: 289, Reward: 202.09
2026-01-09 09:48:23,122 - INFO - main - Episode 59 ended. Length: 289, Reward: 201.90
2026-01-09 09:48:23,122 - INFO - main - Episode 60 ended. Length: 289, Reward: 202.75
2026-01-09 09:48:23,122 - INFO - main - Episode 60: Checking checkpoint (current_reward_rate=-inf, best_reward_rate=-inf)
2026-01-09 09:48:24,514 - INFO - main - Episode 61 ended. Length: 289, Reward: 206.52
2026-01-09 09:48:24,514 - INFO - main - Episode 62 ended. Length: 289, Reward: 202.70
2026-01-09 09:48:24,515 - INFO - main - Episode 63 ended. Length: 289, Reward: 205.36
2026-01-09 09:48:24,515 - INFO - main - Episode 64 ended. Length: 289, Reward: 209.08
2026-01-09 09:48:25,912 - INFO - main - Episode 65 ended. Length: 289, Reward: 215.15
2026-01-09 09:48:25,912 - INFO - main - Episode 66 ended. Length: 289, Reward: 202.36
2026-01-09 09:48:25,912 - INFO - main - Episode 67 ended. Length: 289, Reward: 208.53
2026-01-09 09:48:25,912 - INFO - main - Episode 68 ended. Length: 289, Reward: 208.94
2026-01-09 09:48:27,921 - INFO - main - Eval metrics - episode_return_mean: 251.5722, achieved_reward: 251.5722, reward_rate: 0.2902 (max_possible: 867.0)
2026-01-09 09:48:29,072 - INFO - main - Episode 69 ended. Length: 289, Reward: 214.51
2026-01-09 09:48:29,072 - INFO - main - Episode 70 ended. Length: 289, Reward: 216.11
2026-01-09 09:48:29,073 - INFO - main - Episode 71 ended. Length: 289, Reward: 214.85
2026-01-09 09:48:29,073 - INFO - main - Episode 72 ended. Length: 289, Reward: 218.15
2026-01-09 09:48:30,465 - INFO - main - Episode 73 ended. Length: 289, Reward: 211.48
2026-01-09 09:48:30,465 - INFO - main - Episode 74 ended. Length: 289, Reward: 207.37
2026-01-09 09:48:30,465 - INFO - main - Episode 75 ended. Length: 289, Reward: 211.06
2026-01-09 09:48:30,466 - INFO - main - Episode 76 ended. Length: 289, Reward: 208.66
2026-01-09 09:48:31,857 - INFO - main - Episode 77 ended. Length: 289, Reward: 214.43
2026-01-09 09:48:31,858 - INFO - main - Episode 78 ended. Length: 289, Reward: 209.60
2026-01-09 09:48:31,858 - INFO - main - Episode 79 ended. Length: 289, Reward: 211.64
2026-01-09 09:48:31,858 - INFO - main - Episode 80 ended. Length: 289, Reward: 215.76
2026-01-09 09:48:31,858 - INFO - main - Episode 80: Checking checkpoint (current_reward_rate=0.2902, best_reward_rate=-inf)
2026-01-09 09:48:31,871 - INFO - main - New best model saved at episode 80 with reward_rate 0.2902: models/test1/sb3/ppo/checkpoints_ppo_seed42_20260109_094717/best_model_ep80_reward_rate0.2902.zip
2026-01-09 09:48:33,265 - INFO - main - Episode 81 ended. Length: 289, Reward: 209.87
2026-01-09 09:48:33,265 - INFO - main - Episode 82 ended. Length: 289, Reward: 217.01
2026-01-09 09:48:33,265 - INFO - main - Episode 83 ended. Length: 289, Reward: 216.58
2026-01-09 09:48:33,265 - INFO - main - Episode 84 ended. Length: 289, Reward: 211.67
2026-01-09 09:48:34,657 - INFO - main - Episode 85 ended. Length: 289, Reward: 217.71
2026-01-09 09:48:34,657 - INFO - main - Episode 86 ended. Length: 289, Reward: 218.05
2026-01-09 09:48:34,657 - INFO - main - Episode 87 ended. Length: 289, Reward: 220.31
2026-01-09 09:48:34,657 - INFO - main - Episode 88 ended. Length: 289, Reward: 217.51
2026-01-09 09:48:36,045 - INFO - main - Episode 89 ended. Length: 289, Reward: 222.97
2026-01-09 09:48:36,045 - INFO - main - Episode 90 ended. Length: 289, Reward: 215.22
2026-01-09 09:48:36,045 - INFO - main - Episode 91 ended. Length: 289, Reward: 217.82
2026-01-09 09:48:36,045 - INFO - main - Episode 92 ended. Length: 289, Reward: 214.75
2026-01-09 09:48:37,434 - INFO - main - Episode 93 ended. Length: 289, Reward: 216.03
2026-01-09 09:48:37,434 - INFO - main - Episode 94 ended. Length: 289, Reward: 216.88
2026-01-09 09:48:37,434 - INFO - main - Episode 95 ended. Length: 289, Reward: 222.66
2026-01-09 09:48:37,434 - INFO - main - Episode 96 ended. Length: 289, Reward: 216.83
2026-01-09 09:48:38,827 - INFO - main - Episode 97 ended. Length: 289, Reward: 219.15
2026-01-09 09:48:38,827 - INFO - main - Episode 98 ended. Length: 289, Reward: 221.32
2026-01-09 09:48:38,827 - INFO - main - Episode 99 ended. Length: 289, Reward: 221.61
2026-01-09 09:48:38,827 - INFO - main - Episode 100 ended. Length: 289, Reward: 221.57
2026-01-09 09:48:38,827 - INFO - main - Episode 100: Checking checkpoint (current_reward_rate=0.2902, best_reward_rate=0.2902)
2026-01-09 09:48:40,219 - INFO - main - Episode 101 ended. Length: 289, Reward: 215.15
2026-01-09 09:48:40,219 - INFO - main - Episode 102 ended. Length: 289, Reward: 218.75
2026-01-09 09:48:40,219 - INFO - main - Episode 103 ended. Length: 289, Reward: 217.00
2026-01-09 09:48:40,219 - INFO - main - Episode 104 ended. Length: 289, Reward: 222.85
2026-01-09 09:48:41,614 - INFO - main - Episode 105 ended. Length: 289, Reward: 218.46
2026-01-09 09:48:41,614 - INFO - main - Episode 106 ended. Length: 289, Reward: 216.95
2026-01-09 09:48:41,614 - INFO - main - Episode 107 ended. Length: 289, Reward: 224.21
2026-01-09 09:48:41,614 - INFO - main - Episode 108 ended. Length: 289, Reward: 213.25
2026-01-09 09:48:43,005 - INFO - main - Episode 109 ended. Length: 289, Reward: 225.49
2026-01-09 09:48:43,005 - INFO - main - Episode 110 ended. Length: 289, Reward: 225.93
2026-01-09 09:48:43,005 - INFO - main - Episode 111 ended. Length: 289, Reward: 227.25
2026-01-09 09:48:43,005 - INFO - main - Episode 112 ended. Length: 289, Reward: 224.24
2026-01-09 09:48:44,398 - INFO - main - Episode 113 ended. Length: 289, Reward: 212.24
2026-01-09 09:48:44,398 - INFO - main - Episode 114 ended. Length: 289, Reward: 224.43
2026-01-09 09:48:44,398 - INFO - main - Episode 115 ended. Length: 289, Reward: 208.27
2026-01-09 09:48:44,398 - INFO - main - Episode 116 ended. Length: 289, Reward: 214.77
2026-01-09 09:48:45,790 - INFO - main - Episode 117 ended. Length: 289, Reward: 216.17
2026-01-09 09:48:45,790 - INFO - main - Episode 118 ended. Length: 289, Reward: 220.41
2026-01-09 09:48:45,790 - INFO - main - Episode 119 ended. Length: 289, Reward: 207.47
2026-01-09 09:48:45,790 - INFO - main - Episode 120 ended. Length: 289, Reward: 217.51
2026-01-09 09:48:45,790 - INFO - main - Episode 120: Checking checkpoint (current_reward_rate=0.2902, best_reward_rate=0.2902)
2026-01-09 09:48:47,181 - INFO - main - Episode 121 ended. Length: 289, Reward: 219.20
2026-01-09 09:48:47,181 - INFO - main - Episode 122 ended. Length: 289, Reward: 218.37
2026-01-09 09:48:47,181 - INFO - main - Episode 123 ended. Length: 289, Reward: 223.42
2026-01-09 09:48:47,181 - INFO - main - Episode 124 ended. Length: 289, Reward: 213.45
2026-01-09 09:48:48,574 - INFO - main - Episode 125 ended. Length: 289, Reward: 217.16
2026-01-09 09:48:48,574 - INFO - main - Episode 126 ended. Length: 289, Reward: 222.31
2026-01-09 09:48:48,575 - INFO - main - Episode 127 ended. Length: 289, Reward: 214.46
2026-01-09 09:48:48,575 - INFO - main - Episode 128 ended. Length: 289, Reward: 221.80
2026-01-09 09:48:49,965 - INFO - main - Episode 129 ended. Length: 289, Reward: 224.43
2026-01-09 09:48:49,965 - INFO - main - Episode 130 ended. Length: 289, Reward: 212.61
2026-01-09 09:48:49,965 - INFO - main - Episode 131 ended. Length: 289, Reward: 219.31
2026-01-09 09:48:49,965 - INFO - main - Episode 132 ended. Length: 289, Reward: 218.09
2026-01-09 09:48:51,349 - INFO - main - Episode 133 ended. Length: 289, Reward: 219.24
2026-01-09 09:48:51,349 - INFO - main - Episode 134 ended. Length: 289, Reward: 223.37
2026-01-09 09:48:51,349 - INFO - main - Episode 135 ended. Length: 289, Reward: 217.01
2026-01-09 09:48:51,349 - INFO - main - Episode 136 ended. Length: 289, Reward: 217.74
2026-01-09 09:48:53,471 - INFO - main - Eval metrics - episode_return_mean: 254.9573, achieved_reward: 254.9573, reward_rate: 0.2941 (max_possible: 867.0)
2026-01-09 09:48:54,381 - INFO - main - Episode 137 ended. Length: 289, Reward: 222.72
2026-01-09 09:48:54,381 - INFO - main - Episode 138 ended. Length: 289, Reward: 220.82
2026-01-09 09:48:54,381 - INFO - main - Episode 139 ended. Length: 289, Reward: 221.64
2026-01-09 09:48:54,381 - INFO - main - Episode 140 ended. Length: 289, Reward: 225.89
2026-01-09 09:48:54,381 - INFO - main - Episode 140: Checking checkpoint (current_reward_rate=0.2941, best_reward_rate=0.2902)
2026-01-09 09:48:54,393 - INFO - main - New best model saved at episode 140 with reward_rate 0.2941: models/test1/sb3/ppo/checkpoints_ppo_seed42_20260109_094717/best_model_ep140_reward_rate0.2941.zip
2026-01-09 09:48:55,785 - INFO - main - Episode 141 ended. Length: 289, Reward: 227.27
2026-01-09 09:48:55,785 - INFO - main - Episode 142 ended. Length: 289, Reward: 224.74
2026-01-09 09:48:55,785 - INFO - main - Episode 143 ended. Length: 289, Reward: 229.45
2026-01-09 09:48:55,786 - INFO - main - Episode 144 ended. Length: 289, Reward: 222.64
2026-01-09 09:48:57,179 - INFO - main - Episode 145 ended. Length: 289, Reward: 222.49
2026-01-09 09:48:57,179 - INFO - main - Episode 146 ended. Length: 289, Reward: 220.44
2026-01-09 09:48:57,179 - INFO - main - Episode 147 ended. Length: 289, Reward: 225.73
2026-01-09 09:48:57,179 - INFO - main - Episode 148 ended. Length: 289, Reward: 222.37
2026-01-09 09:48:58,570 - INFO - main - Episode 149 ended. Length: 289, Reward: 229.42
2026-01-09 09:48:58,574 - INFO - main - Episode 150 ended. Length: 289, Reward: 222.34
2026-01-09 09:48:58,574 - INFO - main - Episode 151 ended. Length: 289, Reward: 224.97
2026-01-09 09:48:58,574 - INFO - main - Episode 152 ended. Length: 289, Reward: 222.42
2026-01-09 09:48:59,965 - INFO - main - Episode 153 ended. Length: 289, Reward: 220.49
2026-01-09 09:48:59,965 - INFO - main - Episode 154 ended. Length: 289, Reward: 216.19
2026-01-09 09:48:59,965 - INFO - main - Episode 155 ended. Length: 289, Reward: 216.51
2026-01-09 09:48:59,965 - INFO - main - Episode 156 ended. Length: 289, Reward: 215.27
2026-01-09 09:49:01,354 - INFO - main - Episode 157 ended. Length: 289, Reward: 224.09
2026-01-09 09:49:01,354 - INFO - main - Episode 158 ended. Length: 289, Reward: 225.97
2026-01-09 09:49:01,354 - INFO - main - Episode 159 ended. Length: 289, Reward: 216.59
2026-01-09 09:49:01,354 - INFO - main - Episode 160 ended. Length: 289, Reward: 225.96
2026-01-09 09:49:01,354 - INFO - main - Episode 160: Checking checkpoint (current_reward_rate=0.2941, best_reward_rate=0.2941)
2026-01-09 09:49:02,740 - INFO - main - Episode 161 ended. Length: 289, Reward: 220.82
2026-01-09 09:49:02,740 - INFO - main - Episode 162 ended. Length: 289, Reward: 219.63
2026-01-09 09:49:02,740 - INFO - main - Episode 163 ended. Length: 289, Reward: 229.61
2026-01-09 09:49:02,740 - INFO - main - Episode 164 ended. Length: 289, Reward: 224.18
2026-01-09 09:49:04,128 - INFO - main - Episode 165 ended. Length: 289, Reward: 231.48
2026-01-09 09:49:04,128 - INFO - main - Episode 166 ended. Length: 289, Reward: 230.55
2026-01-09 09:49:04,129 - INFO - main - Episode 167 ended. Length: 289, Reward: 225.35
2026-01-09 09:49:04,129 - INFO - main - Episode 168 ended. Length: 289, Reward: 225.62
2026-01-09 09:49:05,520 - INFO - main - Episode 169 ended. Length: 289, Reward: 235.03
2026-01-09 09:49:05,520 - INFO - main - Episode 170 ended. Length: 289, Reward: 232.70
2026-01-09 09:49:05,520 - INFO - main - Episode 171 ended. Length: 289, Reward: 235.31
2026-01-09 09:49:05,520 - INFO - main - Episode 172 ended. Length: 289, Reward: 230.12
2026-01-09 09:49:06,912 - INFO - main - Episode 173 ended. Length: 289, Reward: 237.96
2026-01-09 09:49:06,912 - INFO - main - Episode 174 ended. Length: 289, Reward: 232.07
2026-01-09 09:49:06,912 - INFO - main - Episode 175 ended. Length: 289, Reward: 224.75
2026-01-09 09:49:06,912 - INFO - main - Episode 176 ended. Length: 289, Reward: 232.73
2026-01-09 09:49:08,304 - INFO - main - Episode 177 ended. Length: 289, Reward: 235.03
2026-01-09 09:49:08,305 - INFO - main - Episode 178 ended. Length: 289, Reward: 233.66
2026-01-09 09:49:08,305 - INFO - main - Episode 179 ended. Length: 289, Reward: 235.83
2026-01-09 09:49:08,305 - INFO - main - Episode 180 ended. Length: 289, Reward: 235.11
2026-01-09 09:49:08,305 - INFO - main - Episode 180: Checking checkpoint (current_reward_rate=0.2941, best_reward_rate=0.2941)
2026-01-09 09:49:09,692 - INFO - main - Episode 181 ended. Length: 289, Reward: 234.44
2026-01-09 09:49:09,692 - INFO - main - Episode 182 ended. Length: 289, Reward: 237.52
2026-01-09 09:49:09,692 - INFO - main - Episode 183 ended. Length: 289, Reward: 235.56
2026-01-09 09:49:09,692 - INFO - main - Episode 184 ended. Length: 289, Reward: 239.72
2026-01-09 09:49:11,080 - INFO - main - Episode 185 ended. Length: 289, Reward: 236.93
2026-01-09 09:49:11,080 - INFO - main - Episode 186 ended. Length: 289, Reward: 238.53
2026-01-09 09:49:11,081 - INFO - main - Episode 187 ended. Length: 289, Reward: 234.86
2026-01-09 09:49:11,081 - INFO - main - Episode 188 ended. Length: 289, Reward: 233.02
2026-01-09 09:49:12,469 - INFO - main - Episode 189 ended. Length: 289, Reward: 235.08
2026-01-09 09:49:12,469 - INFO - main - Episode 190 ended. Length: 289, Reward: 232.48
2026-01-09 09:49:12,469 - INFO - main - Episode 191 ended. Length: 289, Reward: 233.42
2026-01-09 09:49:12,469 - INFO - main - Episode 192 ended. Length: 289, Reward: 233.77
2026-01-09 09:49:13,861 - INFO - main - Episode 193 ended. Length: 289, Reward: 238.08
2026-01-09 09:49:13,862 - INFO - main - Episode 194 ended. Length: 289, Reward: 232.64
2026-01-09 09:49:13,862 - INFO - main - Episode 195 ended. Length: 289, Reward: 235.41
2026-01-09 09:49:13,862 - INFO - main - Episode 196 ended. Length: 289, Reward: 235.02
2026-01-09 09:49:15,250 - INFO - main - Episode 197 ended. Length: 289, Reward: 239.39
2026-01-09 09:49:15,250 - INFO - main - Episode 198 ended. Length: 289, Reward: 238.13
2026-01-09 09:49:15,250 - INFO - main - Episode 199 ended. Length: 289, Reward: 237.99
2026-01-09 09:49:15,250 - INFO - main - Episode 200 ended. Length: 289, Reward: 239.34
2026-01-09 09:49:15,250 - INFO - main - Episode 200: Checking checkpoint (current_reward_rate=0.2941, best_reward_rate=0.2941)
2026-01-09 09:49:16,638 - INFO - main - Episode 201 ended. Length: 289, Reward: 233.81
2026-01-09 09:49:16,638 - INFO - main - Episode 202 ended. Length: 289, Reward: 234.20
2026-01-09 09:49:16,638 - INFO - main - Episode 203 ended. Length: 289, Reward: 234.48
2026-01-09 09:49:16,638 - INFO - main - Episode 204 ended. Length: 289, Reward: 238.20
2026-01-09 09:49:19,582 - INFO - main - Eval metrics - episode_return_mean: 257.0810, achieved_reward: 257.0810, reward_rate: 0.2965 (max_possible: 867.0)
2026-01-09 09:49:19,660 - INFO - main - Episode 205 ended. Length: 289, Reward: 238.61
2026-01-09 09:49:19,660 - INFO - main - Episode 206 ended. Length: 289, Reward: 236.02
2026-01-09 09:49:19,660 - INFO - main - Episode 207 ended. Length: 289, Reward: 235.78
2026-01-09 09:49:19,660 - INFO - main - Episode 208 ended. Length: 289, Reward: 237.60
2026-01-09 09:49:21,045 - INFO - main - Episode 209 ended. Length: 289, Reward: 240.57
2026-01-09 09:49:21,045 - INFO - main - Episode 210 ended. Length: 289, Reward: 234.10
2026-01-09 09:49:21,045 - INFO - main - Episode 211 ended. Length: 289, Reward: 240.52
2026-01-09 09:49:21,045 - INFO - main - Episode 212 ended. Length: 289, Reward: 237.69
2026-01-09 09:49:22,431 - INFO - main - Episode 213 ended. Length: 289, Reward: 238.68
2026-01-09 09:49:22,431 - INFO - main - Episode 214 ended. Length: 289, Reward: 240.49
2026-01-09 09:49:22,431 - INFO - main - Episode 215 ended. Length: 289, Reward: 241.68
2026-01-09 09:49:22,431 - INFO - main - Episode 216 ended. Length: 289, Reward: 242.61
2026-01-09 09:49:23,820 - INFO - main - Episode 217 ended. Length: 289, Reward: 241.42
2026-01-09 09:49:23,820 - INFO - main - Episode 218 ended. Length: 289, Reward: 239.19
2026-01-09 09:49:23,820 - INFO - main - Episode 219 ended. Length: 289, Reward: 241.31
2026-01-09 09:49:23,820 - INFO - main - Episode 220 ended. Length: 289, Reward: 240.33
2026-01-09 09:49:23,820 - INFO - main - Episode 220: Checking checkpoint (current_reward_rate=0.2965, best_reward_rate=0.2941)
2026-01-09 09:49:23,838 - INFO - main - New best model saved at episode 220 with reward_rate 0.2965: models/test1/sb3/ppo/checkpoints_ppo_seed42_20260109_094717/best_model_ep220_reward_rate0.2965.zip
2026-01-09 09:49:25,234 - INFO - main - Episode 221 ended. Length: 289, Reward: 241.13
2026-01-09 09:49:25,234 - INFO - main - Episode 222 ended. Length: 289, Reward: 245.10
2026-01-09 09:49:25,234 - INFO - main - Episode 223 ended. Length: 289, Reward: 241.19
2026-01-09 09:49:25,235 - INFO - main - Episode 224 ended. Length: 289, Reward: 245.41
2026-01-09 09:49:26,629 - INFO - main - Episode 225 ended. Length: 289, Reward: 245.20
2026-01-09 09:49:26,630 - INFO - main - Episode 226 ended. Length: 289, Reward: 242.93
2026-01-09 09:49:26,630 - INFO - main - Episode 227 ended. Length: 289, Reward: 242.73
2026-01-09 09:49:26,630 - INFO - main - Episode 228 ended. Length: 289, Reward: 242.47
2026-01-09 09:49:28,026 - INFO - main - Episode 229 ended. Length: 289, Reward: 247.30
2026-01-09 09:49:28,026 - INFO - main - Episode 230 ended. Length: 289, Reward: 242.35
2026-01-09 09:49:28,026 - INFO - main - Episode 231 ended. Length: 289, Reward: 244.26
2026-01-09 09:49:28,026 - INFO - main - Episode 232 ended. Length: 289, Reward: 245.94
2026-01-09 09:49:29,417 - INFO - main - Episode 233 ended. Length: 289, Reward: 243.88
2026-01-09 09:49:29,417 - INFO - main - Episode 234 ended. Length: 289, Reward: 246.56
2026-01-09 09:49:29,417 - INFO - main - Episode 235 ended. Length: 289, Reward: 245.94
2026-01-09 09:49:29,417 - INFO - main - Episode 236 ended. Length: 289, Reward: 242.49
2026-01-09 09:49:30,808 - INFO - main - Episode 237 ended. Length: 289, Reward: 242.05
2026-01-09 09:49:30,809 - INFO - main - Episode 238 ended. Length: 289, Reward: 244.05
2026-01-09 09:49:30,809 - INFO - main - Episode 239 ended. Length: 289, Reward: 243.10
2026-01-09 09:49:30,809 - INFO - main - Episode 240 ended. Length: 289, Reward: 244.82
2026-01-09 09:49:30,809 - INFO - main - Episode 240: Checking checkpoint (current_reward_rate=0.2965, best_reward_rate=0.2965)
2026-01-09 09:49:32,202 - INFO - main - Episode 241 ended. Length: 289, Reward: 243.33
2026-01-09 09:49:32,202 - INFO - main - Episode 242 ended. Length: 289, Reward: 245.97
2026-01-09 09:49:32,202 - INFO - main - Episode 243 ended. Length: 289, Reward: 245.41
2026-01-09 09:49:32,203 - INFO - main - Episode 244 ended. Length: 289, Reward: 245.93
2026-01-09 09:49:33,597 - INFO - main - Episode 245 ended. Length: 289, Reward: 245.65
2026-01-09 09:49:33,597 - INFO - main - Episode 246 ended. Length: 289, Reward: 245.95
2026-01-09 09:49:33,597 - INFO - main - Episode 247 ended. Length: 289, Reward: 243.31
2026-01-09 09:49:33,597 - INFO - main - Episode 248 ended. Length: 289, Reward: 244.78
2026-01-09 09:49:34,989 - INFO - main - Episode 249 ended. Length: 289, Reward: 246.32
2026-01-09 09:49:34,989 - INFO - main - Episode 250 ended. Length: 289, Reward: 246.84
2026-01-09 09:49:34,989 - INFO - main - Episode 251 ended. Length: 289, Reward: 247.26
2026-01-09 09:49:34,989 - INFO - main - Episode 252 ended. Length: 289, Reward: 246.06
2026-01-09 09:49:36,380 - INFO - main - Episode 253 ended. Length: 289, Reward: 247.09
2026-01-09 09:49:36,381 - INFO - main - Episode 254 ended. Length: 289, Reward: 244.92
2026-01-09 09:49:36,381 - INFO - main - Episode 255 ended. Length: 289, Reward: 248.12
2026-01-09 09:49:36,381 - INFO - main - Episode 256 ended. Length: 289, Reward: 246.45
2026-01-09 09:49:37,767 - INFO - main - Episode 257 ended. Length: 289, Reward: 246.32
2026-01-09 09:49:37,767 - INFO - main - Episode 258 ended. Length: 289, Reward: 246.28
2026-01-09 09:49:37,767 - INFO - main - Episode 259 ended. Length: 289, Reward: 246.18
2026-01-09 09:49:37,767 - INFO - main - Episode 260 ended. Length: 289, Reward: 247.72
2026-01-09 09:49:37,767 - INFO - main - Episode 260: Checking checkpoint (current_reward_rate=0.2965, best_reward_rate=0.2965)
2026-01-09 09:49:39,164 - INFO - main - Episode 261 ended. Length: 289, Reward: 245.02
2026-01-09 09:49:39,164 - INFO - main - Episode 262 ended. Length: 289, Reward: 247.85
2026-01-09 09:49:39,164 - INFO - main - Episode 263 ended. Length: 289, Reward: 247.52
2026-01-09 09:49:39,164 - INFO - main - Episode 264 ended. Length: 289, Reward: 248.13
2026-01-09 09:49:40,559 - INFO - main - Episode 265 ended. Length: 289, Reward: 245.13
2026-01-09 09:49:40,559 - INFO - main - Episode 266 ended. Length: 289, Reward: 245.61
2026-01-09 09:49:40,559 - INFO - main - Episode 267 ended. Length: 289, Reward: 247.40
2026-01-09 09:49:40,559 - INFO - main - Episode 268 ended. Length: 289, Reward: 249.00
2026-01-09 09:49:41,948 - INFO - main - Episode 269 ended. Length: 289, Reward: 246.20
2026-01-09 09:49:41,949 - INFO - main - Episode 270 ended. Length: 289, Reward: 247.36
2026-01-09 09:49:41,949 - INFO - main - Episode 271 ended. Length: 289, Reward: 245.36
2026-01-09 09:49:41,949 - INFO - main - Episode 272 ended. Length: 289, Reward: 247.14
2026-01-09 09:49:43,336 - INFO - main - Episode 273 ended. Length: 289, Reward: 244.79
2026-01-09 09:49:43,336 - INFO - main - Episode 274 ended. Length: 289, Reward: 246.59
2026-01-09 09:49:43,336 - INFO - main - Episode 275 ended. Length: 289, Reward: 248.33
2026-01-09 09:49:43,336 - INFO - main - Episode 276 ended. Length: 289, Reward: 246.72
2026-01-09 09:49:45,132 - INFO - main - Eval metrics - episode_return_mean: 257.0810, achieved_reward: 257.0810, reward_rate: 0.2965 (max_possible: 867.0)
2026-01-09 09:49:46,361 - INFO - main - Episode 277 ended. Length: 289, Reward: 244.75
2026-01-09 09:49:46,361 - INFO - main - Episode 278 ended. Length: 289, Reward: 246.16
2026-01-09 09:49:46,361 - INFO - main - Episode 279 ended. Length: 289, Reward: 240.66
2026-01-09 09:49:46,361 - INFO - main - Episode 280 ended. Length: 289, Reward: 243.40
2026-01-09 09:49:46,361 - INFO - main - Episode 280: Checking checkpoint (current_reward_rate=0.2965, best_reward_rate=0.2965)
2026-01-09 09:49:47,749 - INFO - main - Episode 281 ended. Length: 289, Reward: 246.04
2026-01-09 09:49:47,749 - INFO - main - Episode 282 ended. Length: 289, Reward: 246.30
2026-01-09 09:49:47,749 - INFO - main - Episode 283 ended. Length: 289, Reward: 245.22
2026-01-09 09:49:47,749 - INFO - main - Episode 284 ended. Length: 289, Reward: 245.47
2026-01-09 09:49:49,137 - INFO - main - Episode 285 ended. Length: 289, Reward: 242.90
2026-01-09 09:49:49,137 - INFO - main - Episode 286 ended. Length: 289, Reward: 242.05
2026-01-09 09:49:49,137 - INFO - main - Episode 287 ended. Length: 289, Reward: 243.74
2026-01-09 09:49:49,137 - INFO - main - Episode 288 ended. Length: 289, Reward: 244.61
2026-01-09 09:49:50,530 - INFO - main - Episode 289 ended. Length: 289, Reward: 244.62
2026-01-09 09:49:50,530 - INFO - main - Episode 290 ended. Length: 289, Reward: 246.48
2026-01-09 09:49:50,530 - INFO - main - Episode 291 ended. Length: 289, Reward: 245.50
2026-01-09 09:49:50,530 - INFO - main - Episode 292 ended. Length: 289, Reward: 246.01
2026-01-09 09:49:51,922 - INFO - main - Episode 293 ended. Length: 289, Reward: 245.07
2026-01-09 09:49:51,923 - INFO - main - Episode 294 ended. Length: 289, Reward: 246.57
2026-01-09 09:49:51,923 - INFO - main - Episode 295 ended. Length: 289, Reward: 245.84
2026-01-09 09:49:51,923 - INFO - main - Episode 296 ended. Length: 289, Reward: 244.28
2026-01-09 09:49:53,314 - INFO - main - Episode 297 ended. Length: 289, Reward: 244.88
2026-01-09 09:49:53,314 - INFO - main - Episode 298 ended. Length: 289, Reward: 244.45
2026-01-09 09:49:53,314 - INFO - main - Episode 299 ended. Length: 289, Reward: 245.81
2026-01-09 09:49:53,314 - INFO - main - Episode 300 ended. Length: 289, Reward: 245.70
2026-01-09 09:49:53,314 - INFO - main - Episode 300: Checking checkpoint (current_reward_rate=0.2965, best_reward_rate=0.2965)
2026-01-09 09:49:54,704 - INFO - main - Episode 301 ended. Length: 289, Reward: 247.86
2026-01-09 09:49:54,704 - INFO - main - Episode 302 ended. Length: 289, Reward: 245.96
2026-01-09 09:49:54,704 - INFO - main - Episode 303 ended. Length: 289, Reward: 245.73
2026-01-09 09:49:54,704 - INFO - main - Episode 304 ended. Length: 289, Reward: 247.80
2026-01-09 09:49:56,094 - INFO - main - Episode 305 ended. Length: 289, Reward: 248.73
2026-01-09 09:49:56,094 - INFO - main - Episode 306 ended. Length: 289, Reward: 246.67
2026-01-09 09:49:56,094 - INFO - main - Episode 307 ended. Length: 289, Reward: 249.44
2026-01-09 09:49:56,094 - INFO - main - Episode 308 ended. Length: 289, Reward: 245.39
2026-01-09 09:49:57,485 - INFO - main - Episode 309 ended. Length: 289, Reward: 249.21
2026-01-09 09:49:57,485 - INFO - main - Episode 310 ended. Length: 289, Reward: 246.04
2026-01-09 09:49:57,485 - INFO - main - Episode 311 ended. Length: 289, Reward: 247.50
2026-01-09 09:49:57,485 - INFO - main - Episode 312 ended. Length: 289, Reward: 247.72
2026-01-09 09:49:58,882 - INFO - main - Episode 313 ended. Length: 289, Reward: 246.77
2026-01-09 09:49:58,882 - INFO - main - Episode 314 ended. Length: 289, Reward: 246.09
2026-01-09 09:49:58,883 - INFO - main - Episode 315 ended. Length: 289, Reward: 244.31
2026-01-09 09:49:58,883 - INFO - main - Episode 316 ended. Length: 289, Reward: 246.00
2026-01-09 09:50:00,273 - INFO - main - Episode 317 ended. Length: 289, Reward: 247.03
2026-01-09 09:50:00,273 - INFO - main - Episode 318 ended. Length: 289, Reward: 244.78
2026-01-09 09:50:00,273 - INFO - main - Episode 319 ended. Length: 289, Reward: 248.09
2026-01-09 09:50:00,273 - INFO - main - Episode 320 ended. Length: 289, Reward: 247.65
2026-01-09 09:50:00,273 - INFO - main - Episode 320: Checking checkpoint (current_reward_rate=0.2965, best_reward_rate=0.2965)
2026-01-09 09:50:01,665 - INFO - main - Episode 321 ended. Length: 289, Reward: 247.50
2026-01-09 09:50:01,665 - INFO - main - Episode 322 ended. Length: 289, Reward: 248.29
2026-01-09 09:50:01,665 - INFO - main - Episode 323 ended. Length: 289, Reward: 243.41
2026-01-09 09:50:01,665 - INFO - main - Episode 324 ended. Length: 289, Reward: 246.67
2026-01-09 09:50:03,056 - INFO - main - Episode 325 ended. Length: 289, Reward: 246.58
2026-01-09 09:50:03,056 - INFO - main - Episode 326 ended. Length: 289, Reward: 245.60
2026-01-09 09:50:03,056 - INFO - main - Episode 327 ended. Length: 289, Reward: 244.76
2026-01-09 09:50:03,056 - INFO - main - Episode 328 ended. Length: 289, Reward: 245.58
2026-01-09 09:50:04,445 - INFO - main - Episode 329 ended. Length: 289, Reward: 247.13
2026-01-09 09:50:04,445 - INFO - main - Episode 330 ended. Length: 289, Reward: 246.85
2026-01-09 09:50:04,445 - INFO - main - Episode 331 ended. Length: 289, Reward: 246.67
2026-01-09 09:50:04,445 - INFO - main - Episode 332 ended. Length: 289, Reward: 246.00
2026-01-09 09:50:05,832 - INFO - main - Episode 333 ended. Length: 289, Reward: 244.97
2026-01-09 09:50:05,832 - INFO - main - Episode 334 ended. Length: 289, Reward: 248.16
2026-01-09 09:50:05,832 - INFO - main - Episode 335 ended. Length: 289, Reward: 249.23
2026-01-09 09:50:05,833 - INFO - main - Episode 336 ended. Length: 289, Reward: 247.63
2026-01-09 09:50:07,227 - INFO - main - Episode 337 ended. Length: 289, Reward: 249.62
2026-01-09 09:50:07,227 - INFO - main - Episode 338 ended. Length: 289, Reward: 247.30
2026-01-09 09:50:07,227 - INFO - main - Episode 339 ended. Length: 289, Reward: 247.81
2026-01-09 09:50:07,227 - INFO - main - Episode 340 ended. Length: 289, Reward: 247.96
2026-01-09 09:50:07,227 - INFO - main - Episode 340: Checking checkpoint (current_reward_rate=0.2965, best_reward_rate=0.2965)
2026-01-09 09:50:08,620 - INFO - main - Episode 341 ended. Length: 289, Reward: 249.51
2026-01-09 09:50:08,620 - INFO - main - Episode 342 ended. Length: 289, Reward: 248.85
2026-01-09 09:50:08,620 - INFO - main - Episode 343 ended. Length: 289, Reward: 246.27
2026-01-09 09:50:08,620 - INFO - main - Episode 344 ended. Length: 289, Reward: 244.83
2026-01-09 09:50:10,663 - INFO - main - Eval metrics - episode_return_mean: 257.0810, achieved_reward: 257.0810, reward_rate: 0.2965 (max_possible: 867.0)
2026-01-09 09:50:11,650 - INFO - main - Episode 345 ended. Length: 289, Reward: 245.53
2026-01-09 09:50:11,650 - INFO - main - Episode 346 ended. Length: 289, Reward: 246.15
2026-01-09 09:50:11,650 - INFO - main - Episode 347 ended. Length: 289, Reward: 243.00
2026-01-09 09:50:11,650 - INFO - main - Episode 348 ended. Length: 289, Reward: 246.10
2026-01-09 09:50:13,035 - INFO - main - Episode 349 ended. Length: 289, Reward: 247.37
2026-01-09 09:50:13,035 - INFO - main - Episode 350 ended. Length: 289, Reward: 247.31
2026-01-09 09:50:13,035 - INFO - main - Episode 351 ended. Length: 289, Reward: 245.40
2026-01-09 09:50:13,035 - INFO - main - Episode 352 ended. Length: 289, Reward: 246.49
2026-01-09 09:50:14,420 - INFO - main - Episode 353 ended. Length: 289, Reward: 248.78
2026-01-09 09:50:14,420 - INFO - main - Episode 354 ended. Length: 289, Reward: 250.61
2026-01-09 09:50:14,420 - INFO - main - Episode 355 ended. Length: 289, Reward: 249.92
2026-01-09 09:50:14,420 - INFO - main - Episode 356 ended. Length: 289, Reward: 248.79
2026-01-09 09:50:15,808 - INFO - main - Episode 357 ended. Length: 289, Reward: 248.10
2026-01-09 09:50:15,808 - INFO - main - Episode 358 ended. Length: 289, Reward: 250.13
2026-01-09 09:50:15,808 - INFO - main - Episode 359 ended. Length: 289, Reward: 247.25
2026-01-09 09:50:15,808 - INFO - main - Episode 360 ended. Length: 289, Reward: 246.34
2026-01-09 09:50:15,808 - INFO - main - Episode 360: Checking checkpoint (current_reward_rate=0.2965, best_reward_rate=0.2965)
2026-01-09 09:50:17,202 - INFO - main - Episode 361 ended. Length: 289, Reward: 248.93
2026-01-09 09:50:17,202 - INFO - main - Episode 362 ended. Length: 289, Reward: 249.06
2026-01-09 09:50:17,202 - INFO - main - Episode 363 ended. Length: 289, Reward: 249.88
2026-01-09 09:50:17,202 - INFO - main - Episode 364 ended. Length: 289, Reward: 246.30
2026-01-09 09:50:18,593 - INFO - main - Episode 365 ended. Length: 289, Reward: 248.83
2026-01-09 09:50:18,593 - INFO - main - Episode 366 ended. Length: 289, Reward: 248.54
2026-01-09 09:50:18,593 - INFO - main - Episode 367 ended. Length: 289, Reward: 246.88
2026-01-09 09:50:18,593 - INFO - main - Episode 368 ended. Length: 289, Reward: 249.81
2026-01-09 09:50:19,984 - INFO - main - Episode 369 ended. Length: 289, Reward: 247.64
2026-01-09 09:50:19,984 - INFO - main - Episode 370 ended. Length: 289, Reward: 250.61
2026-01-09 09:50:19,984 - INFO - main - Episode 371 ended. Length: 289, Reward: 247.25
2026-01-09 09:50:19,984 - INFO - main - Episode 372 ended. Length: 289, Reward: 249.20
2026-01-09 09:50:21,378 - INFO - main - Episode 373 ended. Length: 289, Reward: 248.85
2026-01-09 09:50:21,378 - INFO - main - Episode 374 ended. Length: 289, Reward: 249.03
2026-01-09 09:50:21,378 - INFO - main - Episode 375 ended. Length: 289, Reward: 247.71
2026-01-09 09:50:21,379 - INFO - main - Episode 376 ended. Length: 289, Reward: 250.69
2026-01-09 09:50:22,769 - INFO - main - Episode 377 ended. Length: 289, Reward: 250.15
2026-01-09 09:50:22,770 - INFO - main - Episode 378 ended. Length: 289, Reward: 247.41
2026-01-09 09:50:22,770 - INFO - main - Episode 379 ended. Length: 289, Reward: 245.17
2026-01-09 09:50:22,770 - INFO - main - Episode 380 ended. Length: 289, Reward: 247.68
2026-01-09 09:50:22,770 - INFO - main - Episode 380: Checking checkpoint (current_reward_rate=0.2965, best_reward_rate=0.2965)
2026-01-09 09:50:24,162 - INFO - main - Episode 381 ended. Length: 289, Reward: 246.65
2026-01-09 09:50:24,162 - INFO - main - Episode 382 ended. Length: 289, Reward: 246.90
2026-01-09 09:50:24,162 - INFO - main - Episode 383 ended. Length: 289, Reward: 247.71
2026-01-09 09:50:24,162 - INFO - main - Episode 384 ended. Length: 289, Reward: 247.45
2026-01-09 09:50:25,558 - INFO - main - Episode 385 ended. Length: 289, Reward: 244.33
2026-01-09 09:50:25,559 - INFO - main - Episode 386 ended. Length: 289, Reward: 245.50
2026-01-09 09:50:25,559 - INFO - main - Episode 387 ended. Length: 289, Reward: 247.70
2026-01-09 09:50:25,559 - INFO - main - Episode 388 ended. Length: 289, Reward: 248.66
2026-01-09 09:50:26,952 - INFO - main - Episode 389 ended. Length: 289, Reward: 241.53
2026-01-09 09:50:26,952 - INFO - main - Episode 390 ended. Length: 289, Reward: 247.49
2026-01-09 09:50:26,952 - INFO - main - Episode 391 ended. Length: 289, Reward: 246.62
2026-01-09 09:50:26,952 - INFO - main - Episode 392 ended. Length: 289, Reward: 246.99
2026-01-09 09:50:28,340 - INFO - main - Episode 393 ended. Length: 289, Reward: 249.21
2026-01-09 09:50:28,340 - INFO - main - Episode 394 ended. Length: 289, Reward: 243.27
2026-01-09 09:50:28,340 - INFO - main - Episode 395 ended. Length: 289, Reward: 242.48
2026-01-09 09:50:28,340 - INFO - main - Episode 396 ended. Length: 289, Reward: 242.71
2026-01-09 09:50:29,725 - INFO - main - Episode 397 ended. Length: 289, Reward: 245.30
2026-01-09 09:50:29,725 - INFO - main - Episode 398 ended. Length: 289, Reward: 245.47
2026-01-09 09:50:29,725 - INFO - main - Episode 399 ended. Length: 289, Reward: 244.74
2026-01-09 09:50:29,725 - INFO - main - Episode 400 ended. Length: 289, Reward: 247.02
2026-01-09 09:50:29,725 - INFO - main - Episode 400: Checking checkpoint (current_reward_rate=0.2965, best_reward_rate=0.2965)
2026-01-09 09:50:31,116 - INFO - main - Episode 401 ended. Length: 289, Reward: 244.51
2026-01-09 09:50:31,116 - INFO - main - Episode 402 ended. Length: 289, Reward: 244.97
2026-01-09 09:50:31,116 - INFO - main - Episode 403 ended. Length: 289, Reward: 246.84
2026-01-09 09:50:31,116 - INFO - main - Episode 404 ended. Length: 289, Reward: 247.08
2026-01-09 09:50:32,507 - INFO - main - Episode 405 ended. Length: 289, Reward: 246.56
2026-01-09 09:50:32,507 - INFO - main - Episode 406 ended. Length: 289, Reward: 246.36
2026-01-09 09:50:32,507 - INFO - main - Episode 407 ended. Length: 289, Reward: 243.14
2026-01-09 09:50:32,507 - INFO - main - Episode 408 ended. Length: 289, Reward: 245.69
2026-01-09 09:50:33,897 - INFO - main - Episode 409 ended. Length: 289, Reward: 245.23
2026-01-09 09:50:33,897 - INFO - main - Episode 410 ended. Length: 289, Reward: 248.74
2026-01-09 09:50:33,897 - INFO - main - Episode 411 ended. Length: 289, Reward: 246.11
2026-01-09 09:50:33,897 - INFO - main - Episode 412 ended. Length: 289, Reward: 245.22
2026-01-09 09:50:36,754 - INFO - main - Eval metrics - episode_return_mean: 257.0810, achieved_reward: 257.0810, reward_rate: 0.2965 (max_possible: 867.0)
2026-01-09 09:50:36,911 - INFO - main - Episode 413 ended. Length: 289, Reward: 246.80
2026-01-09 09:50:36,911 - INFO - main - Episode 414 ended. Length: 289, Reward: 245.25
2026-01-09 09:50:36,911 - INFO - main - Episode 415 ended. Length: 289, Reward: 243.43
2026-01-09 09:50:36,911 - INFO - main - Episode 416 ended. Length: 289, Reward: 243.98
2026-01-09 09:50:38,302 - INFO - main - Episode 417 ended. Length: 289, Reward: 245.57
2026-01-09 09:50:38,302 - INFO - main - Episode 418 ended. Length: 289, Reward: 247.88
2026-01-09 09:50:38,302 - INFO - main - Episode 419 ended. Length: 289, Reward: 245.15
2026-01-09 09:50:38,302 - INFO - main - Episode 420 ended. Length: 289, Reward: 245.21
2026-01-09 09:50:38,302 - INFO - main - Episode 420: Checking checkpoint (current_reward_rate=0.2965, best_reward_rate=0.2965)
2026-01-09 09:50:39,695 - INFO - main - Episode 421 ended. Length: 289, Reward: 245.35
2026-01-09 09:50:39,695 - INFO - main - Episode 422 ended. Length: 289, Reward: 245.64
2026-01-09 09:50:39,695 - INFO - main - Episode 423 ended. Length: 289, Reward: 244.40
2026-01-09 09:50:39,695 - INFO - main - Episode 424 ended. Length: 289, Reward: 245.75
2026-01-09 09:50:41,083 - INFO - main - Episode 425 ended. Length: 289, Reward: 248.19
2026-01-09 09:50:41,083 - INFO - main - Episode 426 ended. Length: 289, Reward: 248.30
2026-01-09 09:50:41,083 - INFO - main - Episode 427 ended. Length: 289, Reward: 247.54
2026-01-09 09:50:41,083 - INFO - main - Episode 428 ended. Length: 289, Reward: 242.25
2026-01-09 09:50:42,474 - INFO - main - Episode 429 ended. Length: 289, Reward: 248.05
2026-01-09 09:50:42,475 - INFO - main - Episode 430 ended. Length: 289, Reward: 249.87
2026-01-09 09:50:42,475 - INFO - main - Episode 431 ended. Length: 289, Reward: 247.06
2026-01-09 09:50:42,475 - INFO - main - Episode 432 ended. Length: 289, Reward: 248.81
2026-01-09 09:50:43,865 - INFO - main - Episode 433 ended. Length: 289, Reward: 250.22
2026-01-09 09:50:43,866 - INFO - main - Episode 434 ended. Length: 289, Reward: 250.70
2026-01-09 09:50:43,866 - INFO - main - Episode 435 ended. Length: 289, Reward: 246.33
2026-01-09 09:50:43,866 - INFO - main - Episode 436 ended. Length: 289, Reward: 247.66
2026-01-09 09:50:45,260 - INFO - main - Episode 437 ended. Length: 289, Reward: 247.86
2026-01-09 09:50:45,260 - INFO - main - Episode 438 ended. Length: 289, Reward: 246.58
2026-01-09 09:50:45,260 - INFO - main - Episode 439 ended. Length: 289, Reward: 242.17
2026-01-09 09:50:45,260 - INFO - main - Episode 440 ended. Length: 289, Reward: 246.34
2026-01-09 09:50:45,260 - INFO - main - Episode 440: Checking checkpoint (current_reward_rate=0.2965, best_reward_rate=0.2965)
2026-01-09 09:50:46,653 - INFO - main - Episode 441 ended. Length: 289, Reward: 247.95
2026-01-09 09:50:46,653 - INFO - main - Episode 442 ended. Length: 289, Reward: 246.29
2026-01-09 09:50:46,653 - INFO - main - Episode 443 ended. Length: 289, Reward: 245.06
2026-01-09 09:50:46,653 - INFO - main - Episode 444 ended. Length: 289, Reward: 245.70
2026-01-09 09:50:48,044 - INFO - main - Episode 445 ended. Length: 289, Reward: 246.63
2026-01-09 09:50:48,044 - INFO - main - Episode 446 ended. Length: 289, Reward: 246.16
2026-01-09 09:50:48,044 - INFO - main - Episode 447 ended. Length: 289, Reward: 244.78
2026-01-09 09:50:48,044 - INFO - main - Episode 448 ended. Length: 289, Reward: 247.80
2026-01-09 09:50:49,432 - INFO - main - Episode 449 ended. Length: 289, Reward: 246.95
2026-01-09 09:50:49,432 - INFO - main - Episode 450 ended. Length: 289, Reward: 245.85
2026-01-09 09:50:49,432 - INFO - main - Episode 451 ended. Length: 289, Reward: 246.15
2026-01-09 09:50:49,432 - INFO - main - Episode 452 ended. Length: 289, Reward: 246.79
2026-01-09 09:50:50,824 - INFO - main - Episode 453 ended. Length: 289, Reward: 246.18
2026-01-09 09:50:50,824 - INFO - main - Episode 454 ended. Length: 289, Reward: 248.39
2026-01-09 09:50:50,824 - INFO - main - Episode 455 ended. Length: 289, Reward: 248.30
2026-01-09 09:50:50,824 - INFO - main - Episode 456 ended. Length: 289, Reward: 247.44
2026-01-09 09:50:52,212 - INFO - main - Episode 457 ended. Length: 289, Reward: 247.53
2026-01-09 09:50:52,212 - INFO - main - Episode 458 ended. Length: 289, Reward: 241.86
2026-01-09 09:50:52,212 - INFO - main - Episode 459 ended. Length: 289, Reward: 249.78
2026-01-09 09:50:52,212 - INFO - main - Episode 460 ended. Length: 289, Reward: 247.64
2026-01-09 09:50:52,212 - INFO - main - Episode 460: Checking checkpoint (current_reward_rate=0.2965, best_reward_rate=0.2965)
2026-01-09 09:50:53,603 - INFO - main - Episode 461 ended. Length: 289, Reward: 247.07
2026-01-09 09:50:53,603 - INFO - main - Episode 462 ended. Length: 289, Reward: 245.23
2026-01-09 09:50:53,603 - INFO - main - Episode 463 ended. Length: 289, Reward: 242.56
2026-01-09 09:50:53,603 - INFO - main - Episode 464 ended. Length: 289, Reward: 249.07
2026-01-09 09:50:54,990 - INFO - main - Episode 465 ended. Length: 289, Reward: 242.47
2026-01-09 09:50:54,990 - INFO - main - Episode 466 ended. Length: 289, Reward: 244.72
2026-01-09 09:50:54,990 - INFO - main - Episode 467 ended. Length: 289, Reward: 243.21
2026-01-09 09:50:54,990 - INFO - main - Episode 468 ended. Length: 289, Reward: 246.32
2026-01-09 09:50:56,375 - INFO - main - Episode 469 ended. Length: 289, Reward: 246.15
2026-01-09 09:50:56,375 - INFO - main - Episode 470 ended. Length: 289, Reward: 244.25
2026-01-09 09:50:56,375 - INFO - main - Episode 471 ended. Length: 289, Reward: 245.14
2026-01-09 09:50:56,375 - INFO - main - Episode 472 ended. Length: 289, Reward: 245.83
2026-01-09 09:50:57,764 - INFO - main - Episode 473 ended. Length: 289, Reward: 241.89
2026-01-09 09:50:57,764 - INFO - main - Episode 474 ended. Length: 289, Reward: 245.31
2026-01-09 09:50:57,764 - INFO - main - Episode 475 ended. Length: 289, Reward: 245.07
2026-01-09 09:50:57,764 - INFO - main - Episode 476 ended. Length: 289, Reward: 245.83
2026-01-09 09:50:59,153 - INFO - main - Episode 477 ended. Length: 289, Reward: 245.95
2026-01-09 09:50:59,153 - INFO - main - Episode 478 ended. Length: 289, Reward: 244.54
2026-01-09 09:50:59,153 - INFO - main - Episode 479 ended. Length: 289, Reward: 243.10
2026-01-09 09:50:59,153 - INFO - main - Episode 480 ended. Length: 289, Reward: 240.84
2026-01-09 09:50:59,153 - INFO - main - Episode 480: Checking checkpoint (current_reward_rate=0.2965, best_reward_rate=0.2965)
2026-01-09 09:51:00,547 - INFO - main - Episode 481 ended. Length: 289, Reward: 240.40
2026-01-09 09:51:00,547 - INFO - main - Episode 482 ended. Length: 289, Reward: 245.71
2026-01-09 09:51:00,547 - INFO - main - Episode 483 ended. Length: 289, Reward: 246.66
2026-01-09 09:51:00,547 - INFO - main - Episode 484 ended. Length: 289, Reward: 244.90
2026-01-09 09:51:02,264 - INFO - main - Eval metrics - episode_return_mean: 257.0810, achieved_reward: 257.0810, reward_rate: 0.2965 (max_possible: 867.0)
2026-01-09 09:51:03,570 - INFO - main - Episode 485 ended. Length: 289, Reward: 247.29
2026-01-09 09:51:03,570 - INFO - main - Episode 486 ended. Length: 289, Reward: 247.03
2026-01-09 09:51:03,570 - INFO - main - Episode 487 ended. Length: 289, Reward: 243.91
2026-01-09 09:51:03,570 - INFO - main - Episode 488 ended. Length: 289, Reward: 246.58
2026-01-09 09:51:04,958 - INFO - main - Episode 489 ended. Length: 289, Reward: 248.33
2026-01-09 09:51:04,958 - INFO - main - Episode 490 ended. Length: 289, Reward: 249.41
2026-01-09 09:51:04,958 - INFO - main - Episode 491 ended. Length: 289, Reward: 247.46
2026-01-09 09:51:04,958 - INFO - main - Episode 492 ended. Length: 289, Reward: 247.29
2026-01-09 09:51:06,346 - INFO - main - Episode 493 ended. Length: 289, Reward: 248.69
2026-01-09 09:51:06,346 - INFO - main - Episode 494 ended. Length: 289, Reward: 249.99
2026-01-09 09:51:06,346 - INFO - main - Episode 495 ended. Length: 289, Reward: 245.78
2026-01-09 09:51:06,346 - INFO - main - Episode 496 ended. Length: 289, Reward: 249.61
2026-01-09 09:51:07,735 - INFO - main - Episode 497 ended. Length: 289, Reward: 247.47
2026-01-09 09:51:07,735 - INFO - main - Episode 498 ended. Length: 289, Reward: 245.95
2026-01-09 09:51:07,735 - INFO - main - Episode 499 ended. Length: 289, Reward: 248.91
2026-01-09 09:51:07,735 - INFO - main - Episode 500 ended. Length: 289, Reward: 249.45
2026-01-09 09:51:07,735 - INFO - main - Episode 500: Checking checkpoint (current_reward_rate=0.2965, best_reward_rate=0.2965)
2026-01-09 09:51:09,120 - INFO - main - Episode 501 ended. Length: 289, Reward: 248.04
2026-01-09 09:51:09,120 - INFO - main - Episode 502 ended. Length: 289, Reward: 249.02
2026-01-09 09:51:09,121 - INFO - main - Episode 503 ended. Length: 289, Reward: 250.69
2026-01-09 09:51:09,121 - INFO - main - Episode 504 ended. Length: 289, Reward: 249.61
2026-01-09 09:51:10,506 - INFO - main - Episode 505 ended. Length: 289, Reward: 248.53
2026-01-09 09:51:10,506 - INFO - main - Episode 506 ended. Length: 289, Reward: 247.29
2026-01-09 09:51:10,506 - INFO - main - Episode 507 ended. Length: 289, Reward: 249.68
2026-01-09 09:51:10,506 - INFO - main - Episode 508 ended. Length: 289, Reward: 248.83
2026-01-09 09:51:11,892 - INFO - main - Episode 509 ended. Length: 289, Reward: 246.81
2026-01-09 09:51:11,892 - INFO - main - Episode 510 ended. Length: 289, Reward: 247.80
2026-01-09 09:51:11,892 - INFO - main - Episode 511 ended. Length: 289, Reward: 248.12
2026-01-09 09:51:11,892 - INFO - main - Episode 512 ended. Length: 289, Reward: 246.05
2026-01-09 09:51:13,286 - INFO - main - Episode 513 ended. Length: 289, Reward: 248.15
2026-01-09 09:51:13,286 - INFO - main - Episode 514 ended. Length: 289, Reward: 248.25
2026-01-09 09:51:13,286 - INFO - main - Episode 515 ended. Length: 289, Reward: 250.91
2026-01-09 09:51:13,286 - INFO - main - Episode 516 ended. Length: 289, Reward: 248.97
2026-01-09 09:51:14,679 - INFO - main - Episode 517 ended. Length: 289, Reward: 248.08
2026-01-09 09:51:14,679 - INFO - main - Episode 518 ended. Length: 289, Reward: 251.03
2026-01-09 09:51:14,679 - INFO - main - Episode 519 ended. Length: 289, Reward: 248.16
2026-01-09 09:51:14,679 - INFO - main - Episode 520 ended. Length: 289, Reward: 247.98
2026-01-09 09:51:14,679 - INFO - main - Episode 520: Checking checkpoint (current_reward_rate=0.2965, best_reward_rate=0.2965)
2026-01-09 09:51:16,067 - INFO - main - Episode 521 ended. Length: 289, Reward: 248.66
2026-01-09 09:51:16,068 - INFO - main - Episode 522 ended. Length: 289, Reward: 249.42
2026-01-09 09:51:16,068 - INFO - main - Episode 523 ended. Length: 289, Reward: 247.61
2026-01-09 09:51:16,068 - INFO - main - Episode 524 ended. Length: 289, Reward: 248.41
2026-01-09 09:51:17,457 - INFO - main - Episode 525 ended. Length: 289, Reward: 249.34
2026-01-09 09:51:17,457 - INFO - main - Episode 526 ended. Length: 289, Reward: 249.04
2026-01-09 09:51:17,457 - INFO - main - Episode 527 ended. Length: 289, Reward: 247.24
2026-01-09 09:51:17,457 - INFO - main - Episode 528 ended. Length: 289, Reward: 250.05
2026-01-09 09:51:18,848 - INFO - main - Episode 529 ended. Length: 289, Reward: 248.68
2026-01-09 09:51:18,848 - INFO - main - Episode 530 ended. Length: 289, Reward: 247.23
2026-01-09 09:51:18,848 - INFO - main - Episode 531 ended. Length: 289, Reward: 249.47
2026-01-09 09:51:18,848 - INFO - main - Episode 532 ended. Length: 289, Reward: 245.86
2026-01-09 09:51:20,240 - INFO - main - Episode 533 ended. Length: 289, Reward: 247.96
2026-01-09 09:51:20,240 - INFO - main - Episode 534 ended. Length: 289, Reward: 248.26
2026-01-09 09:51:20,240 - INFO - main - Episode 535 ended. Length: 289, Reward: 247.78
2026-01-09 09:51:20,240 - INFO - main - Episode 536 ended. Length: 289, Reward: 249.52
2026-01-09 09:51:21,630 - INFO - main - Episode 537 ended. Length: 289, Reward: 247.08
2026-01-09 09:51:21,631 - INFO - main - Episode 538 ended. Length: 289, Reward: 248.15
2026-01-09 09:51:21,631 - INFO - main - Episode 539 ended. Length: 289, Reward: 250.27
2026-01-09 09:51:21,631 - INFO - main - Episode 540 ended. Length: 289, Reward: 249.29
2026-01-09 09:51:21,631 - INFO - main - Episode 540: Checking checkpoint (current_reward_rate=0.2965, best_reward_rate=0.2965)
2026-01-09 09:51:23,021 - INFO - main - Episode 541 ended. Length: 289, Reward: 246.96
2026-01-09 09:51:23,021 - INFO - main - Episode 542 ended. Length: 289, Reward: 247.24
2026-01-09 09:51:23,021 - INFO - main - Episode 543 ended. Length: 289, Reward: 246.18
2026-01-09 09:51:23,021 - INFO - main - Episode 544 ended. Length: 289, Reward: 248.81
2026-01-09 09:51:24,407 - INFO - main - Episode 545 ended. Length: 289, Reward: 249.63
2026-01-09 09:51:24,407 - INFO - main - Episode 546 ended. Length: 289, Reward: 247.52
2026-01-09 09:51:24,407 - INFO - main - Episode 547 ended. Length: 289, Reward: 249.53
2026-01-09 09:51:24,407 - INFO - main - Episode 548 ended. Length: 289, Reward: 248.53
2026-01-09 09:51:25,795 - INFO - main - Episode 549 ended. Length: 289, Reward: 248.96
2026-01-09 09:51:25,795 - INFO - main - Episode 550 ended. Length: 289, Reward: 248.89
2026-01-09 09:51:25,795 - INFO - main - Episode 551 ended. Length: 289, Reward: 249.42
2026-01-09 09:51:25,795 - INFO - main - Episode 552 ended. Length: 289, Reward: 250.29
2026-01-09 09:51:27,755 - INFO - main - Eval metrics - episode_return_mean: 257.0810, achieved_reward: 257.0810, reward_rate: 0.2965 (max_possible: 867.0)
2026-01-09 09:51:28,817 - INFO - main - Episode 553 ended. Length: 289, Reward: 249.32
2026-01-09 09:51:28,817 - INFO - main - Episode 554 ended. Length: 289, Reward: 248.44
2026-01-09 09:51:28,817 - INFO - main - Episode 555 ended. Length: 289, Reward: 249.42
2026-01-09 09:51:28,817 - INFO - main - Episode 556 ended. Length: 289, Reward: 247.98
2026-01-09 09:51:30,209 - INFO - main - Episode 557 ended. Length: 289, Reward: 246.52
2026-01-09 09:51:30,209 - INFO - main - Episode 558 ended. Length: 289, Reward: 247.58
2026-01-09 09:51:30,209 - INFO - main - Episode 559 ended. Length: 289, Reward: 248.10
2026-01-09 09:51:30,209 - INFO - main - Episode 560 ended. Length: 289, Reward: 247.71
2026-01-09 09:51:30,209 - INFO - main - Episode 560: Checking checkpoint (current_reward_rate=0.2965, best_reward_rate=0.2965)
2026-01-09 09:51:31,598 - INFO - main - Episode 561 ended. Length: 289, Reward: 249.90
2026-01-09 09:51:31,598 - INFO - main - Episode 562 ended. Length: 289, Reward: 249.60
2026-01-09 09:51:31,598 - INFO - main - Episode 563 ended. Length: 289, Reward: 246.32
2026-01-09 09:51:31,598 - INFO - main - Episode 564 ended. Length: 289, Reward: 247.72
2026-01-09 09:51:32,988 - INFO - main - Episode 565 ended. Length: 289, Reward: 249.40
2026-01-09 09:51:32,988 - INFO - main - Episode 566 ended. Length: 289, Reward: 249.22
2026-01-09 09:51:32,988 - INFO - main - Episode 567 ended. Length: 289, Reward: 246.35
2026-01-09 09:51:32,988 - INFO - main - Episode 568 ended. Length: 289, Reward: 246.76
2026-01-09 09:51:34,379 - INFO - main - Episode 569 ended. Length: 289, Reward: 248.80
2026-01-09 09:51:34,379 - INFO - main - Episode 570 ended. Length: 289, Reward: 250.23
2026-01-09 09:51:34,379 - INFO - main - Episode 571 ended. Length: 289, Reward: 249.33
2026-01-09 09:51:34,379 - INFO - main - Episode 572 ended. Length: 289, Reward: 249.76
2026-01-09 09:51:35,765 - INFO - main - Episode 573 ended. Length: 289, Reward: 246.53
2026-01-09 09:51:35,765 - INFO - main - Episode 574 ended. Length: 289, Reward: 250.05
2026-01-09 09:51:35,765 - INFO - main - Episode 575 ended. Length: 289, Reward: 248.91
2026-01-09 09:51:35,765 - INFO - main - Episode 576 ended. Length: 289, Reward: 250.47
2026-01-09 09:51:37,153 - INFO - main - Episode 577 ended. Length: 289, Reward: 249.30
2026-01-09 09:51:37,153 - INFO - main - Episode 578 ended. Length: 289, Reward: 249.65
2026-01-09 09:51:37,153 - INFO - main - Episode 579 ended. Length: 289, Reward: 250.95
2026-01-09 09:51:37,153 - INFO - main - Episode 580 ended. Length: 289, Reward: 248.39
2026-01-09 09:51:37,153 - INFO - main - Episode 580: Checking checkpoint (current_reward_rate=0.2965, best_reward_rate=0.2965)
2026-01-09 09:51:38,539 - INFO - main - Episode 581 ended. Length: 289, Reward: 248.08
2026-01-09 09:51:38,539 - INFO - main - Episode 582 ended. Length: 289, Reward: 246.84
2026-01-09 09:51:38,539 - INFO - main - Episode 583 ended. Length: 289, Reward: 248.38
2026-01-09 09:51:38,539 - INFO - main - Episode 584 ended. Length: 289, Reward: 248.78
2026-01-09 09:51:39,929 - INFO - main - Episode 585 ended. Length: 289, Reward: 248.82
2026-01-09 09:51:39,929 - INFO - main - Episode 586 ended. Length: 289, Reward: 249.58
2026-01-09 09:51:39,929 - INFO - main - Episode 587 ended. Length: 289, Reward: 249.22
2026-01-09 09:51:39,929 - INFO - main - Episode 588 ended. Length: 289, Reward: 248.33
2026-01-09 09:51:41,319 - INFO - main - Episode 589 ended. Length: 289, Reward: 249.89
2026-01-09 09:51:41,319 - INFO - main - Episode 590 ended. Length: 289, Reward: 249.76
2026-01-09 09:51:41,319 - INFO - main - Episode 591 ended. Length: 289, Reward: 247.62
2026-01-09 09:51:41,319 - INFO - main - Episode 592 ended. Length: 289, Reward: 249.79
2026-01-09 09:51:42,706 - INFO - main - Episode 593 ended. Length: 289, Reward: 249.43
2026-01-09 09:51:42,706 - INFO - main - Episode 594 ended. Length: 289, Reward: 249.59
2026-01-09 09:51:42,706 - INFO - main - Episode 595 ended. Length: 289, Reward: 250.21
2026-01-09 09:51:42,706 - INFO - main - Episode 596 ended. Length: 289, Reward: 249.01
2026-01-09 09:51:44,097 - INFO - main - Episode 597 ended. Length: 289, Reward: 249.25
2026-01-09 09:51:44,097 - INFO - main - Episode 598 ended. Length: 289, Reward: 249.15
2026-01-09 09:51:44,097 - INFO - main - Episode 599 ended. Length: 289, Reward: 247.83
2026-01-09 09:51:44,097 - INFO - main - Episode 600 ended. Length: 289, Reward: 249.37
2026-01-09 09:51:44,097 - INFO - main - Episode 600: Checking checkpoint (current_reward_rate=0.2965, best_reward_rate=0.2965)
2026-01-09 09:51:45,487 - INFO - main - Episode 601 ended. Length: 289, Reward: 248.18
2026-01-09 09:51:45,487 - INFO - main - Episode 602 ended. Length: 289, Reward: 251.22
2026-01-09 09:51:45,487 - INFO - main - Episode 603 ended. Length: 289, Reward: 249.48
2026-01-09 09:51:45,487 - INFO - main - Episode 604 ended. Length: 289, Reward: 251.06
2026-01-09 09:51:46,875 - INFO - main - Episode 605 ended. Length: 289, Reward: 249.34
2026-01-09 09:51:46,875 - INFO - main - Episode 606 ended. Length: 289, Reward: 250.35
2026-01-09 09:51:46,875 - INFO - main - Episode 607 ended. Length: 289, Reward: 249.30
2026-01-09 09:51:46,875 - INFO - main - Episode 608 ended. Length: 289, Reward: 248.14
2026-01-09 09:51:48,265 - INFO - main - Episode 609 ended. Length: 289, Reward: 250.23
2026-01-09 09:51:48,265 - INFO - main - Episode 610 ended. Length: 289, Reward: 249.62
2026-01-09 09:51:48,265 - INFO - main - Episode 611 ended. Length: 289, Reward: 248.80
2026-01-09 09:51:48,265 - INFO - main - Episode 612 ended. Length: 289, Reward: 249.74
2026-01-09 09:51:49,654 - INFO - main - Episode 613 ended. Length: 289, Reward: 248.51
2026-01-09 09:51:49,654 - INFO - main - Episode 614 ended. Length: 289, Reward: 250.42
2026-01-09 09:51:49,654 - INFO - main - Episode 615 ended. Length: 289, Reward: 248.29
2026-01-09 09:51:49,654 - INFO - main - Episode 616 ended. Length: 289, Reward: 250.07
2026-01-09 09:51:51,047 - INFO - main - Episode 617 ended. Length: 289, Reward: 249.15
2026-01-09 09:51:51,047 - INFO - main - Episode 618 ended. Length: 289, Reward: 249.55
2026-01-09 09:51:51,047 - INFO - main - Episode 619 ended. Length: 289, Reward: 251.55
2026-01-09 09:51:51,047 - INFO - main - Episode 620 ended. Length: 289, Reward: 252.42
2026-01-09 09:51:51,047 - INFO - main - Episode 620: Checking checkpoint (current_reward_rate=0.2965, best_reward_rate=0.2965)
2026-01-09 09:51:53,830 - INFO - main - Eval metrics - episode_return_mean: 257.0810, achieved_reward: 257.0810, reward_rate: 0.2965 (max_possible: 867.0)
2026-01-09 09:51:54,063 - INFO - main - Episode 621 ended. Length: 289, Reward: 249.43
2026-01-09 09:51:54,063 - INFO - main - Episode 622 ended. Length: 289, Reward: 248.01
2026-01-09 09:51:54,063 - INFO - main - Episode 623 ended. Length: 289, Reward: 250.27
2026-01-09 09:51:54,063 - INFO - main - Episode 624 ended. Length: 289, Reward: 250.03
2026-01-09 09:51:55,452 - INFO - main - Episode 625 ended. Length: 289, Reward: 249.82
2026-01-09 09:51:55,452 - INFO - main - Episode 626 ended. Length: 289, Reward: 247.77
2026-01-09 09:51:55,452 - INFO - main - Episode 627 ended. Length: 289, Reward: 251.14
2026-01-09 09:51:55,452 - INFO - main - Episode 628 ended. Length: 289, Reward: 250.70
2026-01-09 09:51:56,846 - INFO - main - Episode 629 ended. Length: 289, Reward: 250.67
2026-01-09 09:51:56,846 - INFO - main - Episode 630 ended. Length: 289, Reward: 251.82
2026-01-09 09:51:56,846 - INFO - main - Episode 631 ended. Length: 289, Reward: 250.96
2026-01-09 09:51:56,846 - INFO - main - Episode 632 ended. Length: 289, Reward: 249.18
2026-01-09 09:51:58,241 - INFO - main - Episode 633 ended. Length: 289, Reward: 249.92
2026-01-09 09:51:58,242 - INFO - main - Episode 634 ended. Length: 289, Reward: 250.34
2026-01-09 09:51:58,242 - INFO - main - Episode 635 ended. Length: 289, Reward: 249.51
2026-01-09 09:51:58,242 - INFO - main - Episode 636 ended. Length: 289, Reward: 251.44
2026-01-09 09:51:59,633 - INFO - main - Episode 637 ended. Length: 289, Reward: 249.74
2026-01-09 09:51:59,633 - INFO - main - Episode 638 ended. Length: 289, Reward: 250.51
2026-01-09 09:51:59,633 - INFO - main - Episode 639 ended. Length: 289, Reward: 252.01
2026-01-09 09:51:59,633 - INFO - main - Episode 640 ended. Length: 289, Reward: 250.93
2026-01-09 09:51:59,633 - INFO - main - Episode 640: Checking checkpoint (current_reward_rate=0.2965, best_reward_rate=0.2965)
2026-01-09 09:52:01,026 - INFO - main - Episode 641 ended. Length: 289, Reward: 251.82
2026-01-09 09:52:01,026 - INFO - main - Episode 642 ended. Length: 289, Reward: 250.42
2026-01-09 09:52:01,026 - INFO - main - Episode 643 ended. Length: 289, Reward: 251.89
2026-01-09 09:52:01,026 - INFO - main - Episode 644 ended. Length: 289, Reward: 249.78
2026-01-09 09:52:02,415 - INFO - main - Episode 645 ended. Length: 289, Reward: 251.33
2026-01-09 09:52:02,415 - INFO - main - Episode 646 ended. Length: 289, Reward: 251.45
2026-01-09 09:52:02,415 - INFO - main - Episode 647 ended. Length: 289, Reward: 249.77
2026-01-09 09:52:02,415 - INFO - main - Episode 648 ended. Length: 289, Reward: 250.53
2026-01-09 09:52:03,808 - INFO - main - Episode 649 ended. Length: 289, Reward: 252.08
2026-01-09 09:52:03,808 - INFO - main - Episode 650 ended. Length: 289, Reward: 249.74
2026-01-09 09:52:03,808 - INFO - main - Episode 651 ended. Length: 289, Reward: 249.78
2026-01-09 09:52:03,808 - INFO - main - Episode 652 ended. Length: 289, Reward: 250.15
2026-01-09 09:52:05,195 - INFO - main - Episode 653 ended. Length: 289, Reward: 250.07
2026-01-09 09:52:05,195 - INFO - main - Episode 654 ended. Length: 289, Reward: 251.11
2026-01-09 09:52:05,195 - INFO - main - Episode 655 ended. Length: 289, Reward: 251.18
2026-01-09 09:52:05,195 - INFO - main - Episode 656 ended. Length: 289, Reward: 250.37
2026-01-09 09:52:06,585 - INFO - main - Episode 657 ended. Length: 289, Reward: 251.70
2026-01-09 09:52:06,585 - INFO - main - Episode 658 ended. Length: 289, Reward: 249.71
2026-01-09 09:52:06,585 - INFO - main - Episode 659 ended. Length: 289, Reward: 250.58
2026-01-09 09:52:06,585 - INFO - main - Episode 660 ended. Length: 289, Reward: 251.42
2026-01-09 09:52:06,585 - INFO - main - Episode 660: Checking checkpoint (current_reward_rate=0.2965, best_reward_rate=0.2965)
2026-01-09 09:52:07,975 - INFO - main - Episode 661 ended. Length: 289, Reward: 249.54
2026-01-09 09:52:07,976 - INFO - main - Episode 662 ended. Length: 289, Reward: 249.76
2026-01-09 09:52:07,976 - INFO - main - Episode 663 ended. Length: 289, Reward: 249.93
2026-01-09 09:52:07,976 - INFO - main - Episode 664 ended. Length: 289, Reward: 250.44
2026-01-09 09:52:09,367 - INFO - main - Episode 665 ended. Length: 289, Reward: 251.83
2026-01-09 09:52:09,367 - INFO - main - Episode 666 ended. Length: 289, Reward: 250.09
2026-01-09 09:52:09,367 - INFO - main - Episode 667 ended. Length: 289, Reward: 250.33
2026-01-09 09:52:09,367 - INFO - main - Episode 668 ended. Length: 289, Reward: 250.57
2026-01-09 09:52:10,755 - INFO - main - Episode 669 ended. Length: 289, Reward: 250.54
2026-01-09 09:52:10,755 - INFO - main - Episode 670 ended. Length: 289, Reward: 251.11
2026-01-09 09:52:10,756 - INFO - main - Episode 671 ended. Length: 289, Reward: 248.75
2026-01-09 09:52:10,756 - INFO - main - Episode 672 ended. Length: 289, Reward: 250.17
2026-01-09 09:52:12,145 - INFO - main - Episode 673 ended. Length: 289, Reward: 250.33
2026-01-09 09:52:12,145 - INFO - main - Episode 674 ended. Length: 289, Reward: 249.79
2026-01-09 09:52:12,145 - INFO - main - Episode 675 ended. Length: 289, Reward: 251.11
2026-01-09 09:52:12,145 - INFO - main - Episode 676 ended. Length: 289, Reward: 249.21
2026-01-09 09:52:13,536 - INFO - main - Episode 677 ended. Length: 289, Reward: 249.61
2026-01-09 09:52:13,536 - INFO - main - Episode 678 ended. Length: 289, Reward: 251.48
2026-01-09 09:52:13,536 - INFO - main - Episode 679 ended. Length: 289, Reward: 249.82
2026-01-09 09:52:13,536 - INFO - main - Episode 680 ended. Length: 289, Reward: 249.76
2026-01-09 09:52:13,536 - INFO - main - Episode 680: Checking checkpoint (current_reward_rate=0.2965, best_reward_rate=0.2965)
2026-01-09 09:52:14,933 - INFO - main - Episode 681 ended. Length: 289, Reward: 249.97
2026-01-09 09:52:14,934 - INFO - main - Episode 682 ended. Length: 289, Reward: 249.15
2026-01-09 09:52:14,934 - INFO - main - Episode 683 ended. Length: 289, Reward: 249.56
2026-01-09 09:52:14,934 - INFO - main - Episode 684 ended. Length: 289, Reward: 250.63
2026-01-09 09:52:16,326 - INFO - main - Episode 685 ended. Length: 289, Reward: 249.96
2026-01-09 09:52:16,327 - INFO - main - Episode 686 ended. Length: 289, Reward: 250.03
2026-01-09 09:52:16,327 - INFO - main - Episode 687 ended. Length: 289, Reward: 249.17
2026-01-09 09:52:16,327 - INFO - main - Episode 688 ended. Length: 289, Reward: 250.93
2026-01-09 09:52:17,720 - INFO - main - Episode 689 ended. Length: 289, Reward: 250.29
2026-01-09 09:52:17,720 - INFO - main - Episode 690 ended. Length: 289, Reward: 251.63
2026-01-09 09:52:17,720 - INFO - main - Episode 691 ended. Length: 289, Reward: 249.11
2026-01-09 09:52:17,720 - INFO - main - Episode 692 ended. Length: 289, Reward: 249.27
2026-01-09 09:52:19,358 - INFO - main - Eval metrics - episode_return_mean: 257.0810, achieved_reward: 257.0810, reward_rate: 0.2965 (max_possible: 867.0)
2026-01-09 09:52:20,739 - INFO - main - Episode 693 ended. Length: 289, Reward: 250.55
2026-01-09 09:52:20,739 - INFO - main - Episode 694 ended. Length: 289, Reward: 250.24
2026-01-09 09:52:20,739 - INFO - main - Episode 695 ended. Length: 289, Reward: 249.11
2026-01-09 09:52:20,739 - INFO - main - Episode 696 ended. Length: 289, Reward: 250.23
2026-01-09 09:52:22,126 - INFO - main - Episode 697 ended. Length: 289, Reward: 249.97
2026-01-09 09:52:22,126 - INFO - main - Episode 698 ended. Length: 289, Reward: 250.06
2026-01-09 09:52:22,126 - INFO - main - Episode 699 ended. Length: 289, Reward: 250.69
2026-01-09 09:52:22,126 - INFO - main - Episode 700 ended. Length: 289, Reward: 252.50
2026-01-09 09:52:22,126 - INFO - main - Episode 700: Checking checkpoint (current_reward_rate=0.2965, best_reward_rate=0.2965)
2026-01-09 09:52:23,507 - INFO - main - Episode 701 ended. Length: 289, Reward: 249.68
2026-01-09 09:52:23,507 - INFO - main - Episode 702 ended. Length: 289, Reward: 248.88
2026-01-09 09:52:23,508 - INFO - main - Episode 703 ended. Length: 289, Reward: 249.77
2026-01-09 09:52:23,508 - INFO - main - Episode 704 ended. Length: 289, Reward: 249.57
2026-01-09 09:52:24,892 - INFO - main - Episode 705 ended. Length: 289, Reward: 248.99
2026-01-09 09:52:24,892 - INFO - main - Episode 706 ended. Length: 289, Reward: 253.66
2026-01-09 09:52:24,892 - INFO - main - Episode 707 ended. Length: 289, Reward: 251.57
2026-01-09 09:52:24,892 - INFO - main - Episode 708 ended. Length: 289, Reward: 250.69
2026-01-09 09:52:26,281 - INFO - main - Episode 709 ended. Length: 289, Reward: 251.44
2026-01-09 09:52:26,282 - INFO - main - Episode 710 ended. Length: 289, Reward: 249.18
2026-01-09 09:52:26,282 - INFO - main - Episode 711 ended. Length: 289, Reward: 250.91
2026-01-09 09:52:26,282 - INFO - main - Episode 712 ended. Length: 289, Reward: 251.21
2026-01-09 09:52:27,670 - INFO - main - Episode 713 ended. Length: 289, Reward: 251.29
2026-01-09 09:52:27,670 - INFO - main - Episode 714 ended. Length: 289, Reward: 249.36
2026-01-09 09:52:27,670 - INFO - main - Episode 715 ended. Length: 289, Reward: 250.03
2026-01-09 09:52:27,670 - INFO - main - Episode 716 ended. Length: 289, Reward: 249.79
2026-01-09 09:52:29,060 - INFO - main - Episode 717 ended. Length: 289, Reward: 250.50
2026-01-09 09:52:29,060 - INFO - main - Episode 718 ended. Length: 289, Reward: 249.97
2026-01-09 09:52:29,060 - INFO - main - Episode 719 ended. Length: 289, Reward: 250.14
2026-01-09 09:52:29,060 - INFO - main - Episode 720 ended. Length: 289, Reward: 250.16
2026-01-09 09:52:29,061 - INFO - main - Episode 720: Checking checkpoint (current_reward_rate=0.2965, best_reward_rate=0.2965)
2026-01-09 09:52:30,446 - INFO - main - Episode 721 ended. Length: 289, Reward: 250.65
2026-01-09 09:52:30,447 - INFO - main - Episode 722 ended. Length: 289, Reward: 250.05
2026-01-09 09:52:30,447 - INFO - main - Episode 723 ended. Length: 289, Reward: 250.74
2026-01-09 09:52:30,447 - INFO - main - Episode 724 ended. Length: 289, Reward: 252.00
2026-01-09 09:52:31,836 - INFO - main - Episode 725 ended. Length: 289, Reward: 248.13
2026-01-09 09:52:31,836 - INFO - main - Episode 726 ended. Length: 289, Reward: 249.79
2026-01-09 09:52:31,836 - INFO - main - Episode 727 ended. Length: 289, Reward: 249.75
2026-01-09 09:52:31,836 - INFO - main - Episode 728 ended. Length: 289, Reward: 252.04
2026-01-09 09:52:33,224 - INFO - main - Episode 729 ended. Length: 289, Reward: 250.50
2026-01-09 09:52:33,224 - INFO - main - Episode 730 ended. Length: 289, Reward: 250.44
2026-01-09 09:52:33,224 - INFO - main - Episode 731 ended. Length: 289, Reward: 250.69
2026-01-09 09:52:33,224 - INFO - main - Episode 732 ended. Length: 289, Reward: 251.52
2026-01-09 09:52:34,611 - INFO - main - Episode 733 ended. Length: 289, Reward: 252.18
2026-01-09 09:52:34,611 - INFO - main - Episode 734 ended. Length: 289, Reward: 251.02
2026-01-09 09:52:34,612 - INFO - main - Episode 735 ended. Length: 289, Reward: 250.74
2026-01-09 09:52:34,612 - INFO - main - Episode 736 ended. Length: 289, Reward: 249.94
2026-01-09 09:52:36,000 - INFO - main - Episode 737 ended. Length: 289, Reward: 250.48
2026-01-09 09:52:36,000 - INFO - main - Episode 738 ended. Length: 289, Reward: 250.27
2026-01-09 09:52:36,000 - INFO - main - Episode 739 ended. Length: 289, Reward: 248.93
2026-01-09 09:52:36,000 - INFO - main - Episode 740 ended. Length: 289, Reward: 248.86
2026-01-09 09:52:36,000 - INFO - main - Episode 740: Checking checkpoint (current_reward_rate=0.2965, best_reward_rate=0.2965)
2026-01-09 09:52:37,388 - INFO - main - Episode 741 ended. Length: 289, Reward: 249.55
2026-01-09 09:52:37,388 - INFO - main - Episode 742 ended. Length: 289, Reward: 251.42
2026-01-09 09:52:37,388 - INFO - main - Episode 743 ended. Length: 289, Reward: 250.59
2026-01-09 09:52:37,388 - INFO - main - Episode 744 ended. Length: 289, Reward: 250.41
2026-01-09 09:52:38,773 - INFO - main - Episode 745 ended. Length: 289, Reward: 249.18
2026-01-09 09:52:38,773 - INFO - main - Episode 746 ended. Length: 289, Reward: 250.48
2026-01-09 09:52:38,773 - INFO - main - Episode 747 ended. Length: 289, Reward: 249.13
2026-01-09 09:52:38,773 - INFO - main - Episode 748 ended. Length: 289, Reward: 250.75
2026-01-09 09:52:40,158 - INFO - main - Episode 749 ended. Length: 289, Reward: 249.41
2026-01-09 09:52:40,158 - INFO - main - Episode 750 ended. Length: 289, Reward: 250.06
2026-01-09 09:52:40,158 - INFO - main - Episode 751 ended. Length: 289, Reward: 250.71
2026-01-09 09:52:40,158 - INFO - main - Episode 752 ended. Length: 289, Reward: 250.61
2026-01-09 09:52:41,545 - INFO - main - Episode 753 ended. Length: 289, Reward: 249.68
2026-01-09 09:52:41,545 - INFO - main - Episode 754 ended. Length: 289, Reward: 251.00
2026-01-09 09:52:41,545 - INFO - main - Episode 755 ended. Length: 289, Reward: 249.36
2026-01-09 09:52:41,545 - INFO - main - Episode 756 ended. Length: 289, Reward: 250.17
2026-01-09 09:52:42,937 - INFO - main - Episode 757 ended. Length: 289, Reward: 251.25
2026-01-09 09:52:42,937 - INFO - main - Episode 758 ended. Length: 289, Reward: 249.15
2026-01-09 09:52:42,937 - INFO - main - Episode 759 ended. Length: 289, Reward: 250.30
2026-01-09 09:52:42,937 - INFO - main - Episode 760 ended. Length: 289, Reward: 250.28
2026-01-09 09:52:42,937 - INFO - main - Episode 760: Checking checkpoint (current_reward_rate=0.2965, best_reward_rate=0.2965)
2026-01-09 09:52:44,816 - INFO - main - Eval metrics - episode_return_mean: 257.0810, achieved_reward: 257.0810, reward_rate: 0.2965 (max_possible: 867.0)
2026-01-09 09:52:45,957 - INFO - main - Episode 761 ended. Length: 289, Reward: 252.01
2026-01-09 09:52:45,957 - INFO - main - Episode 762 ended. Length: 289, Reward: 248.99
2026-01-09 09:52:45,957 - INFO - main - Episode 763 ended. Length: 289, Reward: 252.59
2026-01-09 09:52:45,958 - INFO - main - Episode 764 ended. Length: 289, Reward: 248.73
2026-01-09 09:52:47,350 - INFO - main - Episode 765 ended. Length: 289, Reward: 251.74
2026-01-09 09:52:47,350 - INFO - main - Episode 766 ended. Length: 289, Reward: 252.49
2026-01-09 09:52:47,350 - INFO - main - Episode 767 ended. Length: 289, Reward: 251.60
2026-01-09 09:52:47,350 - INFO - main - Episode 768 ended. Length: 289, Reward: 251.36
2026-01-09 09:52:48,739 - INFO - main - Episode 769 ended. Length: 289, Reward: 252.20
2026-01-09 09:52:48,739 - INFO - main - Episode 770 ended. Length: 289, Reward: 251.41
2026-01-09 09:52:48,739 - INFO - main - Episode 771 ended. Length: 289, Reward: 252.21
2026-01-09 09:52:48,739 - INFO - main - Episode 772 ended. Length: 289, Reward: 252.25
2026-01-09 09:52:50,128 - INFO - main - Episode 773 ended. Length: 289, Reward: 252.25
2026-01-09 09:52:50,128 - INFO - main - Episode 774 ended. Length: 289, Reward: 252.26
2026-01-09 09:52:50,128 - INFO - main - Episode 775 ended. Length: 289, Reward: 251.16
2026-01-09 09:52:50,128 - INFO - main - Episode 776 ended. Length: 289, Reward: 250.31
2026-01-09 09:52:51,514 - INFO - main - Episode 777 ended. Length: 289, Reward: 250.68
2026-01-09 09:52:51,514 - INFO - main - Episode 778 ended. Length: 289, Reward: 250.14
2026-01-09 09:52:51,514 - INFO - main - Episode 779 ended. Length: 289, Reward: 249.89
2026-01-09 09:52:51,514 - INFO - main - Episode 780 ended. Length: 289, Reward: 251.64
2026-01-09 09:52:51,514 - INFO - main - Episode 780: Checking checkpoint (current_reward_rate=0.2965, best_reward_rate=0.2965)
2026-01-09 09:52:52,903 - INFO - main - Episode 781 ended. Length: 289, Reward: 251.05
2026-01-09 09:52:52,903 - INFO - main - Episode 782 ended. Length: 289, Reward: 248.83
2026-01-09 09:52:52,903 - INFO - main - Episode 783 ended. Length: 289, Reward: 249.52
2026-01-09 09:52:52,903 - INFO - main - Episode 784 ended. Length: 289, Reward: 248.58
2026-01-09 09:52:54,294 - INFO - main - Episode 785 ended. Length: 289, Reward: 250.74
2026-01-09 09:52:54,294 - INFO - main - Episode 786 ended. Length: 289, Reward: 250.48
2026-01-09 09:52:54,294 - INFO - main - Episode 787 ended. Length: 289, Reward: 250.95
2026-01-09 09:52:54,294 - INFO - main - Episode 788 ended. Length: 289, Reward: 249.61
2026-01-09 09:52:55,686 - INFO - main - Episode 789 ended. Length: 289, Reward: 251.33
2026-01-09 09:52:55,686 - INFO - main - Episode 790 ended. Length: 289, Reward: 251.21
2026-01-09 09:52:55,686 - INFO - main - Episode 791 ended. Length: 289, Reward: 251.62
2026-01-09 09:52:55,686 - INFO - main - Episode 792 ended. Length: 289, Reward: 249.09
2026-01-09 09:52:57,077 - INFO - main - Episode 793 ended. Length: 289, Reward: 249.45
2026-01-09 09:52:57,077 - INFO - main - Episode 794 ended. Length: 289, Reward: 251.54
2026-01-09 09:52:57,077 - INFO - main - Episode 795 ended. Length: 289, Reward: 251.13
2026-01-09 09:52:57,077 - INFO - main - Episode 796 ended. Length: 289, Reward: 250.06
2026-01-09 09:52:58,467 - INFO - main - Episode 797 ended. Length: 289, Reward: 248.51
2026-01-09 09:52:58,467 - INFO - main - Episode 798 ended. Length: 289, Reward: 251.81
2026-01-09 09:52:58,467 - INFO - main - Episode 799 ended. Length: 289, Reward: 252.09
2026-01-09 09:52:58,467 - INFO - main - Episode 800 ended. Length: 289, Reward: 250.27
2026-01-09 09:52:58,467 - INFO - main - Episode 800: Checking checkpoint (current_reward_rate=0.2965, best_reward_rate=0.2965)
2026-01-09 09:52:59,851 - INFO - main - Episode 801 ended. Length: 289, Reward: 249.62
2026-01-09 09:52:59,851 - INFO - main - Episode 802 ended. Length: 289, Reward: 249.93
2026-01-09 09:52:59,851 - INFO - main - Episode 803 ended. Length: 289, Reward: 248.37
2026-01-09 09:52:59,851 - INFO - main - Episode 804 ended. Length: 289, Reward: 249.71
2026-01-09 09:53:01,242 - INFO - main - Episode 805 ended. Length: 289, Reward: 249.46
2026-01-09 09:53:01,242 - INFO - main - Episode 806 ended. Length: 289, Reward: 250.32
2026-01-09 09:53:01,242 - INFO - main - Episode 807 ended. Length: 289, Reward: 248.54
2026-01-09 09:53:01,242 - INFO - main - Episode 808 ended. Length: 289, Reward: 251.38
2026-01-09 09:53:02,630 - INFO - main - Episode 809 ended. Length: 289, Reward: 249.65
2026-01-09 09:53:02,630 - INFO - main - Episode 810 ended. Length: 289, Reward: 250.45
2026-01-09 09:53:02,630 - INFO - main - Episode 811 ended. Length: 289, Reward: 248.22
2026-01-09 09:53:02,630 - INFO - main - Episode 812 ended. Length: 289, Reward: 249.34
2026-01-09 09:53:04,030 - INFO - main - Episode 813 ended. Length: 289, Reward: 251.55
2026-01-09 09:53:04,030 - INFO - main - Episode 814 ended. Length: 289, Reward: 249.22
2026-01-09 09:53:04,030 - INFO - main - Episode 815 ended. Length: 289, Reward: 249.63
2026-01-09 09:53:04,030 - INFO - main - Episode 816 ended. Length: 289, Reward: 251.02
2026-01-09 09:53:05,424 - INFO - main - Episode 817 ended. Length: 289, Reward: 252.60
2026-01-09 09:53:05,424 - INFO - main - Episode 818 ended. Length: 289, Reward: 250.90
2026-01-09 09:53:05,424 - INFO - main - Episode 819 ended. Length: 289, Reward: 251.59
2026-01-09 09:53:05,424 - INFO - main - Episode 820 ended. Length: 289, Reward: 250.19
2026-01-09 09:53:05,424 - INFO - main - Episode 820: Checking checkpoint (current_reward_rate=0.2965, best_reward_rate=0.2965)
2026-01-09 09:53:06,813 - INFO - main - Episode 821 ended. Length: 289, Reward: 251.39
2026-01-09 09:53:06,813 - INFO - main - Episode 822 ended. Length: 289, Reward: 249.67
2026-01-09 09:53:06,813 - INFO - main - Episode 823 ended. Length: 289, Reward: 249.81
2026-01-09 09:53:06,813 - INFO - main - Episode 824 ended. Length: 289, Reward: 251.94
2026-01-09 09:53:08,215 - INFO - main - Episode 825 ended. Length: 289, Reward: 251.65
2026-01-09 09:53:08,216 - INFO - main - Episode 826 ended. Length: 289, Reward: 249.29
2026-01-09 09:53:08,216 - INFO - main - Episode 827 ended. Length: 289, Reward: 249.49
2026-01-09 09:53:08,216 - INFO - main - Episode 828 ended. Length: 289, Reward: 249.74
2026-01-09 09:53:10,919 - INFO - main - Eval metrics - episode_return_mean: 257.0810, achieved_reward: 257.0810, reward_rate: 0.2965 (max_possible: 867.0)
2026-01-09 09:53:11,231 - INFO - main - Episode 829 ended. Length: 289, Reward: 251.22
2026-01-09 09:53:11,231 - INFO - main - Episode 830 ended. Length: 289, Reward: 250.13
2026-01-09 09:53:11,231 - INFO - main - Episode 831 ended. Length: 289, Reward: 249.95
2026-01-09 09:53:11,231 - INFO - main - Episode 832 ended. Length: 289, Reward: 250.07
2026-01-09 09:53:12,624 - INFO - main - Episode 833 ended. Length: 289, Reward: 250.77
2026-01-09 09:53:12,624 - INFO - main - Episode 834 ended. Length: 289, Reward: 250.17
2026-01-09 09:53:12,624 - INFO - main - Episode 835 ended. Length: 289, Reward: 251.40
2026-01-09 09:53:12,624 - INFO - main - Episode 836 ended. Length: 289, Reward: 250.88
2026-01-09 09:53:14,012 - INFO - main - Episode 837 ended. Length: 289, Reward: 249.95
2026-01-09 09:53:14,012 - INFO - main - Episode 838 ended. Length: 289, Reward: 250.95
2026-01-09 09:53:14,012 - INFO - main - Episode 839 ended. Length: 289, Reward: 249.22
2026-01-09 09:53:14,012 - INFO - main - Episode 840 ended. Length: 289, Reward: 251.27
2026-01-09 09:53:14,012 - INFO - main - Episode 840: Checking checkpoint (current_reward_rate=0.2965, best_reward_rate=0.2965)
2026-01-09 09:53:15,402 - INFO - main - Episode 841 ended. Length: 289, Reward: 251.76
2026-01-09 09:53:15,402 - INFO - main - Episode 842 ended. Length: 289, Reward: 249.94
2026-01-09 09:53:15,402 - INFO - main - Episode 843 ended. Length: 289, Reward: 251.26
2026-01-09 09:53:15,402 - INFO - main - Episode 844 ended. Length: 289, Reward: 251.01
2026-01-09 09:53:16,789 - INFO - main - Episode 845 ended. Length: 289, Reward: 250.79
2026-01-09 09:53:16,789 - INFO - main - Episode 846 ended. Length: 289, Reward: 251.07
2026-01-09 09:53:16,789 - INFO - main - Episode 847 ended. Length: 289, Reward: 249.16
2026-01-09 09:53:16,789 - INFO - main - Episode 848 ended. Length: 289, Reward: 251.02
2026-01-09 09:53:18,171 - INFO - main - Episode 849 ended. Length: 289, Reward: 250.95
2026-01-09 09:53:18,171 - INFO - main - Episode 850 ended. Length: 289, Reward: 251.18
2026-01-09 09:53:18,171 - INFO - main - Episode 851 ended. Length: 289, Reward: 249.78
2026-01-09 09:53:18,171 - INFO - main - Episode 852 ended. Length: 289, Reward: 249.75
2026-01-09 09:53:19,554 - INFO - main - Episode 853 ended. Length: 289, Reward: 251.57
2026-01-09 09:53:19,555 - INFO - main - Episode 854 ended. Length: 289, Reward: 251.72
2026-01-09 09:53:19,555 - INFO - main - Episode 855 ended. Length: 289, Reward: 250.39
2026-01-09 09:53:19,555 - INFO - main - Episode 856 ended. Length: 289, Reward: 250.79
2026-01-09 09:53:20,942 - INFO - main - Episode 857 ended. Length: 289, Reward: 250.37
2026-01-09 09:53:20,942 - INFO - main - Episode 858 ended. Length: 289, Reward: 252.04
2026-01-09 09:53:20,942 - INFO - main - Episode 859 ended. Length: 289, Reward: 251.78
2026-01-09 09:53:20,942 - INFO - main - Episode 860 ended. Length: 289, Reward: 251.86
2026-01-09 09:53:20,943 - INFO - main - Episode 860: Checking checkpoint (current_reward_rate=0.2965, best_reward_rate=0.2965)
2026-01-09 09:53:22,331 - INFO - main - Episode 861 ended. Length: 289, Reward: 252.95
2026-01-09 09:53:22,331 - INFO - main - Episode 862 ended. Length: 289, Reward: 253.25
2026-01-09 09:53:22,331 - INFO - main - Episode 863 ended. Length: 289, Reward: 250.87
2026-01-09 09:53:22,331 - INFO - main - Episode 864 ended. Length: 289, Reward: 250.93
2026-01-09 09:53:23,720 - INFO - main - Episode 865 ended. Length: 289, Reward: 252.21
2026-01-09 09:53:23,720 - INFO - main - Episode 866 ended. Length: 289, Reward: 252.41
2026-01-09 09:53:23,720 - INFO - main - Episode 867 ended. Length: 289, Reward: 252.43
2026-01-09 09:53:23,720 - INFO - main - Episode 868 ended. Length: 289, Reward: 251.52
2026-01-09 09:53:25,113 - INFO - main - Episode 869 ended. Length: 289, Reward: 252.20
2026-01-09 09:53:25,113 - INFO - main - Episode 870 ended. Length: 289, Reward: 252.11
2026-01-09 09:53:25,113 - INFO - main - Episode 871 ended. Length: 289, Reward: 251.83
2026-01-09 09:53:25,113 - INFO - main - Episode 872 ended. Length: 289, Reward: 250.58
2026-01-09 09:53:26,500 - INFO - main - Episode 873 ended. Length: 289, Reward: 250.89
2026-01-09 09:53:26,500 - INFO - main - Episode 874 ended. Length: 289, Reward: 252.63
2026-01-09 09:53:26,500 - INFO - main - Episode 875 ended. Length: 289, Reward: 252.00
2026-01-09 09:53:26,500 - INFO - main - Episode 876 ended. Length: 289, Reward: 252.65
2026-01-09 09:53:27,888 - INFO - main - Episode 877 ended. Length: 289, Reward: 251.19
2026-01-09 09:53:27,888 - INFO - main - Episode 878 ended. Length: 289, Reward: 252.34
2026-01-09 09:53:27,888 - INFO - main - Episode 879 ended. Length: 289, Reward: 252.41
2026-01-09 09:53:27,888 - INFO - main - Episode 880 ended. Length: 289, Reward: 252.46
2026-01-09 09:53:27,888 - INFO - main - Episode 880: Checking checkpoint (current_reward_rate=0.2965, best_reward_rate=0.2965)
2026-01-09 09:53:29,278 - INFO - main - Episode 881 ended. Length: 289, Reward: 254.14
2026-01-09 09:53:29,278 - INFO - main - Episode 882 ended. Length: 289, Reward: 252.15
2026-01-09 09:53:29,278 - INFO - main - Episode 883 ended. Length: 289, Reward: 253.60
2026-01-09 09:53:29,279 - INFO - main - Episode 884 ended. Length: 289, Reward: 252.62
2026-01-09 09:53:30,667 - INFO - main - Episode 885 ended. Length: 289, Reward: 251.38
2026-01-09 09:53:30,667 - INFO - main - Episode 886 ended. Length: 289, Reward: 252.14
2026-01-09 09:53:30,667 - INFO - main - Episode 887 ended. Length: 289, Reward: 252.22
2026-01-09 09:53:30,667 - INFO - main - Episode 888 ended. Length: 289, Reward: 252.77
2026-01-09 09:53:32,061 - INFO - main - Episode 889 ended. Length: 289, Reward: 253.63
2026-01-09 09:53:32,061 - INFO - main - Episode 890 ended. Length: 289, Reward: 253.27
2026-01-09 09:53:32,061 - INFO - main - Episode 891 ended. Length: 289, Reward: 253.28
2026-01-09 09:53:32,061 - INFO - main - Episode 892 ended. Length: 289, Reward: 251.41
2026-01-09 09:53:33,447 - INFO - main - Episode 893 ended. Length: 289, Reward: 251.37
2026-01-09 09:53:33,447 - INFO - main - Episode 894 ended. Length: 289, Reward: 252.69
2026-01-09 09:53:33,447 - INFO - main - Episode 895 ended. Length: 289, Reward: 251.44
2026-01-09 09:53:33,447 - INFO - main - Episode 896 ended. Length: 289, Reward: 253.45
2026-01-09 09:53:36,392 - INFO - main - Eval metrics - episode_return_mean: 257.0810, achieved_reward: 257.0810, reward_rate: 0.2965 (max_possible: 867.0)
2026-01-09 09:53:36,463 - INFO - main - Episode 897 ended. Length: 289, Reward: 251.75
2026-01-09 09:53:36,463 - INFO - main - Episode 898 ended. Length: 289, Reward: 252.42
2026-01-09 09:53:36,463 - INFO - main - Episode 899 ended. Length: 289, Reward: 251.27
2026-01-09 09:53:36,463 - INFO - main - Episode 900 ended. Length: 289, Reward: 251.83
2026-01-09 09:53:36,463 - INFO - main - Episode 900: Checking checkpoint (current_reward_rate=0.2965, best_reward_rate=0.2965)
2026-01-09 09:53:37,847 - INFO - main - Episode 901 ended. Length: 289, Reward: 251.26
2026-01-09 09:53:37,847 - INFO - main - Episode 902 ended. Length: 289, Reward: 251.61
2026-01-09 09:53:37,847 - INFO - main - Episode 903 ended. Length: 289, Reward: 250.59
2026-01-09 09:53:37,847 - INFO - main - Episode 904 ended. Length: 289, Reward: 252.78
2026-01-09 09:53:39,236 - INFO - main - Episode 905 ended. Length: 289, Reward: 253.28
2026-01-09 09:53:39,236 - INFO - main - Episode 906 ended. Length: 289, Reward: 252.24
2026-01-09 09:53:39,236 - INFO - main - Episode 907 ended. Length: 289, Reward: 253.78
2026-01-09 09:53:39,236 - INFO - main - Episode 908 ended. Length: 289, Reward: 251.42
2026-01-09 09:53:40,623 - INFO - main - Episode 909 ended. Length: 289, Reward: 253.42
2026-01-09 09:53:40,623 - INFO - main - Episode 910 ended. Length: 289, Reward: 253.19
2026-01-09 09:53:40,623 - INFO - main - Episode 911 ended. Length: 289, Reward: 252.59
2026-01-09 09:53:40,623 - INFO - main - Episode 912 ended. Length: 289, Reward: 253.08
2026-01-09 09:53:42,016 - INFO - main - Episode 913 ended. Length: 289, Reward: 253.86
2026-01-09 09:53:42,016 - INFO - main - Episode 914 ended. Length: 289, Reward: 254.17
2026-01-09 09:53:42,017 - INFO - main - Episode 915 ended. Length: 289, Reward: 255.01
2026-01-09 09:53:42,017 - INFO - main - Episode 916 ended. Length: 289, Reward: 252.73
2026-01-09 09:53:43,410 - INFO - main - Episode 917 ended. Length: 289, Reward: 253.15
2026-01-09 09:53:43,411 - INFO - main - Episode 918 ended. Length: 289, Reward: 253.52
2026-01-09 09:53:43,411 - INFO - main - Episode 919 ended. Length: 289, Reward: 253.86
2026-01-09 09:53:43,411 - INFO - main - Episode 920 ended. Length: 289, Reward: 253.38
2026-01-09 09:53:43,411 - INFO - main - Episode 920: Checking checkpoint (current_reward_rate=0.2965, best_reward_rate=0.2965)
2026-01-09 09:53:44,798 - INFO - main - Episode 921 ended. Length: 289, Reward: 252.77
2026-01-09 09:53:44,798 - INFO - main - Episode 922 ended. Length: 289, Reward: 253.14
2026-01-09 09:53:44,798 - INFO - main - Episode 923 ended. Length: 289, Reward: 252.22
2026-01-09 09:53:44,798 - INFO - main - Episode 924 ended. Length: 289, Reward: 252.73
2026-01-09 09:53:46,181 - INFO - main - Episode 925 ended. Length: 289, Reward: 252.93
2026-01-09 09:53:46,181 - INFO - main - Episode 926 ended. Length: 289, Reward: 253.42
2026-01-09 09:53:46,181 - INFO - main - Episode 927 ended. Length: 289, Reward: 252.46
2026-01-09 09:53:46,181 - INFO - main - Episode 928 ended. Length: 289, Reward: 252.55
2026-01-09 09:53:47,573 - INFO - main - Episode 929 ended. Length: 289, Reward: 252.26
2026-01-09 09:53:47,573 - INFO - main - Episode 930 ended. Length: 289, Reward: 252.77
2026-01-09 09:53:47,573 - INFO - main - Episode 931 ended. Length: 289, Reward: 253.57
2026-01-09 09:53:47,573 - INFO - main - Episode 932 ended. Length: 289, Reward: 253.43
2026-01-09 09:53:48,962 - INFO - main - Episode 933 ended. Length: 289, Reward: 253.33
2026-01-09 09:53:48,962 - INFO - main - Episode 934 ended. Length: 289, Reward: 252.98
2026-01-09 09:53:48,962 - INFO - main - Episode 935 ended. Length: 289, Reward: 251.90
2026-01-09 09:53:48,962 - INFO - main - Episode 936 ended. Length: 289, Reward: 252.18
2026-01-09 09:53:50,345 - INFO - main - Episode 937 ended. Length: 289, Reward: 253.27
2026-01-09 09:53:50,345 - INFO - main - Episode 938 ended. Length: 289, Reward: 254.24
2026-01-09 09:53:50,345 - INFO - main - Episode 939 ended. Length: 289, Reward: 254.27
2026-01-09 09:53:50,345 - INFO - main - Episode 940 ended. Length: 289, Reward: 253.69
2026-01-09 09:53:50,345 - INFO - main - Episode 940: Checking checkpoint (current_reward_rate=0.2965, best_reward_rate=0.2965)
2026-01-09 09:53:51,733 - INFO - main - Episode 941 ended. Length: 289, Reward: 252.57
2026-01-09 09:53:51,733 - INFO - main - Episode 942 ended. Length: 289, Reward: 254.14
2026-01-09 09:53:51,733 - INFO - main - Episode 943 ended. Length: 289, Reward: 253.56
2026-01-09 09:53:51,733 - INFO - main - Episode 944 ended. Length: 289, Reward: 252.29
2026-01-09 09:53:53,128 - INFO - main - Episode 945 ended. Length: 289, Reward: 254.08
2026-01-09 09:53:53,128 - INFO - main - Episode 946 ended. Length: 289, Reward: 252.58
2026-01-09 09:53:53,128 - INFO - main - Episode 947 ended. Length: 289, Reward: 253.06
2026-01-09 09:53:53,128 - INFO - main - Episode 948 ended. Length: 289, Reward: 253.88
2026-01-09 09:53:54,523 - INFO - main - Episode 949 ended. Length: 289, Reward: 253.19
2026-01-09 09:53:54,524 - INFO - main - Episode 950 ended. Length: 289, Reward: 253.26
2026-01-09 09:53:54,524 - INFO - main - Episode 951 ended. Length: 289, Reward: 252.49
2026-01-09 09:53:54,525 - INFO - main - Episode 952 ended. Length: 289, Reward: 253.13
2026-01-09 09:53:55,911 - INFO - main - Episode 953 ended. Length: 289, Reward: 251.23
2026-01-09 09:53:55,911 - INFO - main - Episode 954 ended. Length: 289, Reward: 252.69
2026-01-09 09:53:55,911 - INFO - main - Episode 955 ended. Length: 289, Reward: 252.60
2026-01-09 09:53:55,911 - INFO - main - Episode 956 ended. Length: 289, Reward: 251.76
2026-01-09 09:53:57,307 - INFO - main - Episode 957 ended. Length: 289, Reward: 251.57
2026-01-09 09:53:57,307 - INFO - main - Episode 958 ended. Length: 289, Reward: 252.29
2026-01-09 09:53:57,307 - INFO - main - Episode 959 ended. Length: 289, Reward: 251.63
2026-01-09 09:53:57,307 - INFO - main - Episode 960 ended. Length: 289, Reward: 253.85
2026-01-09 09:53:57,307 - INFO - main - Episode 960: Checking checkpoint (current_reward_rate=0.2965, best_reward_rate=0.2965)
2026-01-09 09:53:58,706 - INFO - main - Episode 961 ended. Length: 289, Reward: 252.91
2026-01-09 09:53:58,707 - INFO - main - Episode 962 ended. Length: 289, Reward: 252.48
2026-01-09 09:53:58,707 - INFO - main - Episode 963 ended. Length: 289, Reward: 252.42
2026-01-09 09:53:58,707 - INFO - main - Episode 964 ended. Length: 289, Reward: 250.31
2026-01-09 09:54:00,107 - INFO - main - Episode 965 ended. Length: 289, Reward: 252.95
2026-01-09 09:54:00,107 - INFO - main - Episode 966 ended. Length: 289, Reward: 253.69
2026-01-09 09:54:00,107 - INFO - main - Episode 967 ended. Length: 289, Reward: 251.57
2026-01-09 09:54:00,107 - INFO - main - Episode 968 ended. Length: 289, Reward: 251.46
2026-01-09 09:54:02,499 - INFO - main - Eval metrics - episode_return_mean: 257.0810, achieved_reward: 257.0810, reward_rate: 0.2965 (max_possible: 867.0)
2026-01-09 09:54:03,136 - INFO - main - Episode 969 ended. Length: 289, Reward: 252.86
2026-01-09 09:54:03,136 - INFO - main - Episode 970 ended. Length: 289, Reward: 252.37
2026-01-09 09:54:03,136 - INFO - main - Episode 971 ended. Length: 289, Reward: 251.79
2026-01-09 09:54:03,136 - INFO - main - Episode 972 ended. Length: 289, Reward: 252.12
2026-01-09 09:54:04,538 - INFO - main - Episode 973 ended. Length: 289, Reward: 253.11
2026-01-09 09:54:04,538 - INFO - main - Episode 974 ended. Length: 289, Reward: 253.26
2026-01-09 09:54:04,538 - INFO - main - Episode 975 ended. Length: 289, Reward: 250.94
2026-01-09 09:54:04,538 - INFO - main - Episode 976 ended. Length: 289, Reward: 252.46
2026-01-09 09:54:05,937 - INFO - main - Episode 977 ended. Length: 289, Reward: 251.61
2026-01-09 09:54:05,937 - INFO - main - Episode 978 ended. Length: 289, Reward: 253.23
2026-01-09 09:54:05,937 - INFO - main - Episode 979 ended. Length: 289, Reward: 252.47
2026-01-09 09:54:05,937 - INFO - main - Episode 980 ended. Length: 289, Reward: 253.76
2026-01-09 09:54:05,937 - INFO - main - Episode 980: Checking checkpoint (current_reward_rate=0.2965, best_reward_rate=0.2965)
2026-01-09 09:54:07,336 - INFO - main - Episode 981 ended. Length: 289, Reward: 253.96
2026-01-09 09:54:07,336 - INFO - main - Episode 982 ended. Length: 289, Reward: 252.65
2026-01-09 09:54:07,336 - INFO - main - Episode 983 ended. Length: 289, Reward: 253.00
2026-01-09 09:54:07,336 - INFO - main - Episode 984 ended. Length: 289, Reward: 253.28
2026-01-09 09:54:08,736 - INFO - main - Episode 985 ended. Length: 289, Reward: 252.57
2026-01-09 09:54:08,736 - INFO - main - Episode 986 ended. Length: 289, Reward: 250.61
2026-01-09 09:54:08,737 - INFO - main - Episode 987 ended. Length: 289, Reward: 252.18
2026-01-09 09:54:08,738 - INFO - main - Episode 988 ended. Length: 289, Reward: 252.00
2026-01-09 09:54:10,140 - INFO - main - Episode 989 ended. Length: 289, Reward: 252.34
2026-01-09 09:54:10,140 - INFO - main - Episode 990 ended. Length: 289, Reward: 251.65
2026-01-09 09:54:10,140 - INFO - main - Episode 991 ended. Length: 289, Reward: 252.06
2026-01-09 09:54:10,140 - INFO - main - Episode 992 ended. Length: 289, Reward: 250.29
2026-01-09 09:54:11,540 - INFO - main - Episode 993 ended. Length: 289, Reward: 253.34
2026-01-09 09:54:11,540 - INFO - main - Episode 994 ended. Length: 289, Reward: 252.69
2026-01-09 09:54:11,540 - INFO - main - Episode 995 ended. Length: 289, Reward: 253.36
2026-01-09 09:54:11,540 - INFO - main - Episode 996 ended. Length: 289, Reward: 253.70
2026-01-09 09:54:12,943 - INFO - main - Episode 997 ended. Length: 289, Reward: 252.70
2026-01-09 09:54:12,943 - INFO - main - Episode 998 ended. Length: 289, Reward: 252.64
2026-01-09 09:54:12,943 - INFO - main - Episode 999 ended. Length: 289, Reward: 252.89
2026-01-09 09:54:12,943 - INFO - main - Episode 1000 ended. Length: 289, Reward: 252.38
2026-01-09 09:54:12,943 - INFO - main - Episode 1000: Checking checkpoint (current_reward_rate=0.2965, best_reward_rate=0.2965)
2026-01-09 09:54:14,340 - INFO - main - Episode 1001 ended. Length: 289, Reward: 253.52
2026-01-09 09:54:14,340 - INFO - main - Episode 1002 ended. Length: 289, Reward: 251.90
2026-01-09 09:54:14,340 - INFO - main - Episode 1003 ended. Length: 289, Reward: 253.25
2026-01-09 09:54:14,340 - INFO - main - Episode 1004 ended. Length: 289, Reward: 253.46
2026-01-09 09:54:15,741 - INFO - main - Episode 1005 ended. Length: 289, Reward: 252.33
2026-01-09 09:54:15,742 - INFO - main - Episode 1006 ended. Length: 289, Reward: 253.03
2026-01-09 09:54:15,742 - INFO - main - Episode 1007 ended. Length: 289, Reward: 252.87
2026-01-09 09:54:15,742 - INFO - main - Episode 1008 ended. Length: 289, Reward: 253.03
2026-01-09 09:54:17,141 - INFO - main - Episode 1009 ended. Length: 289, Reward: 252.92
2026-01-09 09:54:17,141 - INFO - main - Episode 1010 ended. Length: 289, Reward: 251.67
2026-01-09 09:54:17,141 - INFO - main - Episode 1011 ended. Length: 289, Reward: 252.11
2026-01-09 09:54:17,141 - INFO - main - Episode 1012 ended. Length: 289, Reward: 253.40
2026-01-09 09:54:18,541 - INFO - main - Episode 1013 ended. Length: 289, Reward: 253.00
2026-01-09 09:54:18,541 - INFO - main - Episode 1014 ended. Length: 289, Reward: 252.90
2026-01-09 09:54:18,541 - INFO - main - Episode 1015 ended. Length: 289, Reward: 252.49
2026-01-09 09:54:18,541 - INFO - main - Episode 1016 ended. Length: 289, Reward: 251.88
2026-01-09 09:54:19,940 - INFO - main - Episode 1017 ended. Length: 289, Reward: 253.31
2026-01-09 09:54:19,940 - INFO - main - Episode 1018 ended. Length: 289, Reward: 252.00
2026-01-09 09:54:19,940 - INFO - main - Episode 1019 ended. Length: 289, Reward: 252.79
2026-01-09 09:54:19,940 - INFO - main - Episode 1020 ended. Length: 289, Reward: 253.50
2026-01-09 09:54:19,940 - INFO - main - Episode 1020: Checking checkpoint (current_reward_rate=0.2965, best_reward_rate=0.2965)
2026-01-09 09:54:21,339 - INFO - main - Episode 1021 ended. Length: 289, Reward: 253.58
2026-01-09 09:54:21,339 - INFO - main - Episode 1022 ended. Length: 289, Reward: 252.24
2026-01-09 09:54:21,339 - INFO - main - Episode 1023 ended. Length: 289, Reward: 251.93
2026-01-09 09:54:21,339 - INFO - main - Episode 1024 ended. Length: 289, Reward: 253.69
2026-01-09 09:54:22,740 - INFO - main - Episode 1025 ended. Length: 289, Reward: 254.16
2026-01-09 09:54:22,740 - INFO - main - Episode 1026 ended. Length: 289, Reward: 252.13
2026-01-09 09:54:22,740 - INFO - main - Episode 1027 ended. Length: 289, Reward: 253.90
2026-01-09 09:54:22,740 - INFO - main - Episode 1028 ended. Length: 289, Reward: 253.75
2026-01-09 09:54:24,141 - INFO - main - Episode 1029 ended. Length: 289, Reward: 253.90
2026-01-09 09:54:24,141 - INFO - main - Episode 1030 ended. Length: 289, Reward: 253.47
2026-01-09 09:54:24,142 - INFO - main - Episode 1031 ended. Length: 289, Reward: 252.91
2026-01-09 09:54:24,142 - INFO - main - Episode 1032 ended. Length: 289, Reward: 254.06
2026-01-09 09:54:25,544 - INFO - main - Episode 1033 ended. Length: 289, Reward: 252.64
2026-01-09 09:54:25,544 - INFO - main - Episode 1034 ended. Length: 289, Reward: 252.44
2026-01-09 09:54:25,544 - INFO - main - Episode 1035 ended. Length: 289, Reward: 253.50
2026-01-09 09:54:25,544 - INFO - main - Episode 1036 ended. Length: 289, Reward: 253.32
2026-01-09 09:54:28,185 - INFO - main - Eval metrics - episode_return_mean: 257.0810, achieved_reward: 257.0810, reward_rate: 0.2965 (max_possible: 867.0)
2026-01-09 09:54:28,583 - INFO - main - Episode 1037 ended. Length: 289, Reward: 252.80
2026-01-09 09:54:28,583 - INFO - main - Episode 1038 ended. Length: 289, Reward: 253.36
2026-01-09 09:54:28,583 - INFO - main - Episode 1039 ended. Length: 289, Reward: 253.57
2026-01-09 09:54:28,583 - INFO - main - Episode 1040 ended. Length: 289, Reward: 253.56
2026-01-09 09:54:28,584 - INFO - main - Episode 1040: Checking checkpoint (current_reward_rate=0.2965, best_reward_rate=0.2965)
2026-01-09 09:54:29,983 - INFO - main - Episode 1041 ended. Length: 289, Reward: 253.70
2026-01-09 09:54:29,983 - INFO - main - Episode 1042 ended. Length: 289, Reward: 253.55
2026-01-09 09:54:29,983 - INFO - main - Episode 1043 ended. Length: 289, Reward: 252.95
2026-01-09 09:54:29,983 - INFO - main - Episode 1044 ended. Length: 289, Reward: 253.18
2026-01-09 09:54:31,379 - INFO - main - Episode 1045 ended. Length: 289, Reward: 252.79
2026-01-09 09:54:31,379 - INFO - main - Episode 1046 ended. Length: 289, Reward: 253.12
2026-01-09 09:54:31,379 - INFO - main - Episode 1047 ended. Length: 289, Reward: 254.11
2026-01-09 09:54:31,379 - INFO - main - Episode 1048 ended. Length: 289, Reward: 254.05
2026-01-09 09:54:32,776 - INFO - main - Episode 1049 ended. Length: 289, Reward: 252.67
2026-01-09 09:54:32,776 - INFO - main - Episode 1050 ended. Length: 289, Reward: 252.23
2026-01-09 09:54:32,776 - INFO - main - Episode 1051 ended. Length: 289, Reward: 252.53
2026-01-09 09:54:32,776 - INFO - main - Episode 1052 ended. Length: 289, Reward: 252.87
2026-01-09 09:54:34,176 - INFO - main - Episode 1053 ended. Length: 289, Reward: 253.95
2026-01-09 09:54:34,176 - INFO - main - Episode 1054 ended. Length: 289, Reward: 253.98
2026-01-09 09:54:34,176 - INFO - main - Episode 1055 ended. Length: 289, Reward: 253.26
2026-01-09 09:54:34,176 - INFO - main - Episode 1056 ended. Length: 289, Reward: 253.76
2026-01-09 09:54:35,576 - INFO - main - Episode 1057 ended. Length: 289, Reward: 253.48
2026-01-09 09:54:35,576 - INFO - main - Episode 1058 ended. Length: 289, Reward: 253.24
2026-01-09 09:54:35,576 - INFO - main - Episode 1059 ended. Length: 289, Reward: 253.03
2026-01-09 09:54:35,576 - INFO - main - Episode 1060 ended. Length: 289, Reward: 253.02
2026-01-09 09:54:35,576 - INFO - main - Episode 1060: Checking checkpoint (current_reward_rate=0.2965, best_reward_rate=0.2965)
2026-01-09 09:54:36,980 - INFO - main - Episode 1061 ended. Length: 289, Reward: 251.70
2026-01-09 09:54:36,981 - INFO - main - Episode 1062 ended. Length: 289, Reward: 251.36
2026-01-09 09:54:36,981 - INFO - main - Episode 1063 ended. Length: 289, Reward: 253.26
2026-01-09 09:54:36,981 - INFO - main - Episode 1064 ended. Length: 289, Reward: 254.02
2026-01-09 09:54:38,380 - INFO - main - Episode 1065 ended. Length: 289, Reward: 252.82
2026-01-09 09:54:38,380 - INFO - main - Episode 1066 ended. Length: 289, Reward: 252.40
2026-01-09 09:54:38,380 - INFO - main - Episode 1067 ended. Length: 289, Reward: 253.73
2026-01-09 09:54:38,380 - INFO - main - Episode 1068 ended. Length: 289, Reward: 254.06
2026-01-09 09:54:39,776 - INFO - main - Episode 1069 ended. Length: 289, Reward: 254.11
2026-01-09 09:54:39,777 - INFO - main - Episode 1070 ended. Length: 289, Reward: 252.59
2026-01-09 09:54:39,777 - INFO - main - Episode 1071 ended. Length: 289, Reward: 252.03
2026-01-09 09:54:39,777 - INFO - main - Episode 1072 ended. Length: 289, Reward: 251.97
2026-01-09 09:54:41,184 - INFO - main - Episode 1073 ended. Length: 289, Reward: 254.39
2026-01-09 09:54:41,184 - INFO - main - Episode 1074 ended. Length: 289, Reward: 253.12
2026-01-09 09:54:41,184 - INFO - main - Episode 1075 ended. Length: 289, Reward: 253.13
2026-01-09 09:54:41,184 - INFO - main - Episode 1076 ended. Length: 289, Reward: 253.29
2026-01-09 09:54:42,574 - INFO - main - Episode 1077 ended. Length: 289, Reward: 252.70
2026-01-09 09:54:42,574 - INFO - main - Episode 1078 ended. Length: 289, Reward: 253.87
2026-01-09 09:54:42,574 - INFO - main - Episode 1079 ended. Length: 289, Reward: 254.29
2026-01-09 09:54:42,574 - INFO - main - Episode 1080 ended. Length: 289, Reward: 254.25
2026-01-09 09:54:42,574 - INFO - main - Episode 1080: Checking checkpoint (current_reward_rate=0.2965, best_reward_rate=0.2965)
2026-01-09 09:54:43,962 - INFO - main - Episode 1081 ended. Length: 289, Reward: 253.87
2026-01-09 09:54:43,962 - INFO - main - Episode 1082 ended. Length: 289, Reward: 254.56
2026-01-09 09:54:43,963 - INFO - main - Episode 1083 ended. Length: 289, Reward: 254.26
2026-01-09 09:54:43,963 - INFO - main - Episode 1084 ended. Length: 289, Reward: 253.23
2026-01-09 09:54:45,352 - INFO - main - Episode 1085 ended. Length: 289, Reward: 252.02
2026-01-09 09:54:45,354 - INFO - main - Episode 1086 ended. Length: 289, Reward: 253.25
2026-01-09 09:54:45,354 - INFO - main - Episode 1087 ended. Length: 289, Reward: 253.61
2026-01-09 09:54:45,354 - INFO - main - Episode 1088 ended. Length: 289, Reward: 253.57
2026-01-09 09:54:46,745 - INFO - main - Episode 1089 ended. Length: 289, Reward: 254.08
2026-01-09 09:54:46,749 - INFO - main - Episode 1090 ended. Length: 289, Reward: 254.08
2026-01-09 09:54:46,749 - INFO - main - Episode 1091 ended. Length: 289, Reward: 254.12
2026-01-09 09:54:46,749 - INFO - main - Episode 1092 ended. Length: 289, Reward: 253.96
2026-01-09 09:54:48,140 - INFO - main - Episode 1093 ended. Length: 289, Reward: 253.19
2026-01-09 09:54:48,140 - INFO - main - Episode 1094 ended. Length: 289, Reward: 254.05
2026-01-09 09:54:48,140 - INFO - main - Episode 1095 ended. Length: 289, Reward: 253.38
2026-01-09 09:54:48,140 - INFO - main - Episode 1096 ended. Length: 289, Reward: 254.02
2026-01-09 09:54:49,533 - INFO - main - Episode 1097 ended. Length: 289, Reward: 253.16
2026-01-09 09:54:49,533 - INFO - main - Episode 1098 ended. Length: 289, Reward: 253.56
2026-01-09 09:54:49,533 - INFO - main - Episode 1099 ended. Length: 289, Reward: 253.69
2026-01-09 09:54:49,533 - INFO - main - Episode 1100 ended. Length: 289, Reward: 254.07
2026-01-09 09:54:49,533 - INFO - main - Episode 1100: Checking checkpoint (current_reward_rate=0.2965, best_reward_rate=0.2965)
2026-01-09 09:54:50,922 - INFO - main - Episode 1101 ended. Length: 289, Reward: 251.84
2026-01-09 09:54:50,922 - INFO - main - Episode 1102 ended. Length: 289, Reward: 254.10
2026-01-09 09:54:50,922 - INFO - main - Episode 1103 ended. Length: 289, Reward: 253.26
2026-01-09 09:54:50,922 - INFO - main - Episode 1104 ended. Length: 289, Reward: 253.67
2026-01-09 09:54:53,795 - INFO - main - Eval metrics - episode_return_mean: 257.0810, achieved_reward: 257.0810, reward_rate: 0.2965 (max_possible: 867.0)
2026-01-09 09:54:53,944 - INFO - main - Episode 1105 ended. Length: 289, Reward: 253.14
2026-01-09 09:54:53,944 - INFO - main - Episode 1106 ended. Length: 289, Reward: 254.25
2026-01-09 09:54:53,944 - INFO - main - Episode 1107 ended. Length: 289, Reward: 254.31
2026-01-09 09:54:53,944 - INFO - main - Episode 1108 ended. Length: 289, Reward: 254.09
2026-01-09 09:54:55,335 - INFO - main - Episode 1109 ended. Length: 289, Reward: 253.81
2026-01-09 09:54:55,335 - INFO - main - Episode 1110 ended. Length: 289, Reward: 253.61
2026-01-09 09:54:55,335 - INFO - main - Episode 1111 ended. Length: 289, Reward: 253.32
2026-01-09 09:54:55,335 - INFO - main - Episode 1112 ended. Length: 289, Reward: 254.30
2026-01-09 09:54:56,724 - INFO - main - Episode 1113 ended. Length: 289, Reward: 253.69
2026-01-09 09:54:56,725 - INFO - main - Episode 1114 ended. Length: 289, Reward: 252.28
2026-01-09 09:54:56,726 - INFO - main - Episode 1115 ended. Length: 289, Reward: 253.08
2026-01-09 09:54:56,726 - INFO - main - Episode 1116 ended. Length: 289, Reward: 252.58
2026-01-09 09:54:58,118 - INFO - main - Episode 1117 ended. Length: 289, Reward: 253.23
2026-01-09 09:54:58,118 - INFO - main - Episode 1118 ended. Length: 289, Reward: 251.10
2026-01-09 09:54:58,118 - INFO - main - Episode 1119 ended. Length: 289, Reward: 252.84
2026-01-09 09:54:58,118 - INFO - main - Episode 1120 ended. Length: 289, Reward: 252.62
2026-01-09 09:54:58,118 - INFO - main - Episode 1120: Checking checkpoint (current_reward_rate=0.2965, best_reward_rate=0.2965)
2026-01-09 09:54:59,506 - INFO - main - Episode 1121 ended. Length: 289, Reward: 253.42
2026-01-09 09:54:59,506 - INFO - main - Episode 1122 ended. Length: 289, Reward: 251.85
2026-01-09 09:54:59,506 - INFO - main - Episode 1123 ended. Length: 289, Reward: 252.65
2026-01-09 09:54:59,506 - INFO - main - Episode 1124 ended. Length: 289, Reward: 254.92
2026-01-09 09:55:00,894 - INFO - main - Episode 1125 ended. Length: 289, Reward: 253.48
2026-01-09 09:55:00,894 - INFO - main - Episode 1126 ended. Length: 289, Reward: 253.09
2026-01-09 09:55:00,894 - INFO - main - Episode 1127 ended. Length: 289, Reward: 253.04
2026-01-09 09:55:00,894 - INFO - main - Episode 1128 ended. Length: 289, Reward: 253.78
2026-01-09 09:55:02,285 - INFO - main - Episode 1129 ended. Length: 289, Reward: 251.98
2026-01-09 09:55:02,285 - INFO - main - Episode 1130 ended. Length: 289, Reward: 253.13
2026-01-09 09:55:02,285 - INFO - main - Episode 1131 ended. Length: 289, Reward: 253.16
2026-01-09 09:55:02,285 - INFO - main - Episode 1132 ended. Length: 289, Reward: 253.41
2026-01-09 09:55:03,672 - INFO - main - Episode 1133 ended. Length: 289, Reward: 253.73
2026-01-09 09:55:03,672 - INFO - main - Episode 1134 ended. Length: 289, Reward: 252.08
2026-01-09 09:55:03,673 - INFO - main - Episode 1135 ended. Length: 289, Reward: 253.80
2026-01-09 09:55:03,673 - INFO - main - Episode 1136 ended. Length: 289, Reward: 253.94
2026-01-09 09:55:05,059 - INFO - main - Episode 1137 ended. Length: 289, Reward: 253.30
2026-01-09 09:55:05,059 - INFO - main - Episode 1138 ended. Length: 289, Reward: 252.05
2026-01-09 09:55:05,059 - INFO - main - Episode 1139 ended. Length: 289, Reward: 253.42
2026-01-09 09:55:05,059 - INFO - main - Episode 1140 ended. Length: 289, Reward: 254.11
2026-01-09 09:55:05,059 - INFO - main - Episode 1140: Checking checkpoint (current_reward_rate=0.2965, best_reward_rate=0.2965)
2026-01-09 09:55:06,447 - INFO - main - Episode 1141 ended. Length: 289, Reward: 253.68
2026-01-09 09:55:06,447 - INFO - main - Episode 1142 ended. Length: 289, Reward: 254.40
2026-01-09 09:55:06,447 - INFO - main - Episode 1143 ended. Length: 289, Reward: 254.03
2026-01-09 09:55:06,447 - INFO - main - Episode 1144 ended. Length: 289, Reward: 253.59
2026-01-09 09:55:07,839 - INFO - main - Episode 1145 ended. Length: 289, Reward: 252.94
2026-01-09 09:55:07,839 - INFO - main - Episode 1146 ended. Length: 289, Reward: 253.02
2026-01-09 09:55:07,839 - INFO - main - Episode 1147 ended. Length: 289, Reward: 252.33
2026-01-09 09:55:07,839 - INFO - main - Episode 1148 ended. Length: 289, Reward: 253.13
2026-01-09 09:55:09,227 - INFO - main - Episode 1149 ended. Length: 289, Reward: 252.16
2026-01-09 09:55:09,227 - INFO - main - Episode 1150 ended. Length: 289, Reward: 253.10
2026-01-09 09:55:09,227 - INFO - main - Episode 1151 ended. Length: 289, Reward: 253.42
2026-01-09 09:55:09,227 - INFO - main - Episode 1152 ended. Length: 289, Reward: 253.69
2026-01-09 09:55:11,205 - INFO - main - Episode 1153 ended. Length: 289, Reward: 253.40
2026-01-09 09:55:11,205 - INFO - main - Episode 1154 ended. Length: 289, Reward: 253.45
2026-01-09 09:55:11,205 - INFO - main - Episode 1155 ended. Length: 289, Reward: 253.22
2026-01-09 09:55:11,205 - INFO - main - Episode 1156 ended. Length: 289, Reward: 253.36
2026-01-09 09:55:12,596 - INFO - main - Episode 1157 ended. Length: 289, Reward: 254.06
2026-01-09 09:55:12,596 - INFO - main - Episode 1158 ended. Length: 289, Reward: 253.48
2026-01-09 09:55:12,597 - INFO - main - Episode 1159 ended. Length: 289, Reward: 253.96
2026-01-09 09:55:12,597 - INFO - main - Episode 1160 ended. Length: 289, Reward: 253.51
2026-01-09 09:55:12,597 - INFO - main - Episode 1160: Checking checkpoint (current_reward_rate=0.2965, best_reward_rate=0.2965)
2026-01-09 09:55:13,993 - INFO - main - Episode 1161 ended. Length: 289, Reward: 253.85
2026-01-09 09:55:13,994 - INFO - main - Episode 1162 ended. Length: 289, Reward: 254.19
2026-01-09 09:55:13,994 - INFO - main - Episode 1163 ended. Length: 289, Reward: 253.58
2026-01-09 09:55:13,994 - INFO - main - Episode 1164 ended. Length: 289, Reward: 252.68
2026-01-09 09:55:15,388 - INFO - main - Episode 1165 ended. Length: 289, Reward: 252.53
2026-01-09 09:55:15,388 - INFO - main - Episode 1166 ended. Length: 289, Reward: 252.69
2026-01-09 09:55:15,388 - INFO - main - Episode 1167 ended. Length: 289, Reward: 252.20
2026-01-09 09:55:15,388 - INFO - main - Episode 1168 ended. Length: 289, Reward: 253.07
2026-01-09 09:55:16,781 - INFO - main - Episode 1169 ended. Length: 289, Reward: 253.34
2026-01-09 09:55:16,781 - INFO - main - Episode 1170 ended. Length: 289, Reward: 253.99
2026-01-09 09:55:16,781 - INFO - main - Episode 1171 ended. Length: 289, Reward: 252.87
2026-01-09 09:55:16,781 - INFO - main - Episode 1172 ended. Length: 289, Reward: 251.62
2026-01-09 09:55:18,170 - INFO - main - Episode 1173 ended. Length: 289, Reward: 252.73
2026-01-09 09:55:18,170 - INFO - main - Episode 1174 ended. Length: 289, Reward: 254.16
2026-01-09 09:55:18,170 - INFO - main - Episode 1175 ended. Length: 289, Reward: 251.28
2026-01-09 09:55:18,170 - INFO - main - Episode 1176 ended. Length: 289, Reward: 251.62
2026-01-09 09:55:19,892 - INFO - main - Eval metrics - episode_return_mean: 257.0810, achieved_reward: 257.0810, reward_rate: 0.2965 (max_possible: 867.0)
2026-01-09 09:55:21,189 - INFO - main - Episode 1177 ended. Length: 289, Reward: 253.27
2026-01-09 09:55:21,189 - INFO - main - Episode 1178 ended. Length: 289, Reward: 254.26
2026-01-09 09:55:21,189 - INFO - main - Episode 1179 ended. Length: 289, Reward: 252.82
2026-01-09 09:55:21,189 - INFO - main - Episode 1180 ended. Length: 289, Reward: 252.69
2026-01-09 09:55:21,189 - INFO - main - Episode 1180: Checking checkpoint (current_reward_rate=0.2965, best_reward_rate=0.2965)
2026-01-09 09:55:22,576 - INFO - main - Episode 1181 ended. Length: 289, Reward: 251.79
2026-01-09 09:55:22,577 - INFO - main - Episode 1182 ended. Length: 289, Reward: 253.33
2026-01-09 09:55:22,577 - INFO - main - Episode 1183 ended. Length: 289, Reward: 252.25
2026-01-09 09:55:22,577 - INFO - main - Episode 1184 ended. Length: 289, Reward: 251.92
2026-01-09 09:55:23,973 - INFO - main - Episode 1185 ended. Length: 289, Reward: 253.00
2026-01-09 09:55:23,973 - INFO - main - Episode 1186 ended. Length: 289, Reward: 253.19
2026-01-09 09:55:23,973 - INFO - main - Episode 1187 ended. Length: 289, Reward: 252.25
2026-01-09 09:55:23,973 - INFO - main - Episode 1188 ended. Length: 289, Reward: 254.44
2026-01-09 09:55:25,362 - INFO - main - Episode 1189 ended. Length: 289, Reward: 252.42
2026-01-09 09:55:25,362 - INFO - main - Episode 1190 ended. Length: 289, Reward: 252.85
2026-01-09 09:55:25,362 - INFO - main - Episode 1191 ended. Length: 289, Reward: 253.06
2026-01-09 09:55:25,362 - INFO - main - Episode 1192 ended. Length: 289, Reward: 252.55
2026-01-09 09:55:26,753 - INFO - main - Episode 1193 ended. Length: 289, Reward: 251.61
2026-01-09 09:55:26,753 - INFO - main - Episode 1194 ended. Length: 289, Reward: 252.86
2026-01-09 09:55:26,753 - INFO - main - Episode 1195 ended. Length: 289, Reward: 250.19
2026-01-09 09:55:26,753 - INFO - main - Episode 1196 ended. Length: 289, Reward: 252.37
2026-01-09 09:55:28,144 - INFO - main - Episode 1197 ended. Length: 289, Reward: 252.96
2026-01-09 09:55:28,144 - INFO - main - Episode 1198 ended. Length: 289, Reward: 251.93
2026-01-09 09:55:28,144 - INFO - main - Episode 1199 ended. Length: 289, Reward: 253.11
2026-01-09 09:55:28,145 - INFO - main - Episode 1200 ended. Length: 289, Reward: 253.64
2026-01-09 09:55:28,145 - INFO - main - Episode 1200: Checking checkpoint (current_reward_rate=0.2965, best_reward_rate=0.2965)
2026-01-09 09:55:29,540 - INFO - main - Episode 1201 ended. Length: 289, Reward: 252.49
2026-01-09 09:55:29,540 - INFO - main - Episode 1202 ended. Length: 289, Reward: 253.13
2026-01-09 09:55:29,540 - INFO - main - Episode 1203 ended. Length: 289, Reward: 253.01
2026-01-09 09:55:29,540 - INFO - main - Episode 1204 ended. Length: 289, Reward: 252.74
2026-01-09 09:55:30,928 - INFO - main - Episode 1205 ended. Length: 289, Reward: 253.02
2026-01-09 09:55:30,928 - INFO - main - Episode 1206 ended. Length: 289, Reward: 250.39
2026-01-09 09:55:30,928 - INFO - main - Episode 1207 ended. Length: 289, Reward: 252.19
2026-01-09 09:55:30,928 - INFO - main - Episode 1208 ended. Length: 289, Reward: 253.36
2026-01-09 09:55:32,314 - INFO - main - Episode 1209 ended. Length: 289, Reward: 253.35
2026-01-09 09:55:32,314 - INFO - main - Episode 1210 ended. Length: 289, Reward: 253.34
2026-01-09 09:55:32,314 - INFO - main - Episode 1211 ended. Length: 289, Reward: 251.27
2026-01-09 09:55:32,314 - INFO - main - Episode 1212 ended. Length: 289, Reward: 253.14
2026-01-09 09:55:33,707 - INFO - main - Episode 1213 ended. Length: 289, Reward: 253.03
2026-01-09 09:55:33,707 - INFO - main - Episode 1214 ended. Length: 289, Reward: 252.65
2026-01-09 09:55:33,707 - INFO - main - Episode 1215 ended. Length: 289, Reward: 253.87
2026-01-09 09:55:33,707 - INFO - main - Episode 1216 ended. Length: 289, Reward: 253.29
2026-01-09 09:55:35,098 - INFO - main - Episode 1217 ended. Length: 289, Reward: 252.82
2026-01-09 09:55:35,098 - INFO - main - Episode 1218 ended. Length: 289, Reward: 251.91
2026-01-09 09:55:35,098 - INFO - main - Episode 1219 ended. Length: 289, Reward: 251.33
2026-01-09 09:55:35,098 - INFO - main - Episode 1220 ended. Length: 289, Reward: 252.95
2026-01-09 09:55:35,098 - INFO - main - Episode 1220: Checking checkpoint (current_reward_rate=0.2965, best_reward_rate=0.2965)
2026-01-09 09:55:36,490 - INFO - main - Episode 1221 ended. Length: 289, Reward: 251.73
2026-01-09 09:55:36,490 - INFO - main - Episode 1222 ended. Length: 289, Reward: 253.22
2026-01-09 09:55:36,490 - INFO - main - Episode 1223 ended. Length: 289, Reward: 252.28
2026-01-09 09:55:36,490 - INFO - main - Episode 1224 ended. Length: 289, Reward: 252.42
2026-01-09 09:55:37,881 - INFO - main - Episode 1225 ended. Length: 289, Reward: 251.45
2026-01-09 09:55:37,882 - INFO - main - Episode 1226 ended. Length: 289, Reward: 252.34
2026-01-09 09:55:37,882 - INFO - main - Episode 1227 ended. Length: 289, Reward: 253.37
2026-01-09 09:55:37,882 - INFO - main - Episode 1228 ended. Length: 289, Reward: 252.53
2026-01-09 09:55:39,272 - INFO - main - Episode 1229 ended. Length: 289, Reward: 252.77
2026-01-09 09:55:39,272 - INFO - main - Episode 1230 ended. Length: 289, Reward: 253.40
2026-01-09 09:55:39,272 - INFO - main - Episode 1231 ended. Length: 289, Reward: 251.12
2026-01-09 09:55:39,272 - INFO - main - Episode 1232 ended. Length: 289, Reward: 252.54
2026-01-09 09:55:40,659 - INFO - main - Episode 1233 ended. Length: 289, Reward: 252.88
2026-01-09 09:55:40,659 - INFO - main - Episode 1234 ended. Length: 289, Reward: 251.83
2026-01-09 09:55:40,659 - INFO - main - Episode 1235 ended. Length: 289, Reward: 251.77
2026-01-09 09:55:40,659 - INFO - main - Episode 1236 ended. Length: 289, Reward: 252.38
2026-01-09 09:55:42,047 - INFO - main - Episode 1237 ended. Length: 289, Reward: 252.15
2026-01-09 09:55:42,047 - INFO - main - Episode 1238 ended. Length: 289, Reward: 252.59
2026-01-09 09:55:42,047 - INFO - main - Episode 1239 ended. Length: 289, Reward: 250.92
2026-01-09 09:55:42,047 - INFO - main - Episode 1240 ended. Length: 289, Reward: 252.23
2026-01-09 09:55:42,047 - INFO - main - Episode 1240: Checking checkpoint (current_reward_rate=0.2965, best_reward_rate=0.2965)
2026-01-09 09:55:43,434 - INFO - main - Episode 1241 ended. Length: 289, Reward: 251.20
2026-01-09 09:55:43,435 - INFO - main - Episode 1242 ended. Length: 289, Reward: 251.74
2026-01-09 09:55:43,435 - INFO - main - Episode 1243 ended. Length: 289, Reward: 253.40
2026-01-09 09:55:43,435 - INFO - main - Episode 1244 ended. Length: 289, Reward: 250.83
2026-01-09 09:55:45,403 - INFO - main - Eval metrics - episode_return_mean: 257.0810, achieved_reward: 257.0810, reward_rate: 0.2965 (max_possible: 867.0)
2026-01-09 09:55:46,461 - INFO - main - Episode 1245 ended. Length: 289, Reward: 252.06
2026-01-09 09:55:46,461 - INFO - main - Episode 1246 ended. Length: 289, Reward: 252.62
2026-01-09 09:55:46,461 - INFO - main - Episode 1247 ended. Length: 289, Reward: 252.75
2026-01-09 09:55:46,461 - INFO - main - Episode 1248 ended. Length: 289, Reward: 250.34
2026-01-09 09:55:47,852 - INFO - main - Episode 1249 ended. Length: 289, Reward: 251.03
2026-01-09 09:55:47,852 - INFO - main - Episode 1250 ended. Length: 289, Reward: 253.26
2026-01-09 09:55:47,852 - INFO - main - Episode 1251 ended. Length: 289, Reward: 252.17
2026-01-09 09:55:47,852 - INFO - main - Episode 1252 ended. Length: 289, Reward: 253.41
2026-01-09 09:55:49,241 - INFO - main - Episode 1253 ended. Length: 289, Reward: 252.26
2026-01-09 09:55:49,241 - INFO - main - Episode 1254 ended. Length: 289, Reward: 251.25
2026-01-09 09:55:49,241 - INFO - main - Episode 1255 ended. Length: 289, Reward: 251.94
2026-01-09 09:55:49,241 - INFO - main - Episode 1256 ended. Length: 289, Reward: 251.47
2026-01-09 09:55:50,630 - INFO - main - Episode 1257 ended. Length: 289, Reward: 253.62
2026-01-09 09:55:50,630 - INFO - main - Episode 1258 ended. Length: 289, Reward: 252.45
2026-01-09 09:55:50,630 - INFO - main - Episode 1259 ended. Length: 289, Reward: 252.97
2026-01-09 09:55:50,630 - INFO - main - Episode 1260 ended. Length: 289, Reward: 252.54
2026-01-09 09:55:50,630 - INFO - main - Episode 1260: Checking checkpoint (current_reward_rate=0.2965, best_reward_rate=0.2965)
2026-01-09 09:55:52,033 - INFO - main - Episode 1261 ended. Length: 289, Reward: 252.97
2026-01-09 09:55:52,033 - INFO - main - Episode 1262 ended. Length: 289, Reward: 252.06
2026-01-09 09:55:52,033 - INFO - main - Episode 1263 ended. Length: 289, Reward: 253.56
2026-01-09 09:55:52,033 - INFO - main - Episode 1264 ended. Length: 289, Reward: 252.65
2026-01-09 09:55:53,422 - INFO - main - Episode 1265 ended. Length: 289, Reward: 251.55
2026-01-09 09:55:53,422 - INFO - main - Episode 1266 ended. Length: 289, Reward: 252.13
2026-01-09 09:55:53,422 - INFO - main - Episode 1267 ended. Length: 289, Reward: 252.58
2026-01-09 09:55:53,422 - INFO - main - Episode 1268 ended. Length: 289, Reward: 252.29
2026-01-09 09:55:54,804 - INFO - main - Episode 1269 ended. Length: 289, Reward: 254.31
2026-01-09 09:55:54,804 - INFO - main - Episode 1270 ended. Length: 289, Reward: 253.04
2026-01-09 09:55:54,804 - INFO - main - Episode 1271 ended. Length: 289, Reward: 251.67
2026-01-09 09:55:54,804 - INFO - main - Episode 1272 ended. Length: 289, Reward: 252.52
2026-01-09 09:55:56,194 - INFO - main - Episode 1273 ended. Length: 289, Reward: 253.42
2026-01-09 09:55:56,194 - INFO - main - Episode 1274 ended. Length: 289, Reward: 252.59
2026-01-09 09:55:56,194 - INFO - main - Episode 1275 ended. Length: 289, Reward: 253.20
2026-01-09 09:55:56,194 - INFO - main - Episode 1276 ended. Length: 289, Reward: 252.69
2026-01-09 09:55:57,580 - INFO - main - Episode 1277 ended. Length: 289, Reward: 253.44
2026-01-09 09:55:57,580 - INFO - main - Episode 1278 ended. Length: 289, Reward: 253.08
2026-01-09 09:55:57,580 - INFO - main - Episode 1279 ended. Length: 289, Reward: 251.23
2026-01-09 09:55:57,580 - INFO - main - Episode 1280 ended. Length: 289, Reward: 252.45
2026-01-09 09:55:57,580 - INFO - main - Episode 1280: Checking checkpoint (current_reward_rate=0.2965, best_reward_rate=0.2965)
2026-01-09 09:55:58,971 - INFO - main - Episode 1281 ended. Length: 289, Reward: 253.59
2026-01-09 09:55:58,971 - INFO - main - Episode 1282 ended. Length: 289, Reward: 252.97
2026-01-09 09:55:58,971 - INFO - main - Episode 1283 ended. Length: 289, Reward: 252.66
2026-01-09 09:55:58,971 - INFO - main - Episode 1284 ended. Length: 289, Reward: 251.56
2026-01-09 09:56:00,366 - INFO - main - Episode 1285 ended. Length: 289, Reward: 252.34
2026-01-09 09:56:00,366 - INFO - main - Episode 1286 ended. Length: 289, Reward: 252.35
2026-01-09 09:56:00,366 - INFO - main - Episode 1287 ended. Length: 289, Reward: 252.49
2026-01-09 09:56:00,366 - INFO - main - Episode 1288 ended. Length: 289, Reward: 253.03
2026-01-09 09:56:01,759 - INFO - main - Episode 1289 ended. Length: 289, Reward: 252.38
2026-01-09 09:56:01,759 - INFO - main - Episode 1290 ended. Length: 289, Reward: 253.22
2026-01-09 09:56:01,759 - INFO - main - Episode 1291 ended. Length: 289, Reward: 252.68
2026-01-09 09:56:01,759 - INFO - main - Episode 1292 ended. Length: 289, Reward: 252.58
2026-01-09 09:56:03,160 - INFO - main - Episode 1293 ended. Length: 289, Reward: 253.34
2026-01-09 09:56:03,160 - INFO - main - Episode 1294 ended. Length: 289, Reward: 253.03
2026-01-09 09:56:03,160 - INFO - main - Episode 1295 ended. Length: 289, Reward: 251.45
2026-01-09 09:56:03,160 - INFO - main - Episode 1296 ended. Length: 289, Reward: 251.74
2026-01-09 09:56:04,561 - INFO - main - Episode 1297 ended. Length: 289, Reward: 251.81
2026-01-09 09:56:04,561 - INFO - main - Episode 1298 ended. Length: 289, Reward: 253.14
2026-01-09 09:56:04,561 - INFO - main - Episode 1299 ended. Length: 289, Reward: 252.74
2026-01-09 09:56:04,561 - INFO - main - Episode 1300 ended. Length: 289, Reward: 253.02
2026-01-09 09:56:04,561 - INFO - main - Episode 1300: Checking checkpoint (current_reward_rate=0.2965, best_reward_rate=0.2965)
2026-01-09 09:56:05,955 - INFO - main - Episode 1301 ended. Length: 289, Reward: 253.29
2026-01-09 09:56:05,955 - INFO - main - Episode 1302 ended. Length: 289, Reward: 252.07
2026-01-09 09:56:05,955 - INFO - main - Episode 1303 ended. Length: 289, Reward: 251.53
2026-01-09 09:56:05,955 - INFO - main - Episode 1304 ended. Length: 289, Reward: 251.76
2026-01-09 09:56:07,346 - INFO - main - Episode 1305 ended. Length: 289, Reward: 251.75
2026-01-09 09:56:07,346 - INFO - main - Episode 1306 ended. Length: 289, Reward: 253.14
2026-01-09 09:56:07,346 - INFO - main - Episode 1307 ended. Length: 289, Reward: 251.89
2026-01-09 09:56:07,346 - INFO - main - Episode 1308 ended. Length: 289, Reward: 252.57
2026-01-09 09:56:08,754 - INFO - main - Episode 1309 ended. Length: 289, Reward: 252.48
2026-01-09 09:56:08,754 - INFO - main - Episode 1310 ended. Length: 289, Reward: 253.08
2026-01-09 09:56:08,754 - INFO - main - Episode 1311 ended. Length: 289, Reward: 252.25
2026-01-09 09:56:08,754 - INFO - main - Episode 1312 ended. Length: 289, Reward: 253.69
2026-01-09 09:56:10,966 - INFO - main - Eval metrics - episode_return_mean: 257.0810, achieved_reward: 257.0810, reward_rate: 0.2965 (max_possible: 867.0)
2026-01-09 09:56:11,781 - INFO - main - Episode 1313 ended. Length: 289, Reward: 252.44
2026-01-09 09:56:11,781 - INFO - main - Episode 1314 ended. Length: 289, Reward: 252.96
2026-01-09 09:56:11,781 - INFO - main - Episode 1315 ended. Length: 289, Reward: 253.21
2026-01-09 09:56:11,781 - INFO - main - Episode 1316 ended. Length: 289, Reward: 253.58
2026-01-09 09:56:13,180 - INFO - main - Episode 1317 ended. Length: 289, Reward: 252.33
2026-01-09 09:56:13,180 - INFO - main - Episode 1318 ended. Length: 289, Reward: 253.39
2026-01-09 09:56:13,180 - INFO - main - Episode 1319 ended. Length: 289, Reward: 253.81
2026-01-09 09:56:13,180 - INFO - main - Episode 1320 ended. Length: 289, Reward: 253.59
2026-01-09 09:56:13,180 - INFO - main - Episode 1320: Checking checkpoint (current_reward_rate=0.2965, best_reward_rate=0.2965)
2026-01-09 09:56:14,574 - INFO - main - Episode 1321 ended. Length: 289, Reward: 252.53
2026-01-09 09:56:14,574 - INFO - main - Episode 1322 ended. Length: 289, Reward: 252.45
2026-01-09 09:56:14,574 - INFO - main - Episode 1323 ended. Length: 289, Reward: 254.59
2026-01-09 09:56:14,574 - INFO - main - Episode 1324 ended. Length: 289, Reward: 251.35
2026-01-09 09:56:15,978 - INFO - main - Episode 1325 ended. Length: 289, Reward: 254.15
2026-01-09 09:56:15,979 - INFO - main - Episode 1326 ended. Length: 289, Reward: 254.09
2026-01-09 09:56:15,979 - INFO - main - Episode 1327 ended. Length: 289, Reward: 252.58
2026-01-09 09:56:15,979 - INFO - main - Episode 1328 ended. Length: 289, Reward: 252.53
2026-01-09 09:56:17,382 - INFO - main - Episode 1329 ended. Length: 289, Reward: 251.92
2026-01-09 09:56:17,382 - INFO - main - Episode 1330 ended. Length: 289, Reward: 252.06
2026-01-09 09:56:17,382 - INFO - main - Episode 1331 ended. Length: 289, Reward: 253.23
2026-01-09 09:56:17,382 - INFO - main - Episode 1332 ended. Length: 289, Reward: 252.18
2026-01-09 09:56:18,777 - INFO - main - Episode 1333 ended. Length: 289, Reward: 251.94
2026-01-09 09:56:18,777 - INFO - main - Episode 1334 ended. Length: 289, Reward: 253.30
2026-01-09 09:56:18,777 - INFO - main - Episode 1335 ended. Length: 289, Reward: 252.94
2026-01-09 09:56:18,777 - INFO - main - Episode 1336 ended. Length: 289, Reward: 253.22
2026-01-09 09:56:20,178 - INFO - main - Episode 1337 ended. Length: 289, Reward: 253.62
2026-01-09 09:56:20,178 - INFO - main - Episode 1338 ended. Length: 289, Reward: 252.75
2026-01-09 09:56:20,178 - INFO - main - Episode 1339 ended. Length: 289, Reward: 251.77
2026-01-09 09:56:20,178 - INFO - main - Episode 1340 ended. Length: 289, Reward: 251.79
2026-01-09 09:56:20,178 - INFO - main - Episode 1340: Checking checkpoint (current_reward_rate=0.2965, best_reward_rate=0.2965)
2026-01-09 09:56:21,576 - INFO - main - Episode 1341 ended. Length: 289, Reward: 253.27
2026-01-09 09:56:21,576 - INFO - main - Episode 1342 ended. Length: 289, Reward: 252.93
2026-01-09 09:56:21,576 - INFO - main - Episode 1343 ended. Length: 289, Reward: 253.39
2026-01-09 09:56:21,576 - INFO - main - Episode 1344 ended. Length: 289, Reward: 251.14
2026-01-09 09:56:22,963 - INFO - main - Episode 1345 ended. Length: 289, Reward: 252.46
2026-01-09 09:56:22,964 - INFO - main - Episode 1346 ended. Length: 289, Reward: 252.75
2026-01-09 09:56:22,964 - INFO - main - Episode 1347 ended. Length: 289, Reward: 251.74
2026-01-09 09:56:22,964 - INFO - main - Episode 1348 ended. Length: 289, Reward: 251.93
2026-01-09 09:56:24,348 - INFO - main - Episode 1349 ended. Length: 289, Reward: 254.59
2026-01-09 09:56:24,349 - INFO - main - Episode 1350 ended. Length: 289, Reward: 253.52
2026-01-09 09:56:24,349 - INFO - main - Episode 1351 ended. Length: 289, Reward: 253.15
2026-01-09 09:56:24,349 - INFO - main - Episode 1352 ended. Length: 289, Reward: 253.30
2026-01-09 09:56:25,740 - INFO - main - Episode 1353 ended. Length: 289, Reward: 251.74
2026-01-09 09:56:25,740 - INFO - main - Episode 1354 ended. Length: 289, Reward: 253.05
2026-01-09 09:56:25,740 - INFO - main - Episode 1355 ended. Length: 289, Reward: 252.61
2026-01-09 09:56:25,740 - INFO - main - Episode 1356 ended. Length: 289, Reward: 254.70
2026-01-09 09:56:27,133 - INFO - main - Episode 1357 ended. Length: 289, Reward: 252.60
2026-01-09 09:56:27,133 - INFO - main - Episode 1358 ended. Length: 289, Reward: 253.25
2026-01-09 09:56:27,133 - INFO - main - Episode 1359 ended. Length: 289, Reward: 254.21
2026-01-09 09:56:27,133 - INFO - main - Episode 1360 ended. Length: 289, Reward: 253.32
2026-01-09 09:56:27,133 - INFO - main - Episode 1360: Checking checkpoint (current_reward_rate=0.2965, best_reward_rate=0.2965)
2026-01-09 09:56:28,526 - INFO - main - Episode 1361 ended. Length: 289, Reward: 253.30
2026-01-09 09:56:28,526 - INFO - main - Episode 1362 ended. Length: 289, Reward: 252.90
2026-01-09 09:56:28,526 - INFO - main - Episode 1363 ended. Length: 289, Reward: 251.25
2026-01-09 09:56:28,526 - INFO - main - Episode 1364 ended. Length: 289, Reward: 253.29
2026-01-09 09:56:29,917 - INFO - main - Episode 1365 ended. Length: 289, Reward: 254.02
2026-01-09 09:56:29,917 - INFO - main - Episode 1366 ended. Length: 289, Reward: 251.51
2026-01-09 09:56:29,917 - INFO - main - Episode 1367 ended. Length: 289, Reward: 253.40
2026-01-09 09:56:29,917 - INFO - main - Episode 1368 ended. Length: 289, Reward: 252.74
2026-01-09 09:56:31,310 - INFO - main - Episode 1369 ended. Length: 289, Reward: 253.62
2026-01-09 09:56:31,311 - INFO - main - Episode 1370 ended. Length: 289, Reward: 253.12
2026-01-09 09:56:31,311 - INFO - main - Episode 1371 ended. Length: 289, Reward: 250.90
2026-01-09 09:56:31,311 - INFO - main - Episode 1372 ended. Length: 289, Reward: 252.57
2026-01-09 09:56:32,700 - INFO - main - Episode 1373 ended. Length: 289, Reward: 254.00
2026-01-09 09:56:32,701 - INFO - main - Episode 1374 ended. Length: 289, Reward: 253.04
2026-01-09 09:56:32,701 - INFO - main - Episode 1375 ended. Length: 289, Reward: 252.18
2026-01-09 09:56:32,701 - INFO - main - Episode 1376 ended. Length: 289, Reward: 253.08
2026-01-09 09:56:34,090 - INFO - main - Episode 1377 ended. Length: 289, Reward: 252.76
2026-01-09 09:56:34,090 - INFO - main - Episode 1378 ended. Length: 289, Reward: 252.82
2026-01-09 09:56:34,090 - INFO - main - Episode 1379 ended. Length: 289, Reward: 251.65
2026-01-09 09:56:34,090 - INFO - main - Episode 1380 ended. Length: 289, Reward: 251.46
2026-01-09 09:56:34,090 - INFO - main - Episode 1380: Checking checkpoint (current_reward_rate=0.2965, best_reward_rate=0.2965)
2026-01-09 09:56:35,481 - INFO - main - Episode 1381 ended. Length: 289, Reward: 253.79
2026-01-09 09:56:35,481 - INFO - main - Episode 1382 ended. Length: 289, Reward: 253.25
2026-01-09 09:56:35,481 - INFO - main - Episode 1383 ended. Length: 289, Reward: 253.73
2026-01-09 09:56:35,481 - INFO - main - Episode 1384 ended. Length: 289, Reward: 252.36
2026-01-09 09:56:37,131 - INFO - main - Eval metrics - episode_return_mean: 257.0810, achieved_reward: 257.0810, reward_rate: 0.2965 (max_possible: 867.0)
2026-01-09 09:56:38,504 - INFO - main - Episode 1385 ended. Length: 289, Reward: 252.86
2026-01-09 09:56:38,504 - INFO - main - Episode 1386 ended. Length: 289, Reward: 252.10
2026-01-09 09:56:38,504 - INFO - main - Episode 1387 ended. Length: 289, Reward: 252.45
2026-01-09 09:56:38,504 - INFO - main - Episode 1388 ended. Length: 289, Reward: 253.48
2026-01-09 09:56:39,893 - INFO - main - Episode 1389 ended. Length: 289, Reward: 252.66
2026-01-09 09:56:39,893 - INFO - main - Episode 1390 ended. Length: 289, Reward: 252.66
2026-01-09 09:56:39,893 - INFO - main - Episode 1391 ended. Length: 289, Reward: 253.62
2026-01-09 09:56:39,893 - INFO - main - Episode 1392 ended. Length: 289, Reward: 252.65
2026-01-09 09:56:41,281 - INFO - main - Episode 1393 ended. Length: 289, Reward: 251.92
2026-01-09 09:56:41,281 - INFO - main - Episode 1394 ended. Length: 289, Reward: 252.98
2026-01-09 09:56:41,281 - INFO - main - Episode 1395 ended. Length: 289, Reward: 252.76
2026-01-09 09:56:41,281 - INFO - main - Episode 1396 ended. Length: 289, Reward: 253.09
2026-01-09 09:56:42,667 - INFO - main - Episode 1397 ended. Length: 289, Reward: 252.87
2026-01-09 09:56:42,667 - INFO - main - Episode 1398 ended. Length: 289, Reward: 251.97
2026-01-09 09:56:42,667 - INFO - main - Episode 1399 ended. Length: 289, Reward: 253.85
2026-01-09 09:56:42,667 - INFO - main - Episode 1400 ended. Length: 289, Reward: 252.56
2026-01-09 09:56:42,667 - INFO - main - Episode 1400: Checking checkpoint (current_reward_rate=0.2965, best_reward_rate=0.2965)
2026-01-09 09:56:44,057 - INFO - main - Episode 1401 ended. Length: 289, Reward: 251.91
2026-01-09 09:56:44,057 - INFO - main - Episode 1402 ended. Length: 289, Reward: 252.11
2026-01-09 09:56:44,057 - INFO - main - Episode 1403 ended. Length: 289, Reward: 251.94
2026-01-09 09:56:44,057 - INFO - main - Episode 1404 ended. Length: 289, Reward: 253.05
2026-01-09 09:56:45,441 - INFO - main - Episode 1405 ended. Length: 289, Reward: 250.93
2026-01-09 09:56:45,441 - INFO - main - Episode 1406 ended. Length: 289, Reward: 251.91
2026-01-09 09:56:45,441 - INFO - main - Episode 1407 ended. Length: 289, Reward: 252.90
2026-01-09 09:56:45,441 - INFO - main - Episode 1408 ended. Length: 289, Reward: 253.91
2026-01-09 09:56:46,833 - INFO - main - Episode 1409 ended. Length: 289, Reward: 253.21
2026-01-09 09:56:46,833 - INFO - main - Episode 1410 ended. Length: 289, Reward: 251.39
2026-01-09 09:56:46,833 - INFO - main - Episode 1411 ended. Length: 289, Reward: 253.57
2026-01-09 09:56:46,834 - INFO - main - Episode 1412 ended. Length: 289, Reward: 252.03
2026-01-09 09:56:48,227 - INFO - main - Episode 1413 ended. Length: 289, Reward: 251.81
2026-01-09 09:56:48,227 - INFO - main - Episode 1414 ended. Length: 289, Reward: 252.60
2026-01-09 09:56:48,227 - INFO - main - Episode 1415 ended. Length: 289, Reward: 252.58
2026-01-09 09:56:48,227 - INFO - main - Episode 1416 ended. Length: 289, Reward: 252.64
2026-01-09 09:56:49,615 - INFO - main - Episode 1417 ended. Length: 289, Reward: 253.80
2026-01-09 09:56:49,615 - INFO - main - Episode 1418 ended. Length: 289, Reward: 253.35
2026-01-09 09:56:49,616 - INFO - main - Episode 1419 ended. Length: 289, Reward: 253.21
2026-01-09 09:56:49,616 - INFO - main - Episode 1420 ended. Length: 289, Reward: 253.04
2026-01-09 09:56:49,616 - INFO - main - Episode 1420: Checking checkpoint (current_reward_rate=0.2965, best_reward_rate=0.2965)
2026-01-09 09:56:51,003 - INFO - main - Episode 1421 ended. Length: 289, Reward: 251.09
2026-01-09 09:56:51,003 - INFO - main - Episode 1422 ended. Length: 289, Reward: 251.87
2026-01-09 09:56:51,003 - INFO - main - Episode 1423 ended. Length: 289, Reward: 252.83
2026-01-09 09:56:51,003 - INFO - main - Episode 1424 ended. Length: 289, Reward: 252.82
2026-01-09 09:56:52,391 - INFO - main - Episode 1425 ended. Length: 289, Reward: 253.26
2026-01-09 09:56:52,391 - INFO - main - Episode 1426 ended. Length: 289, Reward: 250.93
2026-01-09 09:56:52,391 - INFO - main - Episode 1427 ended. Length: 289, Reward: 252.95
2026-01-09 09:56:52,391 - INFO - main - Episode 1428 ended. Length: 289, Reward: 251.91
2026-01-09 09:56:53,784 - INFO - main - Episode 1429 ended. Length: 289, Reward: 253.49
2026-01-09 09:56:53,784 - INFO - main - Episode 1430 ended. Length: 289, Reward: 251.44
2026-01-09 09:56:53,784 - INFO - main - Episode 1431 ended. Length: 289, Reward: 253.09
2026-01-09 09:56:53,784 - INFO - main - Episode 1432 ended. Length: 289, Reward: 252.26
2026-01-09 09:56:55,176 - INFO - main - Episode 1433 ended. Length: 289, Reward: 252.05
2026-01-09 09:56:55,176 - INFO - main - Episode 1434 ended. Length: 289, Reward: 252.68
2026-01-09 09:56:55,176 - INFO - main - Episode 1435 ended. Length: 289, Reward: 251.70
2026-01-09 09:56:55,176 - INFO - main - Episode 1436 ended. Length: 289, Reward: 253.07
2026-01-09 09:56:56,566 - INFO - main - Episode 1437 ended. Length: 289, Reward: 251.51
2026-01-09 09:56:56,566 - INFO - main - Episode 1438 ended. Length: 289, Reward: 253.21
2026-01-09 09:56:56,566 - INFO - main - Episode 1439 ended. Length: 289, Reward: 252.99
2026-01-09 09:56:56,566 - INFO - main - Episode 1440 ended. Length: 289, Reward: 252.16
2026-01-09 09:56:56,566 - INFO - main - Episode 1440: Checking checkpoint (current_reward_rate=0.2965, best_reward_rate=0.2965)
2026-01-09 09:56:57,958 - INFO - main - Episode 1441 ended. Length: 289, Reward: 252.18
2026-01-09 09:56:57,958 - INFO - main - Episode 1442 ended. Length: 289, Reward: 253.92
2026-01-09 09:56:57,958 - INFO - main - Episode 1443 ended. Length: 289, Reward: 250.70
2026-01-09 09:56:57,958 - INFO - main - Episode 1444 ended. Length: 289, Reward: 252.53
2026-01-09 09:56:59,345 - INFO - main - Episode 1445 ended. Length: 289, Reward: 251.63
2026-01-09 09:56:59,346 - INFO - main - Episode 1446 ended. Length: 289, Reward: 252.31
2026-01-09 09:56:59,346 - INFO - main - Episode 1447 ended. Length: 289, Reward: 252.33
2026-01-09 09:56:59,346 - INFO - main - Episode 1448 ended. Length: 289, Reward: 252.55
2026-01-09 09:57:00,735 - INFO - main - Episode 1449 ended. Length: 289, Reward: 250.54
2026-01-09 09:57:00,735 - INFO - main - Episode 1450 ended. Length: 289, Reward: 251.93
2026-01-09 09:57:00,735 - INFO - main - Episode 1451 ended. Length: 289, Reward: 251.86
2026-01-09 09:57:00,735 - INFO - main - Episode 1452 ended. Length: 289, Reward: 252.80
2026-01-09 09:57:02,621 - INFO - main - Eval metrics - episode_return_mean: 257.0810, achieved_reward: 257.0810, reward_rate: 0.2965 (max_possible: 867.0)
2026-01-09 09:57:03,755 - INFO - main - Episode 1453 ended. Length: 289, Reward: 252.19
2026-01-09 09:57:03,756 - INFO - main - Episode 1454 ended. Length: 289, Reward: 251.85
2026-01-09 09:57:03,757 - INFO - main - Episode 1455 ended. Length: 289, Reward: 250.88
2026-01-09 09:57:03,757 - INFO - main - Episode 1456 ended. Length: 289, Reward: 252.00
2026-01-09 09:57:05,150 - INFO - main - Episode 1457 ended. Length: 289, Reward: 251.40
2026-01-09 09:57:05,150 - INFO - main - Episode 1458 ended. Length: 289, Reward: 250.79
2026-01-09 09:57:05,150 - INFO - main - Episode 1459 ended. Length: 289, Reward: 250.84
2026-01-09 09:57:05,151 - INFO - main - Episode 1460 ended. Length: 289, Reward: 251.02
2026-01-09 09:57:05,151 - INFO - main - Episode 1460: Checking checkpoint (current_reward_rate=0.2965, best_reward_rate=0.2965)
2026-01-09 09:57:06,538 - INFO - main - Episode 1461 ended. Length: 289, Reward: 250.70
2026-01-09 09:57:06,538 - INFO - main - Episode 1462 ended. Length: 289, Reward: 252.18
2026-01-09 09:57:06,538 - INFO - main - Episode 1463 ended. Length: 289, Reward: 252.81
2026-01-09 09:57:06,538 - INFO - main - Episode 1464 ended. Length: 289, Reward: 250.75
2026-01-09 09:57:07,926 - INFO - main - Episode 1465 ended. Length: 289, Reward: 252.52
2026-01-09 09:57:07,926 - INFO - main - Episode 1466 ended. Length: 289, Reward: 252.48
2026-01-09 09:57:07,926 - INFO - main - Episode 1467 ended. Length: 289, Reward: 251.97
2026-01-09 09:57:07,926 - INFO - main - Episode 1468 ended. Length: 289, Reward: 251.85
2026-01-09 09:57:09,313 - INFO - main - Episode 1469 ended. Length: 289, Reward: 253.92
2026-01-09 09:57:09,313 - INFO - main - Episode 1470 ended. Length: 289, Reward: 252.14
2026-01-09 09:57:09,313 - INFO - main - Episode 1471 ended. Length: 289, Reward: 250.95
2026-01-09 09:57:09,313 - INFO - main - Episode 1472 ended. Length: 289, Reward: 251.83
2026-01-09 09:57:10,701 - INFO - main - Episode 1473 ended. Length: 289, Reward: 251.69
2026-01-09 09:57:10,701 - INFO - main - Episode 1474 ended. Length: 289, Reward: 252.56
2026-01-09 09:57:10,701 - INFO - main - Episode 1475 ended. Length: 289, Reward: 251.71
2026-01-09 09:57:10,701 - INFO - main - Episode 1476 ended. Length: 289, Reward: 251.18
2026-01-09 09:57:12,089 - INFO - main - Episode 1477 ended. Length: 289, Reward: 250.97
2026-01-09 09:57:12,089 - INFO - main - Episode 1478 ended. Length: 289, Reward: 250.93
2026-01-09 09:57:12,089 - INFO - main - Episode 1479 ended. Length: 289, Reward: 251.88
2026-01-09 09:57:12,089 - INFO - main - Episode 1480 ended. Length: 289, Reward: 250.29
2026-01-09 09:57:12,089 - INFO - main - Episode 1480: Checking checkpoint (current_reward_rate=0.2965, best_reward_rate=0.2965)
2026-01-09 09:57:13,475 - INFO - main - Episode 1481 ended. Length: 289, Reward: 252.33
2026-01-09 09:57:13,476 - INFO - main - Episode 1482 ended. Length: 289, Reward: 250.52
2026-01-09 09:57:13,476 - INFO - main - Episode 1483 ended. Length: 289, Reward: 250.93
2026-01-09 09:57:13,476 - INFO - main - Episode 1484 ended. Length: 289, Reward: 251.56
2026-01-09 09:57:14,856 - INFO - main - Episode 1485 ended. Length: 289, Reward: 250.55
2026-01-09 09:57:14,856 - INFO - main - Episode 1486 ended. Length: 289, Reward: 252.10
2026-01-09 09:57:14,856 - INFO - main - Episode 1487 ended. Length: 289, Reward: 251.94
2026-01-09 09:57:14,856 - INFO - main - Episode 1488 ended. Length: 289, Reward: 248.64
2026-01-09 09:57:16,243 - INFO - main - Episode 1489 ended. Length: 289, Reward: 251.22
2026-01-09 09:57:16,243 - INFO - main - Episode 1490 ended. Length: 289, Reward: 249.74
2026-01-09 09:57:16,243 - INFO - main - Episode 1491 ended. Length: 289, Reward: 252.09
2026-01-09 09:57:16,243 - INFO - main - Episode 1492 ended. Length: 289, Reward: 252.23
2026-01-09 09:57:17,627 - INFO - main - Episode 1493 ended. Length: 289, Reward: 250.37
2026-01-09 09:57:17,627 - INFO - main - Episode 1494 ended. Length: 289, Reward: 249.81
2026-01-09 09:57:17,627 - INFO - main - Episode 1495 ended. Length: 289, Reward: 252.04
2026-01-09 09:57:17,627 - INFO - main - Episode 1496 ended. Length: 289, Reward: 252.00
2026-01-09 09:57:19,015 - INFO - main - Episode 1497 ended. Length: 289, Reward: 251.16
2026-01-09 09:57:19,015 - INFO - main - Episode 1498 ended. Length: 289, Reward: 249.79
2026-01-09 09:57:19,015 - INFO - main - Episode 1499 ended. Length: 289, Reward: 250.01
2026-01-09 09:57:19,015 - INFO - main - Episode 1500 ended. Length: 289, Reward: 251.93
2026-01-09 09:57:19,015 - INFO - main - Episode 1500: Checking checkpoint (current_reward_rate=0.2965, best_reward_rate=0.2965)
2026-01-09 09:57:20,401 - INFO - main - Episode 1501 ended. Length: 289, Reward: 252.83
2026-01-09 09:57:20,401 - INFO - main - Episode 1502 ended. Length: 289, Reward: 251.70
2026-01-09 09:57:20,401 - INFO - main - Episode 1503 ended. Length: 289, Reward: 253.29
2026-01-09 09:57:20,401 - INFO - main - Episode 1504 ended. Length: 289, Reward: 251.15
2026-01-09 09:57:21,785 - INFO - main - Episode 1505 ended. Length: 289, Reward: 250.06
2026-01-09 09:57:21,785 - INFO - main - Episode 1506 ended. Length: 289, Reward: 252.67
2026-01-09 09:57:21,785 - INFO - main - Episode 1507 ended. Length: 289, Reward: 252.53
2026-01-09 09:57:21,785 - INFO - main - Episode 1508 ended. Length: 289, Reward: 251.84
2026-01-09 09:57:23,169 - INFO - main - Episode 1509 ended. Length: 289, Reward: 250.78
2026-01-09 09:57:23,169 - INFO - main - Episode 1510 ended. Length: 289, Reward: 251.68
2026-01-09 09:57:23,169 - INFO - main - Episode 1511 ended. Length: 289, Reward: 250.90
2026-01-09 09:57:23,169 - INFO - main - Episode 1512 ended. Length: 289, Reward: 250.95
2026-01-09 09:57:24,556 - INFO - main - Episode 1513 ended. Length: 289, Reward: 250.95
2026-01-09 09:57:24,556 - INFO - main - Episode 1514 ended. Length: 289, Reward: 252.83
2026-01-09 09:57:24,556 - INFO - main - Episode 1515 ended. Length: 289, Reward: 252.02
2026-01-09 09:57:24,556 - INFO - main - Episode 1516 ended. Length: 289, Reward: 250.69
2026-01-09 09:57:25,939 - INFO - main - Episode 1517 ended. Length: 289, Reward: 252.32
2026-01-09 09:57:25,939 - INFO - main - Episode 1518 ended. Length: 289, Reward: 251.74
2026-01-09 09:57:25,939 - INFO - main - Episode 1519 ended. Length: 289, Reward: 251.70
2026-01-09 09:57:25,939 - INFO - main - Episode 1520 ended. Length: 289, Reward: 250.74
2026-01-09 09:57:25,939 - INFO - main - Episode 1520: Checking checkpoint (current_reward_rate=0.2965, best_reward_rate=0.2965)
2026-01-09 09:57:28,064 - INFO - main - Eval metrics - episode_return_mean: 257.0810, achieved_reward: 257.0810, reward_rate: 0.2965 (max_possible: 867.0)
2026-01-09 09:57:28,956 - INFO - main - Episode 1521 ended. Length: 289, Reward: 251.21
2026-01-09 09:57:28,956 - INFO - main - Episode 1522 ended. Length: 289, Reward: 252.50
2026-01-09 09:57:28,956 - INFO - main - Episode 1523 ended. Length: 289, Reward: 252.98
2026-01-09 09:57:28,956 - INFO - main - Episode 1524 ended. Length: 289, Reward: 252.42
2026-01-09 09:57:30,343 - INFO - main - Episode 1525 ended. Length: 289, Reward: 250.81
2026-01-09 09:57:30,343 - INFO - main - Episode 1526 ended. Length: 289, Reward: 251.72
2026-01-09 09:57:30,343 - INFO - main - Episode 1527 ended. Length: 289, Reward: 251.48
2026-01-09 09:57:30,343 - INFO - main - Episode 1528 ended. Length: 289, Reward: 251.58
2026-01-09 09:57:31,730 - INFO - main - Episode 1529 ended. Length: 289, Reward: 253.02
2026-01-09 09:57:31,730 - INFO - main - Episode 1530 ended. Length: 289, Reward: 250.93
2026-01-09 09:57:31,730 - INFO - main - Episode 1531 ended. Length: 289, Reward: 251.66
2026-01-09 09:57:31,730 - INFO - main - Episode 1532 ended. Length: 289, Reward: 251.73
2026-01-09 09:57:33,115 - INFO - main - Episode 1533 ended. Length: 289, Reward: 252.43
2026-01-09 09:57:33,115 - INFO - main - Episode 1534 ended. Length: 289, Reward: 252.99
2026-01-09 09:57:33,115 - INFO - main - Episode 1535 ended. Length: 289, Reward: 250.32
2026-01-09 09:57:33,115 - INFO - main - Episode 1536 ended. Length: 289, Reward: 252.06
2026-01-09 09:57:34,497 - INFO - main - Episode 1537 ended. Length: 289, Reward: 251.52
2026-01-09 09:57:34,497 - INFO - main - Episode 1538 ended. Length: 289, Reward: 251.34
2026-01-09 09:57:34,497 - INFO - main - Episode 1539 ended. Length: 289, Reward: 251.68
2026-01-09 09:57:34,498 - INFO - main - Episode 1540 ended. Length: 289, Reward: 252.22
2026-01-09 09:57:34,498 - INFO - main - Episode 1540: Checking checkpoint (current_reward_rate=0.2965, best_reward_rate=0.2965)
2026-01-09 09:57:35,887 - INFO - main - Episode 1541 ended. Length: 289, Reward: 251.12
2026-01-09 09:57:35,887 - INFO - main - Episode 1542 ended. Length: 289, Reward: 252.64
2026-01-09 09:57:35,887 - INFO - main - Episode 1543 ended. Length: 289, Reward: 252.54
2026-01-09 09:57:35,887 - INFO - main - Episode 1544 ended. Length: 289, Reward: 251.55
2026-01-09 09:57:37,270 - INFO - main - Episode 1545 ended. Length: 289, Reward: 251.70
2026-01-09 09:57:37,270 - INFO - main - Episode 1546 ended. Length: 289, Reward: 252.12
2026-01-09 09:57:37,270 - INFO - main - Episode 1547 ended. Length: 289, Reward: 251.53
2026-01-09 09:57:37,270 - INFO - main - Episode 1548 ended. Length: 289, Reward: 251.27
2026-01-09 09:57:38,654 - INFO - main - Episode 1549 ended. Length: 289, Reward: 251.34
2026-01-09 09:57:38,654 - INFO - main - Episode 1550 ended. Length: 289, Reward: 252.59
2026-01-09 09:57:38,654 - INFO - main - Episode 1551 ended. Length: 289, Reward: 252.71
2026-01-09 09:57:38,654 - INFO - main - Episode 1552 ended. Length: 289, Reward: 250.06
2026-01-09 09:57:40,042 - INFO - main - Episode 1553 ended. Length: 289, Reward: 251.47
2026-01-09 09:57:40,042 - INFO - main - Episode 1554 ended. Length: 289, Reward: 248.69
2026-01-09 09:57:40,043 - INFO - main - Episode 1555 ended. Length: 289, Reward: 252.01
2026-01-09 09:57:40,043 - INFO - main - Episode 1556 ended. Length: 289, Reward: 251.19
2026-01-09 09:57:41,434 - INFO - main - Episode 1557 ended. Length: 289, Reward: 250.66
2026-01-09 09:57:41,434 - INFO - main - Episode 1558 ended. Length: 289, Reward: 250.33
2026-01-09 09:57:41,434 - INFO - main - Episode 1559 ended. Length: 289, Reward: 251.26
2026-01-09 09:57:41,434 - INFO - main - Episode 1560 ended. Length: 289, Reward: 250.52
2026-01-09 09:57:41,434 - INFO - main - Episode 1560: Checking checkpoint (current_reward_rate=0.2965, best_reward_rate=0.2965)
2026-01-09 09:57:42,827 - INFO - main - Episode 1561 ended. Length: 289, Reward: 249.31
2026-01-09 09:57:42,827 - INFO - main - Episode 1562 ended. Length: 289, Reward: 250.96
2026-01-09 09:57:42,827 - INFO - main - Episode 1563 ended. Length: 289, Reward: 248.71
2026-01-09 09:57:42,827 - INFO - main - Episode 1564 ended. Length: 289, Reward: 251.45
2026-01-09 09:57:44,218 - INFO - main - Episode 1565 ended. Length: 289, Reward: 250.25
2026-01-09 09:57:44,218 - INFO - main - Episode 1566 ended. Length: 289, Reward: 252.71
2026-01-09 09:57:44,218 - INFO - main - Episode 1567 ended. Length: 289, Reward: 250.59
2026-01-09 09:57:44,218 - INFO - main - Episode 1568 ended. Length: 289, Reward: 250.63
2026-01-09 09:57:45,606 - INFO - main - Episode 1569 ended. Length: 289, Reward: 249.66
2026-01-09 09:57:45,606 - INFO - main - Episode 1570 ended. Length: 289, Reward: 252.13
2026-01-09 09:57:45,606 - INFO - main - Episode 1571 ended. Length: 289, Reward: 249.87
2026-01-09 09:57:45,606 - INFO - main - Episode 1572 ended. Length: 289, Reward: 251.44
2026-01-09 09:57:46,993 - INFO - main - Episode 1573 ended. Length: 289, Reward: 251.32
2026-01-09 09:57:46,993 - INFO - main - Episode 1574 ended. Length: 289, Reward: 249.80
2026-01-09 09:57:46,993 - INFO - main - Episode 1575 ended. Length: 289, Reward: 253.15
2026-01-09 09:57:46,993 - INFO - main - Episode 1576 ended. Length: 289, Reward: 252.27
2026-01-09 09:57:48,387 - INFO - main - Episode 1577 ended. Length: 289, Reward: 251.78
2026-01-09 09:57:48,387 - INFO - main - Episode 1578 ended. Length: 289, Reward: 251.16
2026-01-09 09:57:48,387 - INFO - main - Episode 1579 ended. Length: 289, Reward: 251.23
2026-01-09 09:57:48,387 - INFO - main - Episode 1580 ended. Length: 289, Reward: 251.83
2026-01-09 09:57:48,387 - INFO - main - Episode 1580: Checking checkpoint (current_reward_rate=0.2965, best_reward_rate=0.2965)
2026-01-09 09:57:49,780 - INFO - main - Episode 1581 ended. Length: 289, Reward: 251.71
2026-01-09 09:57:49,780 - INFO - main - Episode 1582 ended. Length: 289, Reward: 251.11
2026-01-09 09:57:49,780 - INFO - main - Episode 1583 ended. Length: 289, Reward: 250.92
2026-01-09 09:57:49,780 - INFO - main - Episode 1584 ended. Length: 289, Reward: 250.23
2026-01-09 09:57:51,170 - INFO - main - Episode 1585 ended. Length: 289, Reward: 250.49
2026-01-09 09:57:51,170 - INFO - main - Episode 1586 ended. Length: 289, Reward: 251.51
2026-01-09 09:57:51,170 - INFO - main - Episode 1587 ended. Length: 289, Reward: 251.17
2026-01-09 09:57:51,170 - INFO - main - Episode 1588 ended. Length: 289, Reward: 251.69
2026-01-09 09:57:54,124 - INFO - main - Eval metrics - episode_return_mean: 252.6289, achieved_reward: 252.6289, reward_rate: 0.2914 (max_possible: 867.0)
2026-01-09 09:57:54,188 - INFO - main - Episode 1589 ended. Length: 289, Reward: 250.77
2026-01-09 09:57:54,188 - INFO - main - Episode 1590 ended. Length: 289, Reward: 250.20
2026-01-09 09:57:54,188 - INFO - main - Episode 1591 ended. Length: 289, Reward: 252.38
2026-01-09 09:57:54,188 - INFO - main - Episode 1592 ended. Length: 289, Reward: 251.15
2026-01-09 09:57:55,579 - INFO - main - Episode 1593 ended. Length: 289, Reward: 249.20
2026-01-09 09:57:55,579 - INFO - main - Episode 1594 ended. Length: 289, Reward: 250.48
2026-01-09 09:57:55,579 - INFO - main - Episode 1595 ended. Length: 289, Reward: 251.32
2026-01-09 09:57:55,579 - INFO - main - Episode 1596 ended. Length: 289, Reward: 250.64
2026-01-09 09:57:56,968 - INFO - main - Episode 1597 ended. Length: 289, Reward: 250.11
2026-01-09 09:57:56,968 - INFO - main - Episode 1598 ended. Length: 289, Reward: 251.03
2026-01-09 09:57:56,968 - INFO - main - Episode 1599 ended. Length: 289, Reward: 251.42
2026-01-09 09:57:56,968 - INFO - main - Episode 1600 ended. Length: 289, Reward: 249.78
2026-01-09 09:57:56,968 - INFO - main - Episode 1600: Checking checkpoint (current_reward_rate=0.2965, best_reward_rate=0.2965)
2026-01-09 09:57:58,352 - INFO - main - Episode 1601 ended. Length: 289, Reward: 250.06
2026-01-09 09:57:58,352 - INFO - main - Episode 1602 ended. Length: 289, Reward: 250.80
2026-01-09 09:57:58,352 - INFO - main - Episode 1603 ended. Length: 289, Reward: 250.66
2026-01-09 09:57:58,352 - INFO - main - Episode 1604 ended. Length: 289, Reward: 249.52
2026-01-09 09:57:59,734 - INFO - main - Episode 1605 ended. Length: 289, Reward: 249.33
2026-01-09 09:57:59,734 - INFO - main - Episode 1606 ended. Length: 289, Reward: 251.22
2026-01-09 09:57:59,734 - INFO - main - Episode 1607 ended. Length: 289, Reward: 250.01
2026-01-09 09:57:59,734 - INFO - main - Episode 1608 ended. Length: 289, Reward: 251.67
2026-01-09 09:58:01,127 - INFO - main - Episode 1609 ended. Length: 289, Reward: 250.55
2026-01-09 09:58:01,127 - INFO - main - Episode 1610 ended. Length: 289, Reward: 249.28
2026-01-09 09:58:01,127 - INFO - main - Episode 1611 ended. Length: 289, Reward: 251.69
2026-01-09 09:58:01,127 - INFO - main - Episode 1612 ended. Length: 289, Reward: 250.30
2026-01-09 09:58:02,516 - INFO - main - Episode 1613 ended. Length: 289, Reward: 250.62
2026-01-09 09:58:02,516 - INFO - main - Episode 1614 ended. Length: 289, Reward: 249.84
2026-01-09 09:58:02,516 - INFO - main - Episode 1615 ended. Length: 289, Reward: 250.74
2026-01-09 09:58:02,516 - INFO - main - Episode 1616 ended. Length: 289, Reward: 249.46
2026-01-09 09:58:03,906 - INFO - main - Episode 1617 ended. Length: 289, Reward: 249.45
2026-01-09 09:58:03,906 - INFO - main - Episode 1618 ended. Length: 289, Reward: 251.50
2026-01-09 09:58:03,906 - INFO - main - Episode 1619 ended. Length: 289, Reward: 250.75
2026-01-09 09:58:03,906 - INFO - main - Episode 1620 ended. Length: 289, Reward: 251.78
2026-01-09 09:58:03,906 - INFO - main - Episode 1620: Checking checkpoint (current_reward_rate=0.2965, best_reward_rate=0.2965)
2026-01-09 09:58:05,292 - INFO - main - Episode 1621 ended. Length: 289, Reward: 249.05
2026-01-09 09:58:05,292 - INFO - main - Episode 1622 ended. Length: 289, Reward: 249.04
2026-01-09 09:58:05,293 - INFO - main - Episode 1623 ended. Length: 289, Reward: 249.31
2026-01-09 09:58:05,293 - INFO - main - Episode 1624 ended. Length: 289, Reward: 250.63
2026-01-09 09:58:06,682 - INFO - main - Episode 1625 ended. Length: 289, Reward: 251.12
2026-01-09 09:58:06,682 - INFO - main - Episode 1626 ended. Length: 289, Reward: 250.31
2026-01-09 09:58:06,682 - INFO - main - Episode 1627 ended. Length: 289, Reward: 251.56
2026-01-09 09:58:06,682 - INFO - main - Episode 1628 ended. Length: 289, Reward: 250.67
2026-01-09 09:58:08,072 - INFO - main - Episode 1629 ended. Length: 289, Reward: 250.24
2026-01-09 09:58:08,072 - INFO - main - Episode 1630 ended. Length: 289, Reward: 251.73
2026-01-09 09:58:08,072 - INFO - main - Episode 1631 ended. Length: 289, Reward: 250.96
2026-01-09 09:58:08,072 - INFO - main - Episode 1632 ended. Length: 289, Reward: 253.29
2026-01-09 09:58:09,462 - INFO - main - Episode 1633 ended. Length: 289, Reward: 251.32
2026-01-09 09:58:09,462 - INFO - main - Episode 1634 ended. Length: 289, Reward: 250.28
2026-01-09 09:58:09,462 - INFO - main - Episode 1635 ended. Length: 289, Reward: 250.29
2026-01-09 09:58:09,462 - INFO - main - Episode 1636 ended. Length: 289, Reward: 251.13
2026-01-09 09:58:10,849 - INFO - main - Episode 1637 ended. Length: 289, Reward: 251.82
2026-01-09 09:58:10,849 - INFO - main - Episode 1638 ended. Length: 289, Reward: 250.04
2026-01-09 09:58:10,849 - INFO - main - Episode 1639 ended. Length: 289, Reward: 250.06
2026-01-09 09:58:10,849 - INFO - main - Episode 1640 ended. Length: 289, Reward: 251.74
2026-01-09 09:58:10,849 - INFO - main - Episode 1640: Checking checkpoint (current_reward_rate=0.2965, best_reward_rate=0.2965)
2026-01-09 09:58:12,238 - INFO - main - Episode 1641 ended. Length: 289, Reward: 250.82
2026-01-09 09:58:12,238 - INFO - main - Episode 1642 ended. Length: 289, Reward: 249.86
2026-01-09 09:58:12,238 - INFO - main - Episode 1643 ended. Length: 289, Reward: 251.16
2026-01-09 09:58:12,238 - INFO - main - Episode 1644 ended. Length: 289, Reward: 250.28
2026-01-09 09:58:13,629 - INFO - main - Episode 1645 ended. Length: 289, Reward: 250.75
2026-01-09 09:58:13,629 - INFO - main - Episode 1646 ended. Length: 289, Reward: 250.42
2026-01-09 09:58:13,629 - INFO - main - Episode 1647 ended. Length: 289, Reward: 250.59
2026-01-09 09:58:13,629 - INFO - main - Episode 1648 ended. Length: 289, Reward: 251.19
2026-01-09 09:58:15,022 - INFO - main - Episode 1649 ended. Length: 289, Reward: 251.01
2026-01-09 09:58:15,022 - INFO - main - Episode 1650 ended. Length: 289, Reward: 249.88
2026-01-09 09:58:15,022 - INFO - main - Episode 1651 ended. Length: 289, Reward: 249.60
2026-01-09 09:58:15,022 - INFO - main - Episode 1652 ended. Length: 289, Reward: 250.49
2026-01-09 09:58:16,415 - INFO - main - Episode 1653 ended. Length: 289, Reward: 250.24
2026-01-09 09:58:16,415 - INFO - main - Episode 1654 ended. Length: 289, Reward: 250.40
2026-01-09 09:58:16,415 - INFO - main - Episode 1655 ended. Length: 289, Reward: 250.44
2026-01-09 09:58:16,415 - INFO - main - Episode 1656 ended. Length: 289, Reward: 250.94
2026-01-09 09:58:17,808 - INFO - main - Episode 1657 ended. Length: 289, Reward: 250.59
2026-01-09 09:58:17,808 - INFO - main - Episode 1658 ended. Length: 289, Reward: 249.23
2026-01-09 09:58:17,809 - INFO - main - Episode 1659 ended. Length: 289, Reward: 250.38
2026-01-09 09:58:17,809 - INFO - main - Episode 1660 ended. Length: 289, Reward: 251.13
2026-01-09 09:58:17,809 - INFO - main - Episode 1660: Checking checkpoint (current_reward_rate=0.2965, best_reward_rate=0.2965)
2026-01-09 09:58:19,620 - INFO - main - Eval metrics - episode_return_mean: 257.0810, achieved_reward: 257.0810, reward_rate: 0.2965 (max_possible: 867.0)
2026-01-09 09:58:20,833 - INFO - main - Episode 1661 ended. Length: 289, Reward: 250.60
2026-01-09 09:58:20,833 - INFO - main - Episode 1662 ended. Length: 289, Reward: 249.35
2026-01-09 09:58:20,833 - INFO - main - Episode 1663 ended. Length: 289, Reward: 252.20
2026-01-09 09:58:20,833 - INFO - main - Episode 1664 ended. Length: 289, Reward: 250.78
2026-01-09 09:58:22,226 - INFO - main - Episode 1665 ended. Length: 289, Reward: 250.74
2026-01-09 09:58:22,226 - INFO - main - Episode 1666 ended. Length: 289, Reward: 251.23
2026-01-09 09:58:22,226 - INFO - main - Episode 1667 ended. Length: 289, Reward: 251.14
2026-01-09 09:58:22,226 - INFO - main - Episode 1668 ended. Length: 289, Reward: 251.08
2026-01-09 09:58:23,617 - INFO - main - Episode 1669 ended. Length: 289, Reward: 250.78
2026-01-09 09:58:23,617 - INFO - main - Episode 1670 ended. Length: 289, Reward: 251.68
2026-01-09 09:58:23,617 - INFO - main - Episode 1671 ended. Length: 289, Reward: 250.41
2026-01-09 09:58:23,617 - INFO - main - Episode 1672 ended. Length: 289, Reward: 252.50
2026-01-09 09:58:25,008 - INFO - main - Episode 1673 ended. Length: 289, Reward: 251.00
2026-01-09 09:58:25,008 - INFO - main - Episode 1674 ended. Length: 289, Reward: 250.79
2026-01-09 09:58:25,008 - INFO - main - Episode 1675 ended. Length: 289, Reward: 250.38
2026-01-09 09:58:25,008 - INFO - main - Episode 1676 ended. Length: 289, Reward: 248.99
2026-01-09 09:58:26,397 - INFO - main - Episode 1677 ended. Length: 289, Reward: 250.51
2026-01-09 09:58:26,397 - INFO - main - Episode 1678 ended. Length: 289, Reward: 250.55
2026-01-09 09:58:26,397 - INFO - main - Episode 1679 ended. Length: 289, Reward: 250.60
2026-01-09 09:58:26,397 - INFO - main - Episode 1680 ended. Length: 289, Reward: 250.51
2026-01-09 09:58:26,397 - INFO - main - Episode 1680: Checking checkpoint (current_reward_rate=0.2965, best_reward_rate=0.2965)
2026-01-09 09:58:27,788 - INFO - main - Episode 1681 ended. Length: 289, Reward: 252.14
2026-01-09 09:58:27,788 - INFO - main - Episode 1682 ended. Length: 289, Reward: 251.08
2026-01-09 09:58:27,788 - INFO - main - Episode 1683 ended. Length: 289, Reward: 250.28
2026-01-09 09:58:27,788 - INFO - main - Episode 1684 ended. Length: 289, Reward: 251.80
2026-01-09 09:58:29,173 - INFO - main - Episode 1685 ended. Length: 289, Reward: 248.52
2026-01-09 09:58:29,174 - INFO - main - Episode 1686 ended. Length: 289, Reward: 249.91
2026-01-09 09:58:29,174 - INFO - main - Episode 1687 ended. Length: 289, Reward: 251.02
2026-01-09 09:58:29,174 - INFO - main - Episode 1688 ended. Length: 289, Reward: 249.95
2026-01-09 09:58:30,558 - INFO - main - Episode 1689 ended. Length: 289, Reward: 249.97
2026-01-09 09:58:30,558 - INFO - main - Episode 1690 ended. Length: 289, Reward: 250.84
2026-01-09 09:58:30,558 - INFO - main - Episode 1691 ended. Length: 289, Reward: 250.83
2026-01-09 09:58:30,558 - INFO - main - Episode 1692 ended. Length: 289, Reward: 249.48
2026-01-09 09:58:31,954 - INFO - main - Episode 1693 ended. Length: 289, Reward: 248.92
2026-01-09 09:58:31,954 - INFO - main - Episode 1694 ended. Length: 289, Reward: 251.43
2026-01-09 09:58:31,954 - INFO - main - Episode 1695 ended. Length: 289, Reward: 251.24
2026-01-09 09:58:31,954 - INFO - main - Episode 1696 ended. Length: 289, Reward: 252.02
2026-01-09 09:58:33,348 - INFO - main - Episode 1697 ended. Length: 289, Reward: 249.94
2026-01-09 09:58:33,348 - INFO - main - Episode 1698 ended. Length: 289, Reward: 250.22
2026-01-09 09:58:33,348 - INFO - main - Episode 1699 ended. Length: 289, Reward: 251.15
2026-01-09 09:58:33,348 - INFO - main - Episode 1700 ended. Length: 289, Reward: 251.51
2026-01-09 09:58:33,348 - INFO - main - Episode 1700: Checking checkpoint (current_reward_rate=0.2965, best_reward_rate=0.2965)
2026-01-09 09:58:34,745 - INFO - main - Episode 1701 ended. Length: 289, Reward: 251.73
2026-01-09 09:58:34,745 - INFO - main - Episode 1702 ended. Length: 289, Reward: 251.15
2026-01-09 09:58:34,745 - INFO - main - Episode 1703 ended. Length: 289, Reward: 250.04
2026-01-09 09:58:34,745 - INFO - main - Episode 1704 ended. Length: 289, Reward: 251.66
2026-01-09 09:58:36,137 - INFO - main - Episode 1705 ended. Length: 289, Reward: 250.76
2026-01-09 09:58:36,137 - INFO - main - Episode 1706 ended. Length: 289, Reward: 250.81
2026-01-09 09:58:36,137 - INFO - main - Episode 1707 ended. Length: 289, Reward: 251.27
2026-01-09 09:58:36,137 - INFO - main - Episode 1708 ended. Length: 289, Reward: 250.05
2026-01-09 09:58:37,529 - INFO - main - Episode 1709 ended. Length: 289, Reward: 249.33
2026-01-09 09:58:37,529 - INFO - main - Episode 1710 ended. Length: 289, Reward: 249.92
2026-01-09 09:58:37,529 - INFO - main - Episode 1711 ended. Length: 289, Reward: 250.80
2026-01-09 09:58:37,529 - INFO - main - Episode 1712 ended. Length: 289, Reward: 249.42
2026-01-09 09:58:38,923 - INFO - main - Episode 1713 ended. Length: 289, Reward: 251.69
2026-01-09 09:58:38,924 - INFO - main - Episode 1714 ended. Length: 289, Reward: 250.89
2026-01-09 09:58:38,924 - INFO - main - Episode 1715 ended. Length: 289, Reward: 251.49
2026-01-09 09:58:38,924 - INFO - main - Episode 1716 ended. Length: 289, Reward: 252.07
2026-01-09 09:58:40,316 - INFO - main - Episode 1717 ended. Length: 289, Reward: 251.75
2026-01-09 09:58:40,316 - INFO - main - Episode 1718 ended. Length: 289, Reward: 250.74
2026-01-09 09:58:40,316 - INFO - main - Episode 1719 ended. Length: 289, Reward: 250.95
2026-01-09 09:58:40,316 - INFO - main - Episode 1720 ended. Length: 289, Reward: 250.25
2026-01-09 09:58:40,316 - INFO - main - Episode 1720: Checking checkpoint (current_reward_rate=0.2965, best_reward_rate=0.2965)
2026-01-09 09:58:41,705 - INFO - main - Episode 1721 ended. Length: 289, Reward: 250.16
2026-01-09 09:58:41,705 - INFO - main - Episode 1722 ended. Length: 289, Reward: 249.51
2026-01-09 09:58:41,705 - INFO - main - Episode 1723 ended. Length: 289, Reward: 251.29
2026-01-09 09:58:41,705 - INFO - main - Episode 1724 ended. Length: 289, Reward: 250.03
2026-01-09 09:58:43,095 - INFO - main - Episode 1725 ended. Length: 289, Reward: 250.27
2026-01-09 09:58:43,095 - INFO - main - Episode 1726 ended. Length: 289, Reward: 250.58
2026-01-09 09:58:43,095 - INFO - main - Episode 1727 ended. Length: 289, Reward: 250.53
2026-01-09 09:58:43,095 - INFO - main - Episode 1728 ended. Length: 289, Reward: 250.44
2026-01-09 09:58:45,729 - INFO - main - Eval metrics - episode_return_mean: 253.8774, achieved_reward: 253.8774, reward_rate: 0.2928 (max_possible: 867.0)
2026-01-09 09:58:46,111 - INFO - main - Episode 1729 ended. Length: 289, Reward: 249.84
2026-01-09 09:58:46,111 - INFO - main - Episode 1730 ended. Length: 289, Reward: 249.84
2026-01-09 09:58:46,111 - INFO - main - Episode 1731 ended. Length: 289, Reward: 250.13
2026-01-09 09:58:46,111 - INFO - main - Episode 1732 ended. Length: 289, Reward: 252.07
2026-01-09 09:58:47,500 - INFO - main - Episode 1733 ended. Length: 289, Reward: 251.62
2026-01-09 09:58:47,500 - INFO - main - Episode 1734 ended. Length: 289, Reward: 250.00
2026-01-09 09:58:47,500 - INFO - main - Episode 1735 ended. Length: 289, Reward: 250.59
2026-01-09 09:58:47,501 - INFO - main - Episode 1736 ended. Length: 289, Reward: 250.42
2026-01-09 09:58:48,890 - INFO - main - Episode 1737 ended. Length: 289, Reward: 250.84
2026-01-09 09:58:48,890 - INFO - main - Episode 1738 ended. Length: 289, Reward: 250.27
2026-01-09 09:58:48,890 - INFO - main - Episode 1739 ended. Length: 289, Reward: 251.78
2026-01-09 09:58:48,890 - INFO - main - Episode 1740 ended. Length: 289, Reward: 250.52
2026-01-09 09:58:48,891 - INFO - main - Episode 1740: Checking checkpoint (current_reward_rate=0.2965, best_reward_rate=0.2965)
2026-01-09 09:58:50,283 - INFO - main - Episode 1741 ended. Length: 289, Reward: 250.25
2026-01-09 09:58:50,283 - INFO - main - Episode 1742 ended. Length: 289, Reward: 250.52
2026-01-09 09:58:50,283 - INFO - main - Episode 1743 ended. Length: 289, Reward: 250.44
2026-01-09 09:58:50,283 - INFO - main - Episode 1744 ended. Length: 289, Reward: 250.21
2026-01-09 09:58:51,676 - INFO - main - Episode 1745 ended. Length: 289, Reward: 251.23
2026-01-09 09:58:51,676 - INFO - main - Episode 1746 ended. Length: 289, Reward: 251.55
2026-01-09 09:58:51,676 - INFO - main - Episode 1747 ended. Length: 289, Reward: 250.84
2026-01-09 09:58:51,676 - INFO - main - Episode 1748 ended. Length: 289, Reward: 250.68
2026-01-09 09:58:53,067 - INFO - main - Episode 1749 ended. Length: 289, Reward: 250.56
2026-01-09 09:58:53,068 - INFO - main - Episode 1750 ended. Length: 289, Reward: 250.54
2026-01-09 09:58:53,069 - INFO - main - Episode 1751 ended. Length: 289, Reward: 250.97
2026-01-09 09:58:53,069 - INFO - main - Episode 1752 ended. Length: 289, Reward: 251.82
2026-01-09 09:58:54,460 - INFO - main - Episode 1753 ended. Length: 289, Reward: 250.06
2026-01-09 09:58:54,460 - INFO - main - Episode 1754 ended. Length: 289, Reward: 249.42
2026-01-09 09:58:54,460 - INFO - main - Episode 1755 ended. Length: 289, Reward: 250.57
2026-01-09 09:58:54,460 - INFO - main - Episode 1756 ended. Length: 289, Reward: 250.01
2026-01-09 09:58:55,856 - INFO - main - Episode 1757 ended. Length: 289, Reward: 249.18
2026-01-09 09:58:55,856 - INFO - main - Episode 1758 ended. Length: 289, Reward: 251.71
2026-01-09 09:58:55,856 - INFO - main - Episode 1759 ended. Length: 289, Reward: 250.26
2026-01-09 09:58:55,856 - INFO - main - Episode 1760 ended. Length: 289, Reward: 250.53
2026-01-09 09:58:55,856 - INFO - main - Episode 1760: Checking checkpoint (current_reward_rate=0.2965, best_reward_rate=0.2965)
2026-01-09 09:58:57,241 - INFO - main - Episode 1761 ended. Length: 289, Reward: 249.20
2026-01-09 09:58:57,241 - INFO - main - Episode 1762 ended. Length: 289, Reward: 251.24
2026-01-09 09:58:57,241 - INFO - main - Episode 1763 ended. Length: 289, Reward: 250.50
2026-01-09 09:58:57,241 - INFO - main - Episode 1764 ended. Length: 289, Reward: 250.96
2026-01-09 09:58:58,634 - INFO - main - Episode 1765 ended. Length: 289, Reward: 251.30
2026-01-09 09:58:58,634 - INFO - main - Episode 1766 ended. Length: 289, Reward: 250.35
2026-01-09 09:58:58,634 - INFO - main - Episode 1767 ended. Length: 289, Reward: 250.72
2026-01-09 09:58:58,634 - INFO - main - Episode 1768 ended. Length: 289, Reward: 250.72
2026-01-09 09:59:00,022 - INFO - main - Episode 1769 ended. Length: 289, Reward: 251.21
2026-01-09 09:59:00,022 - INFO - main - Episode 1770 ended. Length: 289, Reward: 249.16
2026-01-09 09:59:00,022 - INFO - main - Episode 1771 ended. Length: 289, Reward: 249.68
2026-01-09 09:59:00,022 - INFO - main - Episode 1772 ended. Length: 289, Reward: 250.27
2026-01-09 09:59:01,413 - INFO - main - Episode 1773 ended. Length: 289, Reward: 250.76
2026-01-09 09:59:01,413 - INFO - main - Episode 1774 ended. Length: 289, Reward: 251.45
2026-01-09 09:59:01,413 - INFO - main - Episode 1775 ended. Length: 289, Reward: 250.78
2026-01-09 09:59:01,413 - INFO - main - Episode 1776 ended. Length: 289, Reward: 251.17
2026-01-09 09:59:02,804 - INFO - main - Episode 1777 ended. Length: 289, Reward: 250.48
2026-01-09 09:59:02,805 - INFO - main - Episode 1778 ended. Length: 289, Reward: 250.12
2026-01-09 09:59:02,805 - INFO - main - Episode 1779 ended. Length: 289, Reward: 250.70
2026-01-09 09:59:02,805 - INFO - main - Episode 1780 ended. Length: 289, Reward: 252.08
2026-01-09 09:59:02,805 - INFO - main - Episode 1780: Checking checkpoint (current_reward_rate=0.2965, best_reward_rate=0.2965)
2026-01-09 09:59:04,195 - INFO - main - Episode 1781 ended. Length: 289, Reward: 251.81
2026-01-09 09:59:04,195 - INFO - main - Episode 1782 ended. Length: 289, Reward: 250.30
2026-01-09 09:59:04,195 - INFO - main - Episode 1783 ended. Length: 289, Reward: 251.04
2026-01-09 09:59:04,196 - INFO - main - Episode 1784 ended. Length: 289, Reward: 250.24
2026-01-09 09:59:05,585 - INFO - main - Episode 1785 ended. Length: 289, Reward: 251.62
2026-01-09 09:59:05,585 - INFO - main - Episode 1786 ended. Length: 289, Reward: 251.69
2026-01-09 09:59:05,585 - INFO - main - Episode 1787 ended. Length: 289, Reward: 250.71
2026-01-09 09:59:05,585 - INFO - main - Episode 1788 ended. Length: 289, Reward: 250.55
2026-01-09 09:59:06,971 - INFO - main - Episode 1789 ended. Length: 289, Reward: 250.97
2026-01-09 09:59:06,971 - INFO - main - Episode 1790 ended. Length: 289, Reward: 250.51
2026-01-09 09:59:06,971 - INFO - main - Episode 1791 ended. Length: 289, Reward: 251.61
2026-01-09 09:59:06,971 - INFO - main - Episode 1792 ended. Length: 289, Reward: 249.21
2026-01-09 09:59:08,364 - INFO - main - Episode 1793 ended. Length: 289, Reward: 249.85
2026-01-09 09:59:08,366 - INFO - main - Episode 1794 ended. Length: 289, Reward: 251.82
2026-01-09 09:59:08,366 - INFO - main - Episode 1795 ended. Length: 289, Reward: 251.10
2026-01-09 09:59:08,366 - INFO - main - Episode 1796 ended. Length: 289, Reward: 250.60
2026-01-09 09:59:11,248 - INFO - main - Eval metrics - episode_return_mean: 257.0810, achieved_reward: 257.0810, reward_rate: 0.2965 (max_possible: 867.0)
2026-01-09 09:59:11,389 - INFO - main - Episode 1797 ended. Length: 289, Reward: 250.19
2026-01-09 09:59:11,389 - INFO - main - Episode 1798 ended. Length: 289, Reward: 249.64
2026-01-09 09:59:11,389 - INFO - main - Episode 1799 ended. Length: 289, Reward: 250.77
2026-01-09 09:59:11,389 - INFO - main - Episode 1800 ended. Length: 289, Reward: 248.10
2026-01-09 09:59:11,389 - INFO - main - Episode 1800: Checking checkpoint (current_reward_rate=0.2965, best_reward_rate=0.2965)
2026-01-09 09:59:12,777 - INFO - main - Episode 1801 ended. Length: 289, Reward: 250.48
2026-01-09 09:59:12,777 - INFO - main - Episode 1802 ended. Length: 289, Reward: 247.82
2026-01-09 09:59:12,777 - INFO - main - Episode 1803 ended. Length: 289, Reward: 250.91
2026-01-09 09:59:12,777 - INFO - main - Episode 1804 ended. Length: 289, Reward: 250.21
2026-01-09 09:59:14,166 - INFO - main - Episode 1805 ended. Length: 289, Reward: 248.83
2026-01-09 09:59:14,166 - INFO - main - Episode 1806 ended. Length: 289, Reward: 250.05
2026-01-09 09:59:14,166 - INFO - main - Episode 1807 ended. Length: 289, Reward: 252.06
2026-01-09 09:59:14,166 - INFO - main - Episode 1808 ended. Length: 289, Reward: 251.60
2026-01-09 09:59:15,556 - INFO - main - Episode 1809 ended. Length: 289, Reward: 250.23
2026-01-09 09:59:15,556 - INFO - main - Episode 1810 ended. Length: 289, Reward: 249.00
2026-01-09 09:59:15,556 - INFO - main - Episode 1811 ended. Length: 289, Reward: 250.20
2026-01-09 09:59:15,556 - INFO - main - Episode 1812 ended. Length: 289, Reward: 251.88
2026-01-09 09:59:16,947 - INFO - main - Episode 1813 ended. Length: 289, Reward: 250.68
2026-01-09 09:59:16,947 - INFO - main - Episode 1814 ended. Length: 289, Reward: 249.82
2026-01-09 09:59:16,947 - INFO - main - Episode 1815 ended. Length: 289, Reward: 251.04
2026-01-09 09:59:16,947 - INFO - main - Episode 1816 ended. Length: 289, Reward: 249.55
2026-01-09 09:59:18,336 - INFO - main - Episode 1817 ended. Length: 289, Reward: 249.66
2026-01-09 09:59:18,336 - INFO - main - Episode 1818 ended. Length: 289, Reward: 250.46
2026-01-09 09:59:18,336 - INFO - main - Episode 1819 ended. Length: 289, Reward: 251.64
2026-01-09 09:59:18,336 - INFO - main - Episode 1820 ended. Length: 289, Reward: 249.00
2026-01-09 09:59:18,336 - INFO - main - Episode 1820: Checking checkpoint (current_reward_rate=0.2965, best_reward_rate=0.2965)
2026-01-09 09:59:19,723 - INFO - main - Episode 1821 ended. Length: 289, Reward: 250.28
2026-01-09 09:59:19,723 - INFO - main - Episode 1822 ended. Length: 289, Reward: 249.74
2026-01-09 09:59:19,723 - INFO - main - Episode 1823 ended. Length: 289, Reward: 250.85
2026-01-09 09:59:19,723 - INFO - main - Episode 1824 ended. Length: 289, Reward: 249.23
2026-01-09 09:59:21,109 - INFO - main - Episode 1825 ended. Length: 289, Reward: 250.84
2026-01-09 09:59:21,109 - INFO - main - Episode 1826 ended. Length: 289, Reward: 249.46
2026-01-09 09:59:21,109 - INFO - main - Episode 1827 ended. Length: 289, Reward: 251.59
2026-01-09 09:59:21,109 - INFO - main - Episode 1828 ended. Length: 289, Reward: 250.42
2026-01-09 09:59:22,505 - INFO - main - Episode 1829 ended. Length: 289, Reward: 249.64
2026-01-09 09:59:22,506 - INFO - main - Episode 1830 ended. Length: 289, Reward: 250.20
2026-01-09 09:59:22,506 - INFO - main - Episode 1831 ended. Length: 289, Reward: 249.71
2026-01-09 09:59:22,506 - INFO - main - Episode 1832 ended. Length: 289, Reward: 249.86
2026-01-09 09:59:23,898 - INFO - main - Episode 1833 ended. Length: 289, Reward: 249.40
2026-01-09 09:59:23,898 - INFO - main - Episode 1834 ended. Length: 289, Reward: 248.46
2026-01-09 09:59:23,898 - INFO - main - Episode 1835 ended. Length: 289, Reward: 249.02
2026-01-09 09:59:23,899 - INFO - main - Episode 1836 ended. Length: 289, Reward: 249.14
2026-01-09 09:59:25,296 - INFO - main - Episode 1837 ended. Length: 289, Reward: 249.30
2026-01-09 09:59:25,296 - INFO - main - Episode 1838 ended. Length: 289, Reward: 250.58
2026-01-09 09:59:25,296 - INFO - main - Episode 1839 ended. Length: 289, Reward: 249.17
2026-01-09 09:59:25,296 - INFO - main - Episode 1840 ended. Length: 289, Reward: 250.25
2026-01-09 09:59:25,296 - INFO - main - Episode 1840: Checking checkpoint (current_reward_rate=0.2965, best_reward_rate=0.2965)
2026-01-09 09:59:26,686 - INFO - main - Episode 1841 ended. Length: 289, Reward: 248.47
2026-01-09 09:59:26,686 - INFO - main - Episode 1842 ended. Length: 289, Reward: 248.02
2026-01-09 09:59:26,686 - INFO - main - Episode 1843 ended. Length: 289, Reward: 249.77
2026-01-09 09:59:26,686 - INFO - main - Episode 1844 ended. Length: 289, Reward: 248.25
2026-01-09 09:59:28,073 - INFO - main - Episode 1845 ended. Length: 289, Reward: 249.50
2026-01-09 09:59:28,073 - INFO - main - Episode 1846 ended. Length: 289, Reward: 250.47
2026-01-09 09:59:28,073 - INFO - main - Episode 1847 ended. Length: 289, Reward: 247.94
2026-01-09 09:59:28,073 - INFO - main - Episode 1848 ended. Length: 289, Reward: 247.79
2026-01-09 09:59:29,459 - INFO - main - Episode 1849 ended. Length: 289, Reward: 249.45
2026-01-09 09:59:29,459 - INFO - main - Episode 1850 ended. Length: 289, Reward: 249.62
2026-01-09 09:59:29,459 - INFO - main - Episode 1851 ended. Length: 289, Reward: 247.44
2026-01-09 09:59:29,459 - INFO - main - Episode 1852 ended. Length: 289, Reward: 249.71
2026-01-09 09:59:30,848 - INFO - main - Episode 1853 ended. Length: 289, Reward: 249.35
2026-01-09 09:59:30,848 - INFO - main - Episode 1854 ended. Length: 289, Reward: 248.79
2026-01-09 09:59:30,848 - INFO - main - Episode 1855 ended. Length: 289, Reward: 249.70
2026-01-09 09:59:30,848 - INFO - main - Episode 1856 ended. Length: 289, Reward: 247.15
2026-01-09 09:59:32,236 - INFO - main - Episode 1857 ended. Length: 289, Reward: 248.68
2026-01-09 09:59:32,236 - INFO - main - Episode 1858 ended. Length: 289, Reward: 249.57
2026-01-09 09:59:32,236 - INFO - main - Episode 1859 ended. Length: 289, Reward: 249.04
2026-01-09 09:59:32,236 - INFO - main - Episode 1860 ended. Length: 289, Reward: 249.16
2026-01-09 09:59:32,236 - INFO - main - Episode 1860: Checking checkpoint (current_reward_rate=0.2965, best_reward_rate=0.2965)
2026-01-09 09:59:33,620 - INFO - main - Episode 1861 ended. Length: 289, Reward: 248.44
2026-01-09 09:59:33,620 - INFO - main - Episode 1862 ended. Length: 289, Reward: 248.90
2026-01-09 09:59:33,620 - INFO - main - Episode 1863 ended. Length: 289, Reward: 248.30
2026-01-09 09:59:33,620 - INFO - main - Episode 1864 ended. Length: 289, Reward: 248.96
2026-01-09 09:59:35,008 - INFO - main - Episode 1865 ended. Length: 289, Reward: 246.24
2026-01-09 09:59:35,009 - INFO - main - Episode 1866 ended. Length: 289, Reward: 248.83
2026-01-09 09:59:35,009 - INFO - main - Episode 1867 ended. Length: 289, Reward: 247.07
2026-01-09 09:59:35,009 - INFO - main - Episode 1868 ended. Length: 289, Reward: 247.78
2026-01-09 09:59:36,735 - INFO - main - Eval metrics - episode_return_mean: 257.0810, achieved_reward: 257.0810, reward_rate: 0.2965 (max_possible: 867.0)
2026-01-09 09:59:38,024 - INFO - main - Episode 1869 ended. Length: 289, Reward: 248.93
2026-01-09 09:59:38,024 - INFO - main - Episode 1870 ended. Length: 289, Reward: 249.13
2026-01-09 09:59:38,024 - INFO - main - Episode 1871 ended. Length: 289, Reward: 249.20
2026-01-09 09:59:38,024 - INFO - main - Episode 1872 ended. Length: 289, Reward: 249.67
2026-01-09 09:59:39,414 - INFO - main - Episode 1873 ended. Length: 289, Reward: 247.59
2026-01-09 09:59:39,414 - INFO - main - Episode 1874 ended. Length: 289, Reward: 249.19
2026-01-09 09:59:39,414 - INFO - main - Episode 1875 ended. Length: 289, Reward: 248.25
2026-01-09 09:59:39,414 - INFO - main - Episode 1876 ended. Length: 289, Reward: 249.03
2026-01-09 09:59:40,802 - INFO - main - Episode 1877 ended. Length: 289, Reward: 248.70
2026-01-09 09:59:40,803 - INFO - main - Episode 1878 ended. Length: 289, Reward: 250.41
2026-01-09 09:59:40,803 - INFO - main - Episode 1879 ended. Length: 289, Reward: 249.41
2026-01-09 09:59:40,803 - INFO - main - Episode 1880 ended. Length: 289, Reward: 249.39
2026-01-09 09:59:40,803 - INFO - main - Episode 1880: Checking checkpoint (current_reward_rate=0.2965, best_reward_rate=0.2965)
2026-01-09 09:59:42,191 - INFO - main - Episode 1881 ended. Length: 289, Reward: 250.41
2026-01-09 09:59:42,191 - INFO - main - Episode 1882 ended. Length: 289, Reward: 247.91
2026-01-09 09:59:42,191 - INFO - main - Episode 1883 ended. Length: 289, Reward: 249.01
2026-01-09 09:59:42,191 - INFO - main - Episode 1884 ended. Length: 289, Reward: 247.18
2026-01-09 09:59:43,587 - INFO - main - Episode 1885 ended. Length: 289, Reward: 247.59
2026-01-09 09:59:43,587 - INFO - main - Episode 1886 ended. Length: 289, Reward: 249.10
2026-01-09 09:59:43,587 - INFO - main - Episode 1887 ended. Length: 289, Reward: 248.35
2026-01-09 09:59:43,587 - INFO - main - Episode 1888 ended. Length: 289, Reward: 247.81
2026-01-09 09:59:44,982 - INFO - main - Episode 1889 ended. Length: 289, Reward: 248.95
2026-01-09 09:59:44,982 - INFO - main - Episode 1890 ended. Length: 289, Reward: 247.17
2026-01-09 09:59:44,982 - INFO - main - Episode 1891 ended. Length: 289, Reward: 248.56
2026-01-09 09:59:44,982 - INFO - main - Episode 1892 ended. Length: 289, Reward: 246.64
2026-01-09 09:59:46,371 - INFO - main - Episode 1893 ended. Length: 289, Reward: 247.77
2026-01-09 09:59:46,371 - INFO - main - Episode 1894 ended. Length: 289, Reward: 246.53
2026-01-09 09:59:46,371 - INFO - main - Episode 1895 ended. Length: 289, Reward: 249.37
2026-01-09 09:59:46,371 - INFO - main - Episode 1896 ended. Length: 289, Reward: 247.59
2026-01-09 09:59:47,762 - INFO - main - Episode 1897 ended. Length: 289, Reward: 246.45
2026-01-09 09:59:47,762 - INFO - main - Episode 1898 ended. Length: 289, Reward: 248.91
2026-01-09 09:59:47,762 - INFO - main - Episode 1899 ended. Length: 289, Reward: 248.14
2026-01-09 09:59:47,762 - INFO - main - Episode 1900 ended. Length: 289, Reward: 249.30
2026-01-09 09:59:47,762 - INFO - main - Episode 1900: Checking checkpoint (current_reward_rate=0.2965, best_reward_rate=0.2965)
2026-01-09 09:59:49,153 - INFO - main - Episode 1901 ended. Length: 289, Reward: 248.19
2026-01-09 09:59:49,153 - INFO - main - Episode 1902 ended. Length: 289, Reward: 248.78
2026-01-09 09:59:49,153 - INFO - main - Episode 1903 ended. Length: 289, Reward: 246.79
2026-01-09 09:59:49,153 - INFO - main - Episode 1904 ended. Length: 289, Reward: 247.23
2026-01-09 09:59:50,548 - INFO - main - Episode 1905 ended. Length: 289, Reward: 244.01
2026-01-09 09:59:50,548 - INFO - main - Episode 1906 ended. Length: 289, Reward: 246.64
2026-01-09 09:59:50,548 - INFO - main - Episode 1907 ended. Length: 289, Reward: 246.90
2026-01-09 09:59:50,548 - INFO - main - Episode 1908 ended. Length: 289, Reward: 246.90
2026-01-09 09:59:51,937 - INFO - main - Episode 1909 ended. Length: 289, Reward: 247.48
2026-01-09 09:59:51,938 - INFO - main - Episode 1910 ended. Length: 289, Reward: 246.92
2026-01-09 09:59:51,938 - INFO - main - Episode 1911 ended. Length: 289, Reward: 248.36
2026-01-09 09:59:51,938 - INFO - main - Episode 1912 ended. Length: 289, Reward: 247.75
2026-01-09 09:59:53,326 - INFO - main - Episode 1913 ended. Length: 289, Reward: 246.56
2026-01-09 09:59:53,326 - INFO - main - Episode 1914 ended. Length: 289, Reward: 246.88
2026-01-09 09:59:53,326 - INFO - main - Episode 1915 ended. Length: 289, Reward: 249.18
2026-01-09 09:59:53,326 - INFO - main - Episode 1916 ended. Length: 289, Reward: 247.19
2026-01-09 09:59:54,718 - INFO - main - Episode 1917 ended. Length: 289, Reward: 247.09
2026-01-09 09:59:54,718 - INFO - main - Episode 1918 ended. Length: 289, Reward: 248.10
2026-01-09 09:59:54,718 - INFO - main - Episode 1919 ended. Length: 289, Reward: 248.85
2026-01-09 09:59:54,718 - INFO - main - Episode 1920 ended. Length: 289, Reward: 247.77
2026-01-09 09:59:54,718 - INFO - main - Episode 1920: Checking checkpoint (current_reward_rate=0.2965, best_reward_rate=0.2965)
2026-01-09 09:59:56,114 - INFO - main - Episode 1921 ended. Length: 289, Reward: 249.09
2026-01-09 09:59:56,114 - INFO - main - Episode 1922 ended. Length: 289, Reward: 247.02
2026-01-09 09:59:56,114 - INFO - main - Episode 1923 ended. Length: 289, Reward: 248.51
2026-01-09 09:59:56,114 - INFO - main - Episode 1924 ended. Length: 289, Reward: 248.27
2026-01-09 09:59:57,499 - INFO - main - Episode 1925 ended. Length: 289, Reward: 249.46
2026-01-09 09:59:57,499 - INFO - main - Episode 1926 ended. Length: 289, Reward: 248.14
2026-01-09 09:59:57,499 - INFO - main - Episode 1927 ended. Length: 289, Reward: 248.11
2026-01-09 09:59:57,499 - INFO - main - Episode 1928 ended. Length: 289, Reward: 249.10
2026-01-09 09:59:58,891 - INFO - main - Episode 1929 ended. Length: 289, Reward: 249.04
2026-01-09 09:59:58,891 - INFO - main - Episode 1930 ended. Length: 289, Reward: 247.86
2026-01-09 09:59:58,891 - INFO - main - Episode 1931 ended. Length: 289, Reward: 247.73
2026-01-09 09:59:58,892 - INFO - main - Episode 1932 ended. Length: 289, Reward: 249.56
2026-01-09 10:00:00,286 - INFO - main - Episode 1933 ended. Length: 289, Reward: 247.88
2026-01-09 10:00:00,286 - INFO - main - Episode 1934 ended. Length: 289, Reward: 248.80
2026-01-09 10:00:00,286 - INFO - main - Episode 1935 ended. Length: 289, Reward: 247.81
2026-01-09 10:00:00,286 - INFO - main - Episode 1936 ended. Length: 289, Reward: 248.38
2026-01-09 10:00:02,851 - INFO - main - Eval metrics - episode_return_mean: 257.0810, achieved_reward: 257.0810, reward_rate: 0.2965 (max_possible: 867.0)
2026-01-09 10:00:03,310 - INFO - main - Episode 1937 ended. Length: 289, Reward: 247.55
2026-01-09 10:00:03,310 - INFO - main - Episode 1938 ended. Length: 289, Reward: 247.54
2026-01-09 10:00:03,310 - INFO - main - Episode 1939 ended. Length: 289, Reward: 248.27
2026-01-09 10:00:03,310 - INFO - main - Episode 1940 ended. Length: 289, Reward: 248.18
2026-01-09 10:00:03,310 - INFO - main - Episode 1940: Checking checkpoint (current_reward_rate=0.2965, best_reward_rate=0.2965)
2026-01-09 10:00:04,700 - INFO - main - Episode 1941 ended. Length: 289, Reward: 247.59
2026-01-09 10:00:04,700 - INFO - main - Episode 1942 ended. Length: 289, Reward: 248.36
2026-01-09 10:00:04,700 - INFO - main - Episode 1943 ended. Length: 289, Reward: 247.74
2026-01-09 10:00:04,700 - INFO - main - Episode 1944 ended. Length: 289, Reward: 246.25
2026-01-09 10:00:06,091 - INFO - main - Episode 1945 ended. Length: 289, Reward: 246.40
2026-01-09 10:00:06,091 - INFO - main - Episode 1946 ended. Length: 289, Reward: 245.86
2026-01-09 10:00:06,091 - INFO - main - Episode 1947 ended. Length: 289, Reward: 247.49
2026-01-09 10:00:06,091 - INFO - main - Episode 1948 ended. Length: 289, Reward: 245.41
2026-01-09 10:00:07,481 - INFO - main - Episode 1949 ended. Length: 289, Reward: 246.14
2026-01-09 10:00:07,481 - INFO - main - Episode 1950 ended. Length: 289, Reward: 244.91
2026-01-09 10:00:07,481 - INFO - main - Episode 1951 ended. Length: 289, Reward: 247.50
2026-01-09 10:00:07,481 - INFO - main - Episode 1952 ended. Length: 289, Reward: 244.38
2026-01-09 10:00:08,870 - INFO - main - Episode 1953 ended. Length: 289, Reward: 245.29
2026-01-09 10:00:08,870 - INFO - main - Episode 1954 ended. Length: 289, Reward: 249.39
2026-01-09 10:00:08,870 - INFO - main - Episode 1955 ended. Length: 289, Reward: 246.38
2026-01-09 10:00:08,870 - INFO - main - Episode 1956 ended. Length: 289, Reward: 246.21
2026-01-09 10:00:10,264 - INFO - main - Episode 1957 ended. Length: 289, Reward: 244.37
2026-01-09 10:00:10,264 - INFO - main - Episode 1958 ended. Length: 289, Reward: 247.21
2026-01-09 10:00:10,264 - INFO - main - Episode 1959 ended. Length: 289, Reward: 246.79
2026-01-09 10:00:10,264 - INFO - main - Episode 1960 ended. Length: 289, Reward: 246.59
2026-01-09 10:00:10,264 - INFO - main - Episode 1960: Checking checkpoint (current_reward_rate=0.2965, best_reward_rate=0.2965)
2026-01-09 10:00:11,658 - INFO - main - Episode 1961 ended. Length: 289, Reward: 247.64
2026-01-09 10:00:11,659 - INFO - main - Episode 1962 ended. Length: 289, Reward: 245.05
2026-01-09 10:00:11,659 - INFO - main - Episode 1963 ended. Length: 289, Reward: 246.37
2026-01-09 10:00:11,659 - INFO - main - Episode 1964 ended. Length: 289, Reward: 248.41
2026-01-09 10:00:13,050 - INFO - main - Episode 1965 ended. Length: 289, Reward: 247.67
2026-01-09 10:00:13,050 - INFO - main - Episode 1966 ended. Length: 289, Reward: 246.58
2026-01-09 10:00:13,050 - INFO - main - Episode 1967 ended. Length: 289, Reward: 244.35
2026-01-09 10:00:13,050 - INFO - main - Episode 1968 ended. Length: 289, Reward: 247.34
2026-01-09 10:00:14,440 - INFO - main - Episode 1969 ended. Length: 289, Reward: 242.92
2026-01-09 10:00:14,440 - INFO - main - Episode 1970 ended. Length: 289, Reward: 248.03
2026-01-09 10:00:14,440 - INFO - main - Episode 1971 ended. Length: 289, Reward: 245.79
2026-01-09 10:00:14,440 - INFO - main - Episode 1972 ended. Length: 289, Reward: 246.47
2026-01-09 10:00:15,834 - INFO - main - Episode 1973 ended. Length: 289, Reward: 246.80
2026-01-09 10:00:15,835 - INFO - main - Episode 1974 ended. Length: 289, Reward: 247.05
2026-01-09 10:00:15,835 - INFO - main - Episode 1975 ended. Length: 289, Reward: 248.91
2026-01-09 10:00:15,835 - INFO - main - Episode 1976 ended. Length: 289, Reward: 247.31
2026-01-09 10:00:17,227 - INFO - main - Episode 1977 ended. Length: 289, Reward: 247.63
2026-01-09 10:00:17,228 - INFO - main - Episode 1978 ended. Length: 289, Reward: 247.71
2026-01-09 10:00:17,228 - INFO - main - Episode 1979 ended. Length: 289, Reward: 248.03
2026-01-09 10:00:17,228 - INFO - main - Episode 1980 ended. Length: 289, Reward: 246.68
2026-01-09 10:00:17,228 - INFO - main - Episode 1980: Checking checkpoint (current_reward_rate=0.2965, best_reward_rate=0.2965)
2026-01-09 10:00:18,619 - INFO - main - Episode 1981 ended. Length: 289, Reward: 248.31
2026-01-09 10:00:18,619 - INFO - main - Episode 1982 ended. Length: 289, Reward: 249.34
2026-01-09 10:00:18,619 - INFO - main - Episode 1983 ended. Length: 289, Reward: 245.95
2026-01-09 10:00:18,619 - INFO - main - Episode 1984 ended. Length: 289, Reward: 248.37
2026-01-09 10:00:20,009 - INFO - main - Episode 1985 ended. Length: 289, Reward: 248.40
2026-01-09 10:00:20,009 - INFO - main - Episode 1986 ended. Length: 289, Reward: 247.99
2026-01-09 10:00:20,009 - INFO - main - Episode 1987 ended. Length: 289, Reward: 248.68
2026-01-09 10:00:20,010 - INFO - main - Episode 1988 ended. Length: 289, Reward: 248.89
2026-01-09 10:00:21,399 - INFO - main - Episode 1989 ended. Length: 289, Reward: 248.15
2026-01-09 10:00:21,399 - INFO - main - Episode 1990 ended. Length: 289, Reward: 247.87
2026-01-09 10:00:21,399 - INFO - main - Episode 1991 ended. Length: 289, Reward: 247.04
2026-01-09 10:00:21,399 - INFO - main - Episode 1992 ended. Length: 289, Reward: 249.06
2026-01-09 10:00:22,783 - INFO - main - Episode 1993 ended. Length: 289, Reward: 249.44
2026-01-09 10:00:22,783 - INFO - main - Episode 1994 ended. Length: 289, Reward: 248.08
2026-01-09 10:00:22,783 - INFO - main - Episode 1995 ended. Length: 289, Reward: 248.61
2026-01-09 10:00:22,783 - INFO - main - Episode 1996 ended. Length: 289, Reward: 249.28
2026-01-09 10:00:24,168 - INFO - main - Episode 1997 ended. Length: 289, Reward: 248.72
2026-01-09 10:00:24,168 - INFO - main - Episode 1998 ended. Length: 289, Reward: 248.46
2026-01-09 10:00:24,169 - INFO - main - Episode 1999 ended. Length: 289, Reward: 249.40
2026-01-09 10:00:24,169 - INFO - main - Episode 2000 ended. Length: 289, Reward: 248.55
2026-01-09 10:00:24,169 - INFO - main - Episode 2000: Checking checkpoint (current_reward_rate=0.2965, best_reward_rate=0.2965)
2026-01-09 10:00:25,564 - INFO - main - Episode 2001 ended. Length: 289, Reward: 249.75
2026-01-09 10:00:25,564 - INFO - main - Episode 2002 ended. Length: 289, Reward: 249.32
2026-01-09 10:00:25,564 - INFO - main - Episode 2003 ended. Length: 289, Reward: 249.88
2026-01-09 10:00:25,564 - INFO - main - Episode 2004 ended. Length: 289, Reward: 247.58
2026-01-09 10:00:28,370 - INFO - main - Eval metrics - episode_return_mean: 253.7086, achieved_reward: 253.7086, reward_rate: 0.2926 (max_possible: 867.0)
2026-01-09 10:00:28,592 - INFO - main - Episode 2005 ended. Length: 289, Reward: 249.51
2026-01-09 10:00:28,593 - INFO - main - Episode 2006 ended. Length: 289, Reward: 248.79
2026-01-09 10:00:28,593 - INFO - main - Episode 2007 ended. Length: 289, Reward: 246.80
2026-01-09 10:00:28,593 - INFO - main - Episode 2008 ended. Length: 289, Reward: 249.40
2026-01-09 10:00:29,984 - INFO - main - Episode 2009 ended. Length: 289, Reward: 248.55
2026-01-09 10:00:29,984 - INFO - main - Episode 2010 ended. Length: 289, Reward: 248.69
2026-01-09 10:00:29,984 - INFO - main - Episode 2011 ended. Length: 289, Reward: 247.60
2026-01-09 10:00:29,984 - INFO - main - Episode 2012 ended. Length: 289, Reward: 248.66
2026-01-09 10:00:31,384 - INFO - main - Episode 2013 ended. Length: 289, Reward: 249.87
2026-01-09 10:00:31,384 - INFO - main - Episode 2014 ended. Length: 289, Reward: 248.87
2026-01-09 10:00:31,384 - INFO - main - Episode 2015 ended. Length: 289, Reward: 248.64
2026-01-09 10:00:31,384 - INFO - main - Episode 2016 ended. Length: 289, Reward: 249.04
2026-01-09 10:00:32,782 - INFO - main - Episode 2017 ended. Length: 289, Reward: 248.91
2026-01-09 10:00:32,783 - INFO - main - Episode 2018 ended. Length: 289, Reward: 249.59
2026-01-09 10:00:32,783 - INFO - main - Episode 2019 ended. Length: 289, Reward: 246.77
2026-01-09 10:00:32,783 - INFO - main - Episode 2020 ended. Length: 289, Reward: 249.69
2026-01-09 10:00:32,783 - INFO - main - Episode 2020: Checking checkpoint (current_reward_rate=0.2965, best_reward_rate=0.2965)
2026-01-09 10:00:34,182 - INFO - main - Episode 2021 ended. Length: 289, Reward: 248.17
2026-01-09 10:00:34,182 - INFO - main - Episode 2022 ended. Length: 289, Reward: 248.74
2026-01-09 10:00:34,182 - INFO - main - Episode 2023 ended. Length: 289, Reward: 248.62
2026-01-09 10:00:34,182 - INFO - main - Episode 2024 ended. Length: 289, Reward: 249.26
2026-01-09 10:00:35,584 - INFO - main - Episode 2025 ended. Length: 289, Reward: 248.31
2026-01-09 10:00:35,584 - INFO - main - Episode 2026 ended. Length: 289, Reward: 248.92
2026-01-09 10:00:35,584 - INFO - main - Episode 2027 ended. Length: 289, Reward: 248.67
2026-01-09 10:00:35,584 - INFO - main - Episode 2028 ended. Length: 289, Reward: 250.00
2026-01-09 10:00:36,982 - INFO - main - Episode 2029 ended. Length: 289, Reward: 248.21
2026-01-09 10:00:36,983 - INFO - main - Episode 2030 ended. Length: 289, Reward: 248.58
2026-01-09 10:00:36,983 - INFO - main - Episode 2031 ended. Length: 289, Reward: 247.26
2026-01-09 10:00:36,983 - INFO - main - Episode 2032 ended. Length: 289, Reward: 249.39
2026-01-09 10:00:38,382 - INFO - main - Episode 2033 ended. Length: 289, Reward: 249.42
2026-01-09 10:00:38,383 - INFO - main - Episode 2034 ended. Length: 289, Reward: 249.81
2026-01-09 10:00:38,383 - INFO - main - Episode 2035 ended. Length: 289, Reward: 248.93
2026-01-09 10:00:38,383 - INFO - main - Episode 2036 ended. Length: 289, Reward: 249.03
2026-01-09 10:00:39,790 - INFO - main - Episode 2037 ended. Length: 289, Reward: 248.97
2026-01-09 10:00:39,790 - INFO - main - Episode 2038 ended. Length: 289, Reward: 248.51
2026-01-09 10:00:39,790 - INFO - main - Episode 2039 ended. Length: 289, Reward: 250.33
2026-01-09 10:00:39,790 - INFO - main - Episode 2040 ended. Length: 289, Reward: 249.43
2026-01-09 10:00:39,790 - INFO - main - Episode 2040: Checking checkpoint (current_reward_rate=0.2965, best_reward_rate=0.2965)
2026-01-09 10:00:41,193 - INFO - main - Episode 2041 ended. Length: 289, Reward: 246.93
2026-01-09 10:00:41,193 - INFO - main - Episode 2042 ended. Length: 289, Reward: 249.93
2026-01-09 10:00:41,193 - INFO - main - Episode 2043 ended. Length: 289, Reward: 250.83
2026-01-09 10:00:41,194 - INFO - main - Episode 2044 ended. Length: 289, Reward: 249.02
2026-01-09 10:00:42,593 - INFO - main - Episode 2045 ended. Length: 289, Reward: 249.04
2026-01-09 10:00:42,594 - INFO - main - Episode 2046 ended. Length: 289, Reward: 249.75
2026-01-09 10:00:42,594 - INFO - main - Episode 2047 ended. Length: 289, Reward: 248.73
2026-01-09 10:00:42,594 - INFO - main - Episode 2048 ended. Length: 289, Reward: 248.04
2026-01-09 10:00:43,995 - INFO - main - Episode 2049 ended. Length: 289, Reward: 247.65
2026-01-09 10:00:43,995 - INFO - main - Episode 2050 ended. Length: 289, Reward: 251.04
2026-01-09 10:00:43,995 - INFO - main - Episode 2051 ended. Length: 289, Reward: 249.14
2026-01-09 10:00:43,995 - INFO - main - Episode 2052 ended. Length: 289, Reward: 249.12
2026-01-09 10:00:45,396 - INFO - main - Episode 2053 ended. Length: 289, Reward: 248.15
2026-01-09 10:00:45,397 - INFO - main - Episode 2054 ended. Length: 289, Reward: 249.50
2026-01-09 10:00:45,397 - INFO - main - Episode 2055 ended. Length: 289, Reward: 249.31
2026-01-09 10:00:45,397 - INFO - main - Episode 2056 ended. Length: 289, Reward: 249.87
2026-01-09 10:00:46,796 - INFO - main - Episode 2057 ended. Length: 289, Reward: 248.89
2026-01-09 10:00:46,797 - INFO - main - Episode 2058 ended. Length: 289, Reward: 248.39
2026-01-09 10:00:46,797 - INFO - main - Episode 2059 ended. Length: 289, Reward: 249.12
2026-01-09 10:00:46,797 - INFO - main - Episode 2060 ended. Length: 289, Reward: 249.59
2026-01-09 10:00:46,797 - INFO - main - Episode 2060: Checking checkpoint (current_reward_rate=0.2965, best_reward_rate=0.2965)
2026-01-09 10:00:48,206 - INFO - main - Episode 2061 ended. Length: 289, Reward: 247.79
2026-01-09 10:00:48,206 - INFO - main - Episode 2062 ended. Length: 289, Reward: 249.34
2026-01-09 10:00:48,206 - INFO - main - Episode 2063 ended. Length: 289, Reward: 248.82
2026-01-09 10:00:48,206 - INFO - main - Episode 2064 ended. Length: 289, Reward: 248.26
2026-01-09 10:00:49,609 - INFO - main - Episode 2065 ended. Length: 289, Reward: 248.34
2026-01-09 10:00:49,609 - INFO - main - Episode 2066 ended. Length: 289, Reward: 245.98
2026-01-09 10:00:49,609 - INFO - main - Episode 2067 ended. Length: 289, Reward: 247.80
2026-01-09 10:00:49,609 - INFO - main - Episode 2068 ended. Length: 289, Reward: 247.14
2026-01-09 10:00:51,010 - INFO - main - Episode 2069 ended. Length: 289, Reward: 247.55
2026-01-09 10:00:51,010 - INFO - main - Episode 2070 ended. Length: 289, Reward: 248.59
2026-01-09 10:00:51,010 - INFO - main - Episode 2071 ended. Length: 289, Reward: 247.17
2026-01-09 10:00:51,010 - INFO - main - Episode 2072 ended. Length: 289, Reward: 248.93
2026-01-09 10:00:52,410 - INFO - main - Episode 2073 ended. Length: 289, Reward: 248.33
2026-01-09 10:00:52,410 - INFO - main - Episode 2074 ended. Length: 289, Reward: 247.69
2026-01-09 10:00:52,410 - INFO - main - Episode 2075 ended. Length: 289, Reward: 248.69
2026-01-09 10:00:52,410 - INFO - main - Episode 2076 ended. Length: 289, Reward: 248.19
2026-01-09 10:00:54,072 - INFO - main - Eval metrics - episode_return_mean: 248.3544, achieved_reward: 248.3544, reward_rate: 0.2865 (max_possible: 867.0)
2026-01-09 10:00:55,449 - INFO - main - Episode 2077 ended. Length: 289, Reward: 248.00
2026-01-09 10:00:55,449 - INFO - main - Episode 2078 ended. Length: 289, Reward: 248.94
2026-01-09 10:00:55,449 - INFO - main - Episode 2079 ended. Length: 289, Reward: 248.52
2026-01-09 10:00:55,449 - INFO - main - Episode 2080 ended. Length: 289, Reward: 249.63
2026-01-09 10:00:55,450 - INFO - main - Episode 2080: Checking checkpoint (current_reward_rate=0.2965, best_reward_rate=0.2965)
2026-01-09 10:00:56,849 - INFO - main - Episode 2081 ended. Length: 289, Reward: 248.80
2026-01-09 10:00:56,849 - INFO - main - Episode 2082 ended. Length: 289, Reward: 248.12
2026-01-09 10:00:56,849 - INFO - main - Episode 2083 ended. Length: 289, Reward: 249.12
2026-01-09 10:00:56,849 - INFO - main - Episode 2084 ended. Length: 289, Reward: 247.48
2026-01-09 10:00:58,250 - INFO - main - Episode 2085 ended. Length: 289, Reward: 249.54
2026-01-09 10:00:58,250 - INFO - main - Episode 2086 ended. Length: 289, Reward: 248.16
2026-01-09 10:00:58,250 - INFO - main - Episode 2087 ended. Length: 289, Reward: 248.90
2026-01-09 10:00:58,250 - INFO - main - Episode 2088 ended. Length: 289, Reward: 249.12
2026-01-09 10:00:59,655 - INFO - main - Episode 2089 ended. Length: 289, Reward: 250.44
2026-01-09 10:00:59,656 - INFO - main - Episode 2090 ended. Length: 289, Reward: 249.15
2026-01-09 10:00:59,656 - INFO - main - Episode 2091 ended. Length: 289, Reward: 248.38
2026-01-09 10:00:59,656 - INFO - main - Episode 2092 ended. Length: 289, Reward: 249.93
2026-01-09 10:01:01,063 - INFO - main - Episode 2093 ended. Length: 289, Reward: 249.10
2026-01-09 10:01:01,063 - INFO - main - Episode 2094 ended. Length: 289, Reward: 250.16
2026-01-09 10:01:01,063 - INFO - main - Episode 2095 ended. Length: 289, Reward: 248.34
2026-01-09 10:01:01,063 - INFO - main - Episode 2096 ended. Length: 289, Reward: 248.47
2026-01-09 10:01:02,464 - INFO - main - Episode 2097 ended. Length: 289, Reward: 248.78
2026-01-09 10:01:02,465 - INFO - main - Episode 2098 ended. Length: 289, Reward: 248.88
2026-01-09 10:01:02,465 - INFO - main - Episode 2099 ended. Length: 289, Reward: 249.06
2026-01-09 10:01:02,465 - INFO - main - Episode 2100 ended. Length: 289, Reward: 247.52
2026-01-09 10:01:02,465 - INFO - main - Episode 2100: Checking checkpoint (current_reward_rate=0.2965, best_reward_rate=0.2965)
2026-01-09 10:01:03,864 - INFO - main - Episode 2101 ended. Length: 289, Reward: 250.16
2026-01-09 10:01:03,864 - INFO - main - Episode 2102 ended. Length: 289, Reward: 249.30
2026-01-09 10:01:03,864 - INFO - main - Episode 2103 ended. Length: 289, Reward: 250.69
2026-01-09 10:01:03,864 - INFO - main - Episode 2104 ended. Length: 289, Reward: 249.57
2026-01-09 10:01:05,255 - INFO - main - Episode 2105 ended. Length: 289, Reward: 248.19
2026-01-09 10:01:05,255 - INFO - main - Episode 2106 ended. Length: 289, Reward: 250.80
2026-01-09 10:01:05,255 - INFO - main - Episode 2107 ended. Length: 289, Reward: 248.53
2026-01-09 10:01:05,255 - INFO - main - Episode 2108 ended. Length: 289, Reward: 247.70
2026-01-09 10:01:06,647 - INFO - main - Episode 2109 ended. Length: 289, Reward: 249.49
2026-01-09 10:01:06,647 - INFO - main - Episode 2110 ended. Length: 289, Reward: 248.21
2026-01-09 10:01:06,648 - INFO - main - Episode 2111 ended. Length: 289, Reward: 248.77
2026-01-09 10:01:06,648 - INFO - main - Episode 2112 ended. Length: 289, Reward: 247.34
2026-01-09 10:01:08,036 - INFO - main - Episode 2113 ended. Length: 289, Reward: 247.51
2026-01-09 10:01:08,037 - INFO - main - Episode 2114 ended. Length: 289, Reward: 248.84
2026-01-09 10:01:08,037 - INFO - main - Episode 2115 ended. Length: 289, Reward: 249.38
2026-01-09 10:01:08,037 - INFO - main - Episode 2116 ended. Length: 289, Reward: 248.24
2026-01-09 10:01:09,425 - INFO - main - Episode 2117 ended. Length: 289, Reward: 249.45
2026-01-09 10:01:09,426 - INFO - main - Episode 2118 ended. Length: 289, Reward: 250.19
2026-01-09 10:01:09,426 - INFO - main - Episode 2119 ended. Length: 289, Reward: 248.68
2026-01-09 10:01:09,426 - INFO - main - Episode 2120 ended. Length: 289, Reward: 249.55
2026-01-09 10:01:09,426 - INFO - main - Episode 2120: Checking checkpoint (current_reward_rate=0.2965, best_reward_rate=0.2965)
slurmstepd: error: *** JOB 1598917 ON haicn1705 CANCELLED AT 2026-01-09T10:01:10 DUE TO TIME LIMIT ***
