=== Python and pip versions ===
Python 3.12.1
pip 25.3 from /hkfs/home/haicore/iai/dj0397/adv_env/lib64/python3.12/site-packages/pip (python 3.12)
=== Starting Stable Baselines3 training job ===
  Algorithm : ppo
  Num envs  : 4
  Timesteps : 1000000
  Seed      : 42
=== SLURM Resource Info ===
SLURM_CPUS_PER_TASK : 4
Node                : haicn1705.localdomain
CUDA_VISIBLE_DEVICES : 0
=== GPU Info (nvidia-smi) ===
Fri Jan  9 09:46:16 2026       
+-----------------------------------------------------------------------------------------+
| NVIDIA-SMI 570.195.03             Driver Version: 570.195.03     CUDA Version: 12.8     |
|-----------------------------------------+------------------------+----------------------+
| GPU  Name                 Persistence-M | Bus-Id          Disp.A | Volatile Uncorr. ECC |
| Fan  Temp   Perf          Pwr:Usage/Cap |           Memory-Usage | GPU-Util  Compute M. |
|                                         |                        |               MIG M. |
|=========================================+========================+======================|
|   0  NVIDIA A100-SXM4-40GB          On  |   00000000:E3:00.0 Off |                    0 |
| N/A   44C    P0             58W /  400W |      23MiB /  40960MiB |      0%      Default |
|                                         |                        |             Disabled |
+-----------------------------------------+------------------------+----------------------+
                                                                                         
+-----------------------------------------------------------------------------------------+
| Processes:                                                                              |
|  GPU   GI   CI              PID   Type   Process name                        GPU Memory |
|        ID   ID                                                               Usage      |
|=========================================================================================|
|    0   N/A  N/A            2646      G   /usr/libexec/Xorg                        17MiB |
+-----------------------------------------------------------------------------------------+
=== Python / CUDA Info ===
Python executable : /hkfs/home/haicore/iai/dj0397/adv_env/bin/python
Python version    : 3.12.1 (main, Aug 20 2025, 00:00:00) [GCC 11.4.1 20231218 (Red Hat 11.4.1-4)]
CUDA available    : True
Device name       : NVIDIA A100-SXM4-40GB
CUDA version (torch): 12.6
CUDNN version     : 91002
======
Running: python run_train_sb.py --algorithm ppo --num-envs 4 --timesteps 1000000 --seed 42
Using cuda device
-----------------------------
| time/              |      |
|    fps             | 662  |
|    iterations      | 1    |
|    time_elapsed    | 1    |
|    total_timesteps | 1152 |
-----------------------------
-----------------------------------------
| rollout/                |             |
|    ep_len_mean          | 289         |
|    ep_rew_mean          | 67          |
| time/                   |             |
|    fps                  | 647         |
|    iterations           | 2           |
|    time_elapsed         | 3           |
|    total_timesteps      | 2304        |
| train/                  |             |
|    approx_kl            | 0.014390187 |
|    clip_fraction        | 0.216       |
|    clip_range           | 0.2         |
|    entropy_loss         | -4.23       |
|    explained_variance   | -0.0138     |
|    learning_rate        | 0.0003      |
|    loss                 | 3.33        |
|    n_updates            | 10          |
|    policy_gradient_loss | -0.0301     |
|    std                  | 0.986       |
|    value_loss           | 9.69        |
-----------------------------------------
-----------------------------------------
| rollout/                |             |
|    ep_len_mean          | 289         |
|    ep_rew_mean          | 86          |
| time/                   |             |
|    fps                  | 698         |
|    iterations           | 3           |
|    time_elapsed         | 4           |
|    total_timesteps      | 3456        |
| train/                  |             |
|    approx_kl            | 0.016263844 |
|    clip_fraction        | 0.151       |
|    clip_range           | 0.2         |
|    entropy_loss         | -4.21       |
|    explained_variance   | 0.0313      |
|    learning_rate        | 0.0003      |
|    loss                 | 3.47        |
|    n_updates            | 20          |
|    policy_gradient_loss | -0.0253     |
|    std                  | 0.98        |
|    value_loss           | 12.5        |
-----------------------------------------
----------------------------------------
| rollout/                |            |
|    ep_len_mean          | 289        |
|    ep_rew_mean          | 101        |
| time/                   |            |
|    fps                  | 724        |
|    iterations           | 4          |
|    time_elapsed         | 6          |
|    total_timesteps      | 4608       |
| train/                  |            |
|    approx_kl            | 0.01326987 |
|    clip_fraction        | 0.113      |
|    clip_range           | 0.2        |
|    entropy_loss         | -4.19      |
|    explained_variance   | -0.0136    |
|    learning_rate        | 0.0003     |
|    loss                 | 2.5        |
|    n_updates            | 30         |
|    policy_gradient_loss | -0.019     |
|    std                  | 0.978      |
|    value_loss           | 17.5       |
----------------------------------------
--------------------------------------
| rollout/                |          |
|    ep_len_mean          | 289      |
|    ep_rew_mean          | 112      |
| time/                   |          |
|    fps                  | 742      |
|    iterations           | 5        |
|    time_elapsed         | 7        |
|    total_timesteps      | 5760     |
| train/                  |          |
|    approx_kl            | 0.011544 |
|    clip_fraction        | 0.108    |
|    clip_range           | 0.2      |
|    entropy_loss         | -4.18    |
|    explained_variance   | 0.000723 |
|    learning_rate        | 0.0003   |
|    loss                 | 2.23     |
|    n_updates            | 40       |
|    policy_gradient_loss | -0.0156  |
|    std                  | 0.975    |
|    value_loss           | 19.6     |
--------------------------------------
-----------------------------------------
| rollout/                |             |
|    ep_len_mean          | 289         |
|    ep_rew_mean          | 121         |
| time/                   |             |
|    fps                  | 755         |
|    iterations           | 6           |
|    time_elapsed         | 9           |
|    total_timesteps      | 6912        |
| train/                  |             |
|    approx_kl            | 0.010304119 |
|    clip_fraction        | 0.0898      |
|    clip_range           | 0.2         |
|    entropy_loss         | -4.18       |
|    explained_variance   | -0.0023     |
|    learning_rate        | 0.0003      |
|    loss                 | 3.31        |
|    n_updates            | 50          |
|    policy_gradient_loss | -0.00995    |
|    std                  | 0.974       |
|    value_loss           | 22.1        |
-----------------------------------------
-----------------------------------------
| rollout/                |             |
|    ep_len_mean          | 289         |
|    ep_rew_mean          | 129         |
| time/                   |             |
|    fps                  | 765         |
|    iterations           | 7           |
|    time_elapsed         | 10          |
|    total_timesteps      | 8064        |
| train/                  |             |
|    approx_kl            | 0.009619568 |
|    clip_fraction        | 0.0996      |
|    clip_range           | 0.2         |
|    entropy_loss         | -4.17       |
|    explained_variance   | -0.000399   |
|    learning_rate        | 0.0003      |
|    loss                 | 3.22        |
|    n_updates            | 60          |
|    policy_gradient_loss | -0.00911    |
|    std                  | 0.97        |
|    value_loss           | 24.3        |
-----------------------------------------
-----------------------------------------
| rollout/                |             |
|    ep_len_mean          | 289         |
|    ep_rew_mean          | 135         |
| time/                   |             |
|    fps                  | 772         |
|    iterations           | 8           |
|    time_elapsed         | 11          |
|    total_timesteps      | 9216        |
| train/                  |             |
|    approx_kl            | 0.007114234 |
|    clip_fraction        | 0.0582      |
|    clip_range           | 0.2         |
|    entropy_loss         | -4.16       |
|    explained_variance   | -0.000279   |
|    learning_rate        | 0.0003      |
|    loss                 | 2.64        |
|    n_updates            | 70          |
|    policy_gradient_loss | -0.00482    |
|    std                  | 0.965       |
|    value_loss           | 26          |
-----------------------------------------
-----------------------------------------
| rollout/                |             |
|    ep_len_mean          | 289         |
|    ep_rew_mean          | 140         |
| time/                   |             |
|    fps                  | 778         |
|    iterations           | 9           |
|    time_elapsed         | 13          |
|    total_timesteps      | 10368       |
| train/                  |             |
|    approx_kl            | 0.009365449 |
|    clip_fraction        | 0.127       |
|    clip_range           | 0.2         |
|    entropy_loss         | -4.15       |
|    explained_variance   | -0.000936   |
|    learning_rate        | 0.0003      |
|    loss                 | 29.8        |
|    n_updates            | 80          |
|    policy_gradient_loss | -0.0104     |
|    std                  | 0.967       |
|    value_loss           | 30.1        |
-----------------------------------------
-----------------------------------------
| rollout/                |             |
|    ep_len_mean          | 289         |
|    ep_rew_mean          | 145         |
| time/                   |             |
|    fps                  | 782         |
|    iterations           | 10          |
|    time_elapsed         | 14          |
|    total_timesteps      | 11520       |
| train/                  |             |
|    approx_kl            | 0.008565303 |
|    clip_fraction        | 0.0608      |
|    clip_range           | 0.2         |
|    entropy_loss         | -4.16       |
|    explained_variance   | -0.00032    |
|    learning_rate        | 0.0003      |
|    loss                 | 9.56        |
|    n_updates            | 90          |
|    policy_gradient_loss | -0.00259    |
|    std                  | 0.969       |
|    value_loss           | 32.6        |
-----------------------------------------
-----------------------------------------
| rollout/                |             |
|    ep_len_mean          | 289         |
|    ep_rew_mean          | 149         |
| time/                   |             |
|    fps                  | 786         |
|    iterations           | 11          |
|    time_elapsed         | 16          |
|    total_timesteps      | 12672       |
| train/                  |             |
|    approx_kl            | 0.014565445 |
|    clip_fraction        | 0.16        |
|    clip_range           | 0.2         |
|    entropy_loss         | -4.17       |
|    explained_variance   | -6.56e-06   |
|    learning_rate        | 0.0003      |
|    loss                 | 19.9        |
|    n_updates            | 100         |
|    policy_gradient_loss | -0.00504    |
|    std                  | 0.974       |
|    value_loss           | 36.4        |
-----------------------------------------
------------------------------------------
| rollout/                |              |
|    ep_len_mean          | 289          |
|    ep_rew_mean          | 153          |
| time/                   |              |
|    fps                  | 789          |
|    iterations           | 12           |
|    time_elapsed         | 17           |
|    total_timesteps      | 13824        |
| train/                  |              |
|    approx_kl            | 0.0070593124 |
|    clip_fraction        | 0.106        |
|    clip_range           | 0.2          |
|    entropy_loss         | -4.18        |
|    explained_variance   | -1.56e-05    |
|    learning_rate        | 0.0003       |
|    loss                 | 20.3         |
|    n_updates            | 110          |
|    policy_gradient_loss | -0.00286     |
|    std                  | 0.974        |
|    value_loss           | 42.2         |
------------------------------------------
----------------------------------------
| rollout/                |            |
|    ep_len_mean          | 289        |
|    ep_rew_mean          | 156        |
| time/                   |            |
|    fps                  | 792        |
|    iterations           | 13         |
|    time_elapsed         | 18         |
|    total_timesteps      | 14976      |
| train/                  |            |
|    approx_kl            | 0.00939395 |
|    clip_fraction        | 0.0746     |
|    clip_range           | 0.2        |
|    entropy_loss         | -4.16      |
|    explained_variance   | 0.000178   |
|    learning_rate        | 0.0003     |
|    loss                 | 23.5       |
|    n_updates            | 120        |
|    policy_gradient_loss | -0.00361   |
|    std                  | 0.963      |
|    value_loss           | 47.9       |
----------------------------------------
-----------------------------------------
| rollout/                |             |
|    ep_len_mean          | 289         |
|    ep_rew_mean          | 159         |
| time/                   |             |
|    fps                  | 795         |
|    iterations           | 14          |
|    time_elapsed         | 20          |
|    total_timesteps      | 16128       |
| train/                  |             |
|    approx_kl            | 0.015624391 |
|    clip_fraction        | 0.224       |
|    clip_range           | 0.2         |
|    entropy_loss         | -4.14       |
|    explained_variance   | -5.66e-05   |
|    learning_rate        | 0.0003      |
|    loss                 | 31.4        |
|    n_updates            | 130         |
|    policy_gradient_loss | -0.0097     |
|    std                  | 0.965       |
|    value_loss           | 51.8        |
-----------------------------------------
-----------------------------------------
| rollout/                |             |
|    ep_len_mean          | 289         |
|    ep_rew_mean          | 162         |
| time/                   |             |
|    fps                  | 797         |
|    iterations           | 15          |
|    time_elapsed         | 21          |
|    total_timesteps      | 17280       |
| train/                  |             |
|    approx_kl            | 0.018228808 |
|    clip_fraction        | 0.144       |
|    clip_range           | 0.2         |
|    entropy_loss         | -4.14       |
|    explained_variance   | -1.66e-05   |
|    learning_rate        | 0.0003      |
|    loss                 | 50.8        |
|    n_updates            | 140         |
|    policy_gradient_loss | -0.00607    |
|    std                  | 0.962       |
|    value_loss           | 58.7        |
-----------------------------------------
-----------------------------------------
| rollout/                |             |
|    ep_len_mean          | 289         |
|    ep_rew_mean          | 165         |
| time/                   |             |
|    fps                  | 799         |
|    iterations           | 16          |
|    time_elapsed         | 23          |
|    total_timesteps      | 18432       |
| train/                  |             |
|    approx_kl            | 0.013192895 |
|    clip_fraction        | 0.147       |
|    clip_range           | 0.2         |
|    entropy_loss         | -4.13       |
|    explained_variance   | -1.99e-05   |
|    learning_rate        | 0.0003      |
|    loss                 | 17.1        |
|    n_updates            | 150         |
|    policy_gradient_loss | -0.00801    |
|    std                  | 0.96        |
|    value_loss           | 63.7        |
-----------------------------------------
------------------------------------------
| rollout/                |              |
|    ep_len_mean          | 289          |
|    ep_rew_mean          | 167          |
| time/                   |              |
|    fps                  | 801          |
|    iterations           | 17           |
|    time_elapsed         | 24           |
|    total_timesteps      | 19584        |
| train/                  |              |
|    approx_kl            | 0.0104558375 |
|    clip_fraction        | 0.131        |
|    clip_range           | 0.2          |
|    entropy_loss         | -4.14        |
|    explained_variance   | -9.78e-06    |
|    learning_rate        | 0.0003       |
|    loss                 | 29.5         |
|    n_updates            | 160          |
|    policy_gradient_loss | -0.0058      |
|    std                  | 0.964        |
|    value_loss           | 67.8         |
------------------------------------------
Eval num_timesteps=20000, episode_reward=251.57 +/- 0.07
Episode length: 289.00 +/- 0.00
-----------------------------------------
| eval/                   |             |
|    mean_ep_length       | 289         |
|    mean_reward          | 252         |
| time/                   |             |
|    total_timesteps      | 20000       |
| train/                  |             |
|    approx_kl            | 0.011350179 |
|    clip_fraction        | 0.179       |
|    clip_range           | 0.2         |
|    entropy_loss         | -4.13       |
|    explained_variance   | -5.51e-05   |
|    learning_rate        | 0.0003      |
|    loss                 | 44.3        |
|    n_updates            | 170         |
|    policy_gradient_loss | -0.00513    |
|    std                  | 0.955       |
|    value_loss           | 74.7        |
-----------------------------------------
New best mean reward!
---------------------------------
| rollout/           |          |
|    ep_len_mean     | 289      |
|    ep_rew_mean     | 170      |
| time/              |          |
|    fps             | 751      |
|    iterations      | 18       |
|    time_elapsed    | 27       |
|    total_timesteps | 20736    |
---------------------------------
-----------------------------------------
| rollout/                |             |
|    ep_len_mean          | 289         |
|    ep_rew_mean          | 172         |
| time/                   |             |
|    fps                  | 754         |
|    iterations           | 19          |
|    time_elapsed         | 28          |
|    total_timesteps      | 21888       |
| train/                  |             |
|    approx_kl            | 0.011474251 |
|    clip_fraction        | 0.143       |
|    clip_range           | 0.2         |
|    entropy_loss         | -4.12       |
|    explained_variance   | -3.49e-05   |
|    learning_rate        | 0.0003      |
|    loss                 | 23          |
|    n_updates            | 180         |
|    policy_gradient_loss | -0.00459    |
|    std                  | 0.96        |
|    value_loss           | 78.5        |
-----------------------------------------
-----------------------------------------
| rollout/                |             |
|    ep_len_mean          | 289         |
|    ep_rew_mean          | 174         |
| time/                   |             |
|    fps                  | 758         |
|    iterations           | 20          |
|    time_elapsed         | 30          |
|    total_timesteps      | 23040       |
| train/                  |             |
|    approx_kl            | 0.005712794 |
|    clip_fraction        | 0.0896      |
|    clip_range           | 0.2         |
|    entropy_loss         | -4.14       |
|    explained_variance   | -4.27e-05   |
|    learning_rate        | 0.0003      |
|    loss                 | 37.8        |
|    n_updates            | 190         |
|    policy_gradient_loss | -0.00253    |
|    std                  | 0.966       |
|    value_loss           | 80.5        |
-----------------------------------------
------------------------------------------
| rollout/                |              |
|    ep_len_mean          | 289          |
|    ep_rew_mean          | 176          |
| time/                   |              |
|    fps                  | 760          |
|    iterations           | 21           |
|    time_elapsed         | 31           |
|    total_timesteps      | 24192        |
| train/                  |              |
|    approx_kl            | 0.0068517122 |
|    clip_fraction        | 0.0594       |
|    clip_range           | 0.2          |
|    entropy_loss         | -4.16        |
|    explained_variance   | -2.47e-05    |
|    learning_rate        | 0.0003       |
|    loss                 | 81.1         |
|    n_updates            | 200          |
|    policy_gradient_loss | -0.00334     |
|    std                  | 0.974        |
|    value_loss           | 84           |
------------------------------------------
------------------------------------------
| rollout/                |              |
|    ep_len_mean          | 289          |
|    ep_rew_mean          | 178          |
| time/                   |              |
|    fps                  | 763          |
|    iterations           | 22           |
|    time_elapsed         | 33           |
|    total_timesteps      | 25344        |
| train/                  |              |
|    approx_kl            | 0.0057050935 |
|    clip_fraction        | 0.132        |
|    clip_range           | 0.2          |
|    entropy_loss         | -4.17        |
|    explained_variance   | -1.05e-05    |
|    learning_rate        | 0.0003       |
|    loss                 | 91.7         |
|    n_updates            | 210          |
|    policy_gradient_loss | -0.00505     |
|    std                  | 0.974        |
|    value_loss           | 86.8         |
------------------------------------------
----------------------------------------
| rollout/                |            |
|    ep_len_mean          | 289        |
|    ep_rew_mean          | 180        |
| time/                   |            |
|    fps                  | 766        |
|    iterations           | 23         |
|    time_elapsed         | 34         |
|    total_timesteps      | 26496      |
| train/                  |            |
|    approx_kl            | 0.00846925 |
|    clip_fraction        | 0.101      |
|    clip_range           | 0.2        |
|    entropy_loss         | -4.18      |
|    explained_variance   | 1.61e-06   |
|    learning_rate        | 0.0003     |
|    loss                 | 57.9       |
|    n_updates            | 220        |
|    policy_gradient_loss | -0.005     |
|    std                  | 0.98       |
|    value_loss           | 90         |
----------------------------------------
------------------------------------------
| rollout/                |              |
|    ep_len_mean          | 289          |
|    ep_rew_mean          | 181          |
| time/                   |              |
|    fps                  | 768          |
|    iterations           | 24           |
|    time_elapsed         | 35           |
|    total_timesteps      | 27648        |
| train/                  |              |
|    approx_kl            | 0.0064764037 |
|    clip_fraction        | 0.0908       |
|    clip_range           | 0.2          |
|    entropy_loss         | -4.19        |
|    explained_variance   | -2.86e-06    |
|    learning_rate        | 0.0003       |
|    loss                 | 42.1         |
|    n_updates            | 230          |
|    policy_gradient_loss | -0.00421     |
|    std                  | 0.977        |
|    value_loss           | 91.8         |
------------------------------------------
-----------------------------------------
| rollout/                |             |
|    ep_len_mean          | 289         |
|    ep_rew_mean          | 183         |
| time/                   |             |
|    fps                  | 771         |
|    iterations           | 25          |
|    time_elapsed         | 37          |
|    total_timesteps      | 28800       |
| train/                  |             |
|    approx_kl            | 0.013810087 |
|    clip_fraction        | 0.179       |
|    clip_range           | 0.2         |
|    entropy_loss         | -4.17       |
|    explained_variance   | 1.37e-06    |
|    learning_rate        | 0.0003      |
|    loss                 | 85          |
|    n_updates            | 240         |
|    policy_gradient_loss | -0.0111     |
|    std                  | 0.969       |
|    value_loss           | 96.2        |
-----------------------------------------
------------------------------------------
| rollout/                |              |
|    ep_len_mean          | 289          |
|    ep_rew_mean          | 184          |
| time/                   |              |
|    fps                  | 773          |
|    iterations           | 26           |
|    time_elapsed         | 38           |
|    total_timesteps      | 29952        |
| train/                  |              |
|    approx_kl            | 0.0073262537 |
|    clip_fraction        | 0.0678       |
|    clip_range           | 0.2          |
|    entropy_loss         | -4.16        |
|    explained_variance   | -8.23e-06    |
|    learning_rate        | 0.0003       |
|    loss                 | 12.8         |
|    n_updates            | 250          |
|    policy_gradient_loss | -0.00211     |
|    std                  | 0.969        |
|    value_loss           | 94.9         |
------------------------------------------
------------------------------------------
| rollout/                |              |
|    ep_len_mean          | 289          |
|    ep_rew_mean          | 190          |
| time/                   |              |
|    fps                  | 775          |
|    iterations           | 27           |
|    time_elapsed         | 40           |
|    total_timesteps      | 31104        |
| train/                  |              |
|    approx_kl            | 0.0061792517 |
|    clip_fraction        | 0.0911       |
|    clip_range           | 0.2          |
|    entropy_loss         | -4.16        |
|    explained_variance   | -4.29e-06    |
|    learning_rate        | 0.0003       |
|    loss                 | 17.4         |
|    n_updates            | 260          |
|    policy_gradient_loss | -0.00443     |
|    std                  | 0.97         |
|    value_loss           | 96.1         |
------------------------------------------
-----------------------------------------
| rollout/                |             |
|    ep_len_mean          | 289         |
|    ep_rew_mean          | 195         |
| time/                   |             |
|    fps                  | 777         |
|    iterations           | 28          |
|    time_elapsed         | 41          |
|    total_timesteps      | 32256       |
| train/                  |             |
|    approx_kl            | 0.007355916 |
|    clip_fraction        | 0.183       |
|    clip_range           | 0.2         |
|    entropy_loss         | -4.17       |
|    explained_variance   | 3.33e-05    |
|    learning_rate        | 0.0003      |
|    loss                 | 26          |
|    n_updates            | 270         |
|    policy_gradient_loss | -0.0087     |
|    std                  | 0.974       |
|    value_loss           | 100         |
-----------------------------------------
-----------------------------------------
| rollout/                |             |
|    ep_len_mean          | 289         |
|    ep_rew_mean          | 199         |
| time/                   |             |
|    fps                  | 778         |
|    iterations           | 29          |
|    time_elapsed         | 42          |
|    total_timesteps      | 33408       |
| train/                  |             |
|    approx_kl            | 0.006411402 |
|    clip_fraction        | 0.0783      |
|    clip_range           | 0.2         |
|    entropy_loss         | -4.18       |
|    explained_variance   | -3.46e-06   |
|    learning_rate        | 0.0003      |
|    loss                 | 42.9        |
|    n_updates            | 280         |
|    policy_gradient_loss | -0.00328    |
|    std                  | 0.977       |
|    value_loss           | 98.9        |
-----------------------------------------
----------------------------------------
| rollout/                |            |
|    ep_len_mean          | 289        |
|    ep_rew_mean          | 202        |
| time/                   |            |
|    fps                  | 780        |
|    iterations           | 30         |
|    time_elapsed         | 44         |
|    total_timesteps      | 34560      |
| train/                  |            |
|    approx_kl            | 0.01580001 |
|    clip_fraction        | 0.16       |
|    clip_range           | 0.2        |
|    entropy_loss         | -4.18      |
|    explained_variance   | -7.15e-07  |
|    learning_rate        | 0.0003     |
|    loss                 | 126        |
|    n_updates            | 290        |
|    policy_gradient_loss | -0.00795   |
|    std                  | 0.975      |
|    value_loss           | 98.5       |
----------------------------------------
------------------------------------------
| rollout/                |              |
|    ep_len_mean          | 289          |
|    ep_rew_mean          | 204          |
| time/                   |              |
|    fps                  | 781          |
|    iterations           | 31           |
|    time_elapsed         | 45           |
|    total_timesteps      | 35712        |
| train/                  |              |
|    approx_kl            | 0.0073042223 |
|    clip_fraction        | 0.055        |
|    clip_range           | 0.2          |
|    entropy_loss         | -4.17        |
|    explained_variance   | 0.00179      |
|    learning_rate        | 0.0003       |
|    loss                 | 69.1         |
|    n_updates            | 300          |
|    policy_gradient_loss | -0.00377     |
|    std                  | 0.973        |
|    value_loss           | 98.1         |
------------------------------------------
------------------------------------------
| rollout/                |              |
|    ep_len_mean          | 289          |
|    ep_rew_mean          | 206          |
| time/                   |              |
|    fps                  | 783          |
|    iterations           | 32           |
|    time_elapsed         | 47           |
|    total_timesteps      | 36864        |
| train/                  |              |
|    approx_kl            | 0.0068313093 |
|    clip_fraction        | 0.0912       |
|    clip_range           | 0.2          |
|    entropy_loss         | -4.17        |
|    explained_variance   | 0.0231       |
|    learning_rate        | 0.0003       |
|    loss                 | 102          |
|    n_updates            | 310          |
|    policy_gradient_loss | -0.00784     |
|    std                  | 0.975        |
|    value_loss           | 93.5         |
------------------------------------------
-----------------------------------------
| rollout/                |             |
|    ep_len_mean          | 289         |
|    ep_rew_mean          | 208         |
| time/                   |             |
|    fps                  | 784         |
|    iterations           | 33          |
|    time_elapsed         | 48          |
|    total_timesteps      | 38016       |
| train/                  |             |
|    approx_kl            | 0.008215182 |
|    clip_fraction        | 0.123       |
|    clip_range           | 0.2         |
|    entropy_loss         | -4.17       |
|    explained_variance   | 0.0606      |
|    learning_rate        | 0.0003      |
|    loss                 | 48.1        |
|    n_updates            | 320         |
|    policy_gradient_loss | -0.00852    |
|    std                  | 0.973       |
|    value_loss           | 88.5        |
-----------------------------------------
------------------------------------------
| rollout/                |              |
|    ep_len_mean          | 289          |
|    ep_rew_mean          | 209          |
| time/                   |              |
|    fps                  | 785          |
|    iterations           | 34           |
|    time_elapsed         | 49           |
|    total_timesteps      | 39168        |
| train/                  |              |
|    approx_kl            | 0.0047528613 |
|    clip_fraction        | 0.0195       |
|    clip_range           | 0.2          |
|    entropy_loss         | -4.17        |
|    explained_variance   | 0.12         |
|    learning_rate        | 0.0003       |
|    loss                 | 49.4         |
|    n_updates            | 330          |
|    policy_gradient_loss | -0.00224     |
|    std                  | 0.973        |
|    value_loss           | 86           |
------------------------------------------
Eval num_timesteps=40000, episode_reward=254.96 +/- 0.04
Episode length: 289.00 +/- 0.00
-----------------------------------------
| eval/                   |             |
|    mean_ep_length       | 289         |
|    mean_reward          | 255         |
| time/                   |             |
|    total_timesteps      | 40000       |
| train/                  |             |
|    approx_kl            | 0.005427303 |
|    clip_fraction        | 0.0312      |
|    clip_range           | 0.2         |
|    entropy_loss         | -4.17       |
|    explained_variance   | 0.172       |
|    learning_rate        | 0.0003      |
|    loss                 | 71.1        |
|    n_updates            | 340         |
|    policy_gradient_loss | -0.00343    |
|    std                  | 0.971       |
|    value_loss           | 83.1        |
-----------------------------------------
New best mean reward!
---------------------------------
| rollout/           |          |
|    ep_len_mean     | 289      |
|    ep_rew_mean     | 211      |
| time/              |          |
|    fps             | 762      |
|    iterations      | 35       |
|    time_elapsed    | 52       |
|    total_timesteps | 40320    |
---------------------------------
-----------------------------------------
| rollout/                |             |
|    ep_len_mean          | 289         |
|    ep_rew_mean          | 212         |
| time/                   |             |
|    fps                  | 764         |
|    iterations           | 36          |
|    time_elapsed         | 54          |
|    total_timesteps      | 41472       |
| train/                  |             |
|    approx_kl            | 0.010444131 |
|    clip_fraction        | 0.101       |
|    clip_range           | 0.2         |
|    entropy_loss         | -4.16       |
|    explained_variance   | 0.196       |
|    learning_rate        | 0.0003      |
|    loss                 | 39.5        |
|    n_updates            | 350         |
|    policy_gradient_loss | -0.00585    |
|    std                  | 0.971       |
|    value_loss           | 82.5        |
-----------------------------------------
-----------------------------------------
| rollout/                |             |
|    ep_len_mean          | 289         |
|    ep_rew_mean          | 214         |
| time/                   |             |
|    fps                  | 765         |
|    iterations           | 37          |
|    time_elapsed         | 55          |
|    total_timesteps      | 42624       |
| train/                  |             |
|    approx_kl            | 0.007233095 |
|    clip_fraction        | 0.0337      |
|    clip_range           | 0.2         |
|    entropy_loss         | -4.16       |
|    explained_variance   | 0.251       |
|    learning_rate        | 0.0003      |
|    loss                 | 32.5        |
|    n_updates            | 360         |
|    policy_gradient_loss | -0.00383    |
|    std                  | 0.97        |
|    value_loss           | 80.7        |
-----------------------------------------
-----------------------------------------
| rollout/                |             |
|    ep_len_mean          | 289         |
|    ep_rew_mean          | 215         |
| time/                   |             |
|    fps                  | 767         |
|    iterations           | 38          |
|    time_elapsed         | 57          |
|    total_timesteps      | 43776       |
| train/                  |             |
|    approx_kl            | 0.009623338 |
|    clip_fraction        | 0.0524      |
|    clip_range           | 0.2         |
|    entropy_loss         | -4.16       |
|    explained_variance   | 0.304       |
|    learning_rate        | 0.0003      |
|    loss                 | 28.6        |
|    n_updates            | 370         |
|    policy_gradient_loss | -0.00585    |
|    std                  | 0.969       |
|    value_loss           | 76.7        |
-----------------------------------------
-----------------------------------------
| rollout/                |             |
|    ep_len_mean          | 289         |
|    ep_rew_mean          | 216         |
| time/                   |             |
|    fps                  | 768         |
|    iterations           | 39          |
|    time_elapsed         | 58          |
|    total_timesteps      | 44928       |
| train/                  |             |
|    approx_kl            | 0.004784695 |
|    clip_fraction        | 0.0207      |
|    clip_range           | 0.2         |
|    entropy_loss         | -4.16       |
|    explained_variance   | 0.329       |
|    learning_rate        | 0.0003      |
|    loss                 | 36.2        |
|    n_updates            | 380         |
|    policy_gradient_loss | -0.00377    |
|    std                  | 0.969       |
|    value_loss           | 77.7        |
-----------------------------------------
-----------------------------------------
| rollout/                |             |
|    ep_len_mean          | 289         |
|    ep_rew_mean          | 217         |
| time/                   |             |
|    fps                  | 770         |
|    iterations           | 40          |
|    time_elapsed         | 59          |
|    total_timesteps      | 46080       |
| train/                  |             |
|    approx_kl            | 0.006411614 |
|    clip_fraction        | 0.0345      |
|    clip_range           | 0.2         |
|    entropy_loss         | -4.16       |
|    explained_variance   | 0.359       |
|    learning_rate        | 0.0003      |
|    loss                 | 27.9        |
|    n_updates            | 390         |
|    policy_gradient_loss | -0.00559    |
|    std                  | 0.969       |
|    value_loss           | 74.4        |
-----------------------------------------
-----------------------------------------
| rollout/                |             |
|    ep_len_mean          | 289         |
|    ep_rew_mean          | 218         |
| time/                   |             |
|    fps                  | 771         |
|    iterations           | 41          |
|    time_elapsed         | 61          |
|    total_timesteps      | 47232       |
| train/                  |             |
|    approx_kl            | 0.006175514 |
|    clip_fraction        | 0.0411      |
|    clip_range           | 0.2         |
|    entropy_loss         | -4.16       |
|    explained_variance   | 0.279       |
|    learning_rate        | 0.0003      |
|    loss                 | 66.9        |
|    n_updates            | 400         |
|    policy_gradient_loss | -0.00496    |
|    std                  | 0.969       |
|    value_loss           | 83          |
-----------------------------------------
-----------------------------------------
| rollout/                |             |
|    ep_len_mean          | 289         |
|    ep_rew_mean          | 219         |
| time/                   |             |
|    fps                  | 772         |
|    iterations           | 42          |
|    time_elapsed         | 62          |
|    total_timesteps      | 48384       |
| train/                  |             |
|    approx_kl            | 0.006928587 |
|    clip_fraction        | 0.0412      |
|    clip_range           | 0.2         |
|    entropy_loss         | -4.16       |
|    explained_variance   | 0.35        |
|    learning_rate        | 0.0003      |
|    loss                 | 36          |
|    n_updates            | 410         |
|    policy_gradient_loss | -0.00425    |
|    std                  | 0.97        |
|    value_loss           | 76.5        |
-----------------------------------------
----------------------------------------
| rollout/                |            |
|    ep_len_mean          | 289        |
|    ep_rew_mean          | 219        |
| time/                   |            |
|    fps                  | 774        |
|    iterations           | 43         |
|    time_elapsed         | 63         |
|    total_timesteps      | 49536      |
| train/                  |            |
|    approx_kl            | 0.00600006 |
|    clip_fraction        | 0.0333     |
|    clip_range           | 0.2        |
|    entropy_loss         | -4.16      |
|    explained_variance   | 0.389      |
|    learning_rate        | 0.0003     |
|    loss                 | 27         |
|    n_updates            | 420        |
|    policy_gradient_loss | -0.00377   |
|    std                  | 0.968      |
|    value_loss           | 78.3       |
----------------------------------------
-----------------------------------------
| rollout/                |             |
|    ep_len_mean          | 289         |
|    ep_rew_mean          | 220         |
| time/                   |             |
|    fps                  | 775         |
|    iterations           | 44          |
|    time_elapsed         | 65          |
|    total_timesteps      | 50688       |
| train/                  |             |
|    approx_kl            | 0.004527567 |
|    clip_fraction        | 0.0266      |
|    clip_range           | 0.2         |
|    entropy_loss         | -4.16       |
|    explained_variance   | 0.431       |
|    learning_rate        | 0.0003      |
|    loss                 | 49.7        |
|    n_updates            | 430         |
|    policy_gradient_loss | -0.00301    |
|    std                  | 0.968       |
|    value_loss           | 76.3        |
-----------------------------------------
------------------------------------------
| rollout/                |              |
|    ep_len_mean          | 289          |
|    ep_rew_mean          | 221          |
| time/                   |              |
|    fps                  | 776          |
|    iterations           | 45           |
|    time_elapsed         | 66           |
|    total_timesteps      | 51840        |
| train/                  |              |
|    approx_kl            | 0.0071029495 |
|    clip_fraction        | 0.0674       |
|    clip_range           | 0.2          |
|    entropy_loss         | -4.15        |
|    explained_variance   | 0.435        |
|    learning_rate        | 0.0003       |
|    loss                 | 19.5         |
|    n_updates            | 440          |
|    policy_gradient_loss | -0.00664     |
|    std                  | 0.966        |
|    value_loss           | 77           |
------------------------------------------
-----------------------------------------
| rollout/                |             |
|    ep_len_mean          | 289         |
|    ep_rew_mean          | 222         |
| time/                   |             |
|    fps                  | 777         |
|    iterations           | 46          |
|    time_elapsed         | 68          |
|    total_timesteps      | 52992       |
| train/                  |             |
|    approx_kl            | 0.010307658 |
|    clip_fraction        | 0.145       |
|    clip_range           | 0.2         |
|    entropy_loss         | -4.15       |
|    explained_variance   | 0.471       |
|    learning_rate        | 0.0003      |
|    loss                 | 33.7        |
|    n_updates            | 450         |
|    policy_gradient_loss | -0.0122     |
|    std                  | 0.967       |
|    value_loss           | 76.6        |
-----------------------------------------
-----------------------------------------
| rollout/                |             |
|    ep_len_mean          | 289         |
|    ep_rew_mean          | 223         |
| time/                   |             |
|    fps                  | 778         |
|    iterations           | 47          |
|    time_elapsed         | 69          |
|    total_timesteps      | 54144       |
| train/                  |             |
|    approx_kl            | 0.004747431 |
|    clip_fraction        | 0.0295      |
|    clip_range           | 0.2         |
|    entropy_loss         | -4.15       |
|    explained_variance   | 0.519       |
|    learning_rate        | 0.0003      |
|    loss                 | 15.9        |
|    n_updates            | 460         |
|    policy_gradient_loss | -0.00273    |
|    std                  | 0.967       |
|    value_loss           | 71.6        |
-----------------------------------------
------------------------------------------
| rollout/                |              |
|    ep_len_mean          | 289          |
|    ep_rew_mean          | 223          |
| time/                   |              |
|    fps                  | 779          |
|    iterations           | 48           |
|    time_elapsed         | 70           |
|    total_timesteps      | 55296        |
| train/                  |              |
|    approx_kl            | 0.0065970654 |
|    clip_fraction        | 0.0489       |
|    clip_range           | 0.2          |
|    entropy_loss         | -4.15        |
|    explained_variance   | 0.533        |
|    learning_rate        | 0.0003       |
|    loss                 | 16.2         |
|    n_updates            | 470          |
|    policy_gradient_loss | -0.00379     |
|    std                  | 0.967        |
|    value_loss           | 71.9         |
------------------------------------------
------------------------------------------
| rollout/                |              |
|    ep_len_mean          | 289          |
|    ep_rew_mean          | 224          |
| time/                   |              |
|    fps                  | 780          |
|    iterations           | 49           |
|    time_elapsed         | 72           |
|    total_timesteps      | 56448        |
| train/                  |              |
|    approx_kl            | 0.0048030224 |
|    clip_fraction        | 0.048        |
|    clip_range           | 0.2          |
|    entropy_loss         | -4.15        |
|    explained_variance   | 0.53         |
|    learning_rate        | 0.0003       |
|    loss                 | 77           |
|    n_updates            | 480          |
|    policy_gradient_loss | -0.00463     |
|    std                  | 0.966        |
|    value_loss           | 74.6         |
------------------------------------------
------------------------------------------
| rollout/                |              |
|    ep_len_mean          | 289          |
|    ep_rew_mean          | 225          |
| time/                   |              |
|    fps                  | 781          |
|    iterations           | 50           |
|    time_elapsed         | 73           |
|    total_timesteps      | 57600        |
| train/                  |              |
|    approx_kl            | 0.0049718977 |
|    clip_fraction        | 0.0332       |
|    clip_range           | 0.2          |
|    entropy_loss         | -4.15        |
|    explained_variance   | 0.546        |
|    learning_rate        | 0.0003       |
|    loss                 | 38.3         |
|    n_updates            | 490          |
|    policy_gradient_loss | -0.00215     |
|    std                  | 0.965        |
|    value_loss           | 72.9         |
------------------------------------------
------------------------------------------
| rollout/                |              |
|    ep_len_mean          | 289          |
|    ep_rew_mean          | 225          |
| time/                   |              |
|    fps                  | 782          |
|    iterations           | 51           |
|    time_elapsed         | 75           |
|    total_timesteps      | 58752        |
| train/                  |              |
|    approx_kl            | 0.0055357865 |
|    clip_fraction        | 0.0558       |
|    clip_range           | 0.2          |
|    entropy_loss         | -4.15        |
|    explained_variance   | 0.582        |
|    learning_rate        | 0.0003       |
|    loss                 | 66           |
|    n_updates            | 500          |
|    policy_gradient_loss | -0.00587     |
|    std                  | 0.966        |
|    value_loss           | 70.3         |
------------------------------------------
------------------------------------------
| rollout/                |              |
|    ep_len_mean          | 289          |
|    ep_rew_mean          | 226          |
| time/                   |              |
|    fps                  | 783          |
|    iterations           | 52           |
|    time_elapsed         | 76           |
|    total_timesteps      | 59904        |
| train/                  |              |
|    approx_kl            | 0.0043319776 |
|    clip_fraction        | 0.0299       |
|    clip_range           | 0.2          |
|    entropy_loss         | -4.15        |
|    explained_variance   | 0.581        |
|    learning_rate        | 0.0003       |
|    loss                 | 51.3         |
|    n_updates            | 510          |
|    policy_gradient_loss | -0.00273     |
|    std                  | 0.967        |
|    value_loss           | 71.7         |
------------------------------------------
Eval num_timesteps=60000, episode_reward=257.08 +/- 0.00
Episode length: 289.00 +/- 0.00
-----------------------------------------
| eval/                   |             |
|    mean_ep_length       | 289         |
|    mean_reward          | 257         |
| time/                   |             |
|    total_timesteps      | 60000       |
| train/                  |             |
|    approx_kl            | 0.004431804 |
|    clip_fraction        | 0.0549      |
|    clip_range           | 0.2         |
|    entropy_loss         | -4.15       |
|    explained_variance   | 0.53        |
|    learning_rate        | 0.0003      |
|    loss                 | 53.4        |
|    n_updates            | 520         |
|    policy_gradient_loss | -0.00475    |
|    std                  | 0.967       |
|    value_loss           | 79.1        |
-----------------------------------------
New best mean reward!
---------------------------------
| rollout/           |          |
|    ep_len_mean     | 289      |
|    ep_rew_mean     | 227      |
| time/              |          |
|    fps             | 768      |
|    iterations      | 53       |
|    time_elapsed    | 79       |
|    total_timesteps | 61056    |
---------------------------------
------------------------------------------
| rollout/                |              |
|    ep_len_mean          | 289          |
|    ep_rew_mean          | 227          |
| time/                   |              |
|    fps                  | 769          |
|    iterations           | 54           |
|    time_elapsed         | 80           |
|    total_timesteps      | 62208        |
| train/                  |              |
|    approx_kl            | 0.0049507734 |
|    clip_fraction        | 0.0462       |
|    clip_range           | 0.2          |
|    entropy_loss         | -4.15        |
|    explained_variance   | 0.535        |
|    learning_rate        | 0.0003       |
|    loss                 | 53.1         |
|    n_updates            | 530          |
|    policy_gradient_loss | -0.0039      |
|    std                  | 0.966        |
|    value_loss           | 78           |
------------------------------------------
-----------------------------------------
| rollout/                |             |
|    ep_len_mean          | 289         |
|    ep_rew_mean          | 228         |
| time/                   |             |
|    fps                  | 770         |
|    iterations           | 55          |
|    time_elapsed         | 82          |
|    total_timesteps      | 63360       |
| train/                  |             |
|    approx_kl            | 0.004410497 |
|    clip_fraction        | 0.0277      |
|    clip_range           | 0.2         |
|    entropy_loss         | -4.15       |
|    explained_variance   | 0.553       |
|    learning_rate        | 0.0003      |
|    loss                 | 38.7        |
|    n_updates            | 540         |
|    policy_gradient_loss | -0.00291    |
|    std                  | 0.964       |
|    value_loss           | 76.6        |
-----------------------------------------
------------------------------------------
| rollout/                |              |
|    ep_len_mean          | 289          |
|    ep_rew_mean          | 229          |
| time/                   |              |
|    fps                  | 771          |
|    iterations           | 56           |
|    time_elapsed         | 83           |
|    total_timesteps      | 64512        |
| train/                  |              |
|    approx_kl            | 0.0071548745 |
|    clip_fraction        | 0.0354       |
|    clip_range           | 0.2          |
|    entropy_loss         | -4.14        |
|    explained_variance   | 0.55         |
|    learning_rate        | 0.0003       |
|    loss                 | 14.3         |
|    n_updates            | 550          |
|    policy_gradient_loss | -0.00207     |
|    std                  | 0.96         |
|    value_loss           | 77.5         |
------------------------------------------
-----------------------------------------
| rollout/                |             |
|    ep_len_mean          | 289         |
|    ep_rew_mean          | 230         |
| time/                   |             |
|    fps                  | 772         |
|    iterations           | 57          |
|    time_elapsed         | 85          |
|    total_timesteps      | 65664       |
| train/                  |             |
|    approx_kl            | 0.004319293 |
|    clip_fraction        | 0.027       |
|    clip_range           | 0.2         |
|    entropy_loss         | -4.13       |
|    explained_variance   | 0.563       |
|    learning_rate        | 0.0003      |
|    loss                 | 43.9        |
|    n_updates            | 560         |
|    policy_gradient_loss | -0.0029     |
|    std                  | 0.961       |
|    value_loss           | 79.2        |
-----------------------------------------
-----------------------------------------
| rollout/                |             |
|    ep_len_mean          | 289         |
|    ep_rew_mean          | 231         |
| time/                   |             |
|    fps                  | 772         |
|    iterations           | 58          |
|    time_elapsed         | 86          |
|    total_timesteps      | 66816       |
| train/                  |             |
|    approx_kl            | 0.009702653 |
|    clip_fraction        | 0.14        |
|    clip_range           | 0.2         |
|    entropy_loss         | -4.13       |
|    explained_variance   | 0.552       |
|    learning_rate        | 0.0003      |
|    loss                 | 32          |
|    n_updates            | 570         |
|    policy_gradient_loss | -0.0112     |
|    std                  | 0.96        |
|    value_loss           | 80          |
-----------------------------------------
-----------------------------------------
| rollout/                |             |
|    ep_len_mean          | 289         |
|    ep_rew_mean          | 232         |
| time/                   |             |
|    fps                  | 773         |
|    iterations           | 59          |
|    time_elapsed         | 87          |
|    total_timesteps      | 67968       |
| train/                  |             |
|    approx_kl            | 0.002707292 |
|    clip_fraction        | 0.0499      |
|    clip_range           | 0.2         |
|    entropy_loss         | -4.13       |
|    explained_variance   | 0.583       |
|    learning_rate        | 0.0003      |
|    loss                 | 53          |
|    n_updates            | 580         |
|    policy_gradient_loss | -0.00329    |
|    std                  | 0.959       |
|    value_loss           | 79.3        |
-----------------------------------------
-----------------------------------------
| rollout/                |             |
|    ep_len_mean          | 289         |
|    ep_rew_mean          | 233         |
| time/                   |             |
|    fps                  | 774         |
|    iterations           | 60          |
|    time_elapsed         | 89          |
|    total_timesteps      | 69120       |
| train/                  |             |
|    approx_kl            | 0.006447447 |
|    clip_fraction        | 0.0539      |
|    clip_range           | 0.2         |
|    entropy_loss         | -4.12       |
|    explained_variance   | 0.577       |
|    learning_rate        | 0.0003      |
|    loss                 | 66.7        |
|    n_updates            | 590         |
|    policy_gradient_loss | -0.00455    |
|    std                  | 0.953       |
|    value_loss           | 79.3        |
-----------------------------------------
-----------------------------------------
| rollout/                |             |
|    ep_len_mean          | 289         |
|    ep_rew_mean          | 234         |
| time/                   |             |
|    fps                  | 775         |
|    iterations           | 61          |
|    time_elapsed         | 90          |
|    total_timesteps      | 70272       |
| train/                  |             |
|    approx_kl            | 0.003157693 |
|    clip_fraction        | 0.0126      |
|    clip_range           | 0.2         |
|    entropy_loss         | -4.11       |
|    explained_variance   | 0.625       |
|    learning_rate        | 0.0003      |
|    loss                 | 19.5        |
|    n_updates            | 600         |
|    policy_gradient_loss | -0.000971   |
|    std                  | 0.953       |
|    value_loss           | 77          |
-----------------------------------------
------------------------------------------
| rollout/                |              |
|    ep_len_mean          | 289          |
|    ep_rew_mean          | 235          |
| time/                   |              |
|    fps                  | 776          |
|    iterations           | 62           |
|    time_elapsed         | 92           |
|    total_timesteps      | 71424        |
| train/                  |              |
|    approx_kl            | 0.0030370792 |
|    clip_fraction        | 0.0204       |
|    clip_range           | 0.2          |
|    entropy_loss         | -4.11        |
|    explained_variance   | 0.639        |
|    learning_rate        | 0.0003       |
|    loss                 | 61           |
|    n_updates            | 610          |
|    policy_gradient_loss | -0.000721    |
|    std                  | 0.954        |
|    value_loss           | 76           |
------------------------------------------
------------------------------------------
| rollout/                |              |
|    ep_len_mean          | 289          |
|    ep_rew_mean          | 236          |
| time/                   |              |
|    fps                  | 777          |
|    iterations           | 63           |
|    time_elapsed         | 93           |
|    total_timesteps      | 72576        |
| train/                  |              |
|    approx_kl            | 0.0055921255 |
|    clip_fraction        | 0.0575       |
|    clip_range           | 0.2          |
|    entropy_loss         | -4.11        |
|    explained_variance   | 0.663        |
|    learning_rate        | 0.0003       |
|    loss                 | 38.6         |
|    n_updates            | 620          |
|    policy_gradient_loss | -0.000771    |
|    std                  | 0.953        |
|    value_loss           | 74.9         |
------------------------------------------
------------------------------------------
| rollout/                |              |
|    ep_len_mean          | 289          |
|    ep_rew_mean          | 237          |
| time/                   |              |
|    fps                  | 777          |
|    iterations           | 64           |
|    time_elapsed         | 94           |
|    total_timesteps      | 73728        |
| train/                  |              |
|    approx_kl            | 0.0031503018 |
|    clip_fraction        | 0.0363       |
|    clip_range           | 0.2          |
|    entropy_loss         | -4.11        |
|    explained_variance   | 0.668        |
|    learning_rate        | 0.0003       |
|    loss                 | 23.7         |
|    n_updates            | 630          |
|    policy_gradient_loss | -0.00132     |
|    std                  | 0.953        |
|    value_loss           | 74.3         |
------------------------------------------
------------------------------------------
| rollout/                |              |
|    ep_len_mean          | 289          |
|    ep_rew_mean          | 238          |
| time/                   |              |
|    fps                  | 778          |
|    iterations           | 65           |
|    time_elapsed         | 96           |
|    total_timesteps      | 74880        |
| train/                  |              |
|    approx_kl            | 0.0056887567 |
|    clip_fraction        | 0.0873       |
|    clip_range           | 0.2          |
|    entropy_loss         | -4.11        |
|    explained_variance   | 0.681        |
|    learning_rate        | 0.0003       |
|    loss                 | 34.2         |
|    n_updates            | 640          |
|    policy_gradient_loss | -0.00607     |
|    std                  | 0.952        |
|    value_loss           | 75.6         |
------------------------------------------
-----------------------------------------
| rollout/                |             |
|    ep_len_mean          | 289         |
|    ep_rew_mean          | 239         |
| time/                   |             |
|    fps                  | 779         |
|    iterations           | 66          |
|    time_elapsed         | 97          |
|    total_timesteps      | 76032       |
| train/                  |             |
|    approx_kl            | 0.004203313 |
|    clip_fraction        | 0.0178      |
|    clip_range           | 0.2         |
|    entropy_loss         | -4.1        |
|    explained_variance   | 0.67        |
|    learning_rate        | 0.0003      |
|    loss                 | 44.1        |
|    n_updates            | 650         |
|    policy_gradient_loss | 3.39e-06    |
|    std                  | 0.949       |
|    value_loss           | 77.7        |
-----------------------------------------
------------------------------------------
| rollout/                |              |
|    ep_len_mean          | 289          |
|    ep_rew_mean          | 240          |
| time/                   |              |
|    fps                  | 779          |
|    iterations           | 67           |
|    time_elapsed         | 98           |
|    total_timesteps      | 77184        |
| train/                  |              |
|    approx_kl            | 0.0029252467 |
|    clip_fraction        | 0.0103       |
|    clip_range           | 0.2          |
|    entropy_loss         | -4.09        |
|    explained_variance   | 0.663        |
|    learning_rate        | 0.0003       |
|    loss                 | 24.4         |
|    n_updates            | 660          |
|    policy_gradient_loss | 0.000419     |
|    std                  | 0.948        |
|    value_loss           | 78.3         |
------------------------------------------
------------------------------------------
| rollout/                |              |
|    ep_len_mean          | 289          |
|    ep_rew_mean          | 241          |
| time/                   |              |
|    fps                  | 780          |
|    iterations           | 68           |
|    time_elapsed         | 100          |
|    total_timesteps      | 78336        |
| train/                  |              |
|    approx_kl            | 0.0036286062 |
|    clip_fraction        | 0.0465       |
|    clip_range           | 0.2          |
|    entropy_loss         | -4.09        |
|    explained_variance   | 0.652        |
|    learning_rate        | 0.0003       |
|    loss                 | 49.9         |
|    n_updates            | 670          |
|    policy_gradient_loss | -0.00247     |
|    std                  | 0.95         |
|    value_loss           | 77.3         |
------------------------------------------
-----------------------------------------
| rollout/                |             |
|    ep_len_mean          | 289         |
|    ep_rew_mean          | 241         |
| time/                   |             |
|    fps                  | 781         |
|    iterations           | 69          |
|    time_elapsed         | 101         |
|    total_timesteps      | 79488       |
| train/                  |             |
|    approx_kl            | 0.009325622 |
|    clip_fraction        | 0.11        |
|    clip_range           | 0.2         |
|    entropy_loss         | -4.09       |
|    explained_variance   | 0.637       |
|    learning_rate        | 0.0003      |
|    loss                 | 34.4        |
|    n_updates            | 680         |
|    policy_gradient_loss | -0.00798    |
|    std                  | 0.946       |
|    value_loss           | 82          |
-----------------------------------------
Eval num_timesteps=80000, episode_reward=257.08 +/- 0.00
Episode length: 289.00 +/- 0.00
-----------------------------------------
| eval/                   |             |
|    mean_ep_length       | 289         |
|    mean_reward          | 257         |
| time/                   |             |
|    total_timesteps      | 80000       |
| train/                  |             |
|    approx_kl            | 0.005347181 |
|    clip_fraction        | 0.0488      |
|    clip_range           | 0.2         |
|    entropy_loss         | -4.08       |
|    explained_variance   | 0.621       |
|    learning_rate        | 0.0003      |
|    loss                 | 46.9        |
|    n_updates            | 690         |
|    policy_gradient_loss | -0.00244    |
|    std                  | 0.945       |
|    value_loss           | 81.8        |
-----------------------------------------
---------------------------------
| rollout/           |          |
|    ep_len_mean     | 289      |
|    ep_rew_mean     | 242      |
| time/              |          |
|    fps             | 769      |
|    iterations      | 70       |
|    time_elapsed    | 104      |
|    total_timesteps | 80640    |
---------------------------------
-----------------------------------------
| rollout/                |             |
|    ep_len_mean          | 289         |
|    ep_rew_mean          | 242         |
| time/                   |             |
|    fps                  | 770         |
|    iterations           | 71          |
|    time_elapsed         | 106         |
|    total_timesteps      | 81792       |
| train/                  |             |
|    approx_kl            | 0.018410772 |
|    clip_fraction        | 0.0792      |
|    clip_range           | 0.2         |
|    entropy_loss         | -4.09       |
|    explained_variance   | 0.615       |
|    learning_rate        | 0.0003      |
|    loss                 | 44.2        |
|    n_updates            | 700         |
|    policy_gradient_loss | -0.0016     |
|    std                  | 0.947       |
|    value_loss           | 80.3        |
-----------------------------------------
---------------------------------------
| rollout/                |           |
|    ep_len_mean          | 289       |
|    ep_rew_mean          | 242       |
| time/                   |           |
|    fps                  | 771       |
|    iterations           | 72        |
|    time_elapsed         | 107       |
|    total_timesteps      | 82944     |
| train/                  |           |
|    approx_kl            | 0.0118257 |
|    clip_fraction        | 0.137     |
|    clip_range           | 0.2       |
|    entropy_loss         | -4.08     |
|    explained_variance   | 0.607     |
|    learning_rate        | 0.0003    |
|    loss                 | 37.2      |
|    n_updates            | 710       |
|    policy_gradient_loss | -0.00791  |
|    std                  | 0.943     |
|    value_loss           | 80.7      |
---------------------------------------
------------------------------------------
| rollout/                |              |
|    ep_len_mean          | 289          |
|    ep_rew_mean          | 243          |
| time/                   |              |
|    fps                  | 772          |
|    iterations           | 73           |
|    time_elapsed         | 108          |
|    total_timesteps      | 84096        |
| train/                  |              |
|    approx_kl            | 0.0049224244 |
|    clip_fraction        | 0.0466       |
|    clip_range           | 0.2          |
|    entropy_loss         | -4.07        |
|    explained_variance   | 0.589        |
|    learning_rate        | 0.0003       |
|    loss                 | 21.4         |
|    n_updates            | 720          |
|    policy_gradient_loss | -0.0013      |
|    std                  | 0.938        |
|    value_loss           | 83           |
------------------------------------------
------------------------------------------
| rollout/                |              |
|    ep_len_mean          | 289          |
|    ep_rew_mean          | 243          |
| time/                   |              |
|    fps                  | 772          |
|    iterations           | 74           |
|    time_elapsed         | 110          |
|    total_timesteps      | 85248        |
| train/                  |              |
|    approx_kl            | 0.0059819035 |
|    clip_fraction        | 0.132        |
|    clip_range           | 0.2          |
|    entropy_loss         | -4.05        |
|    explained_variance   | 0.592        |
|    learning_rate        | 0.0003       |
|    loss                 | 43.4         |
|    n_updates            | 730          |
|    policy_gradient_loss | -0.00645     |
|    std                  | 0.936        |
|    value_loss           | 82.5         |
------------------------------------------
------------------------------------------
| rollout/                |              |
|    ep_len_mean          | 289          |
|    ep_rew_mean          | 244          |
| time/                   |              |
|    fps                  | 773          |
|    iterations           | 75           |
|    time_elapsed         | 111          |
|    total_timesteps      | 86400        |
| train/                  |              |
|    approx_kl            | 0.0035306374 |
|    clip_fraction        | 0.0474       |
|    clip_range           | 0.2          |
|    entropy_loss         | -4.05        |
|    explained_variance   | 0.616        |
|    learning_rate        | 0.0003       |
|    loss                 | 33.8         |
|    n_updates            | 740          |
|    policy_gradient_loss | -0.00292     |
|    std                  | 0.932        |
|    value_loss           | 80.9         |
------------------------------------------
-----------------------------------------
| rollout/                |             |
|    ep_len_mean          | 289         |
|    ep_rew_mean          | 244         |
| time/                   |             |
|    fps                  | 774         |
|    iterations           | 76          |
|    time_elapsed         | 113         |
|    total_timesteps      | 87552       |
| train/                  |             |
|    approx_kl            | 0.012244728 |
|    clip_fraction        | 0.0628      |
|    clip_range           | 0.2         |
|    entropy_loss         | -4.03       |
|    explained_variance   | 0.627       |
|    learning_rate        | 0.0003      |
|    loss                 | 22.4        |
|    n_updates            | 750         |
|    policy_gradient_loss | -0.00123    |
|    std                  | 0.927       |
|    value_loss           | 75.8        |
-----------------------------------------
-----------------------------------------
| rollout/                |             |
|    ep_len_mean          | 289         |
|    ep_rew_mean          | 244         |
| time/                   |             |
|    fps                  | 774         |
|    iterations           | 77          |
|    time_elapsed         | 114         |
|    total_timesteps      | 88704       |
| train/                  |             |
|    approx_kl            | 0.011920682 |
|    clip_fraction        | 0.105       |
|    clip_range           | 0.2         |
|    entropy_loss         | -4.02       |
|    explained_variance   | 0.616       |
|    learning_rate        | 0.0003      |
|    loss                 | 25.2        |
|    n_updates            | 760         |
|    policy_gradient_loss | -0.00467    |
|    std                  | 0.926       |
|    value_loss           | 77.1        |
-----------------------------------------
------------------------------------------
| rollout/                |              |
|    ep_len_mean          | 289          |
|    ep_rew_mean          | 245          |
| time/                   |              |
|    fps                  | 775          |
|    iterations           | 78           |
|    time_elapsed         | 115          |
|    total_timesteps      | 89856        |
| train/                  |              |
|    approx_kl            | 0.0056043193 |
|    clip_fraction        | 0.0466       |
|    clip_range           | 0.2          |
|    entropy_loss         | -4.03        |
|    explained_variance   | 0.624        |
|    learning_rate        | 0.0003       |
|    loss                 | 43.6         |
|    n_updates            | 770          |
|    policy_gradient_loss | -0.00165     |
|    std                  | 0.931        |
|    value_loss           | 76.5         |
------------------------------------------
------------------------------------------
| rollout/                |              |
|    ep_len_mean          | 289          |
|    ep_rew_mean          | 245          |
| time/                   |              |
|    fps                  | 776          |
|    iterations           | 79           |
|    time_elapsed         | 117          |
|    total_timesteps      | 91008        |
| train/                  |              |
|    approx_kl            | 0.0038202042 |
|    clip_fraction        | 0.079        |
|    clip_range           | 0.2          |
|    entropy_loss         | -4.05        |
|    explained_variance   | 0.612        |
|    learning_rate        | 0.0003       |
|    loss                 | 35.4         |
|    n_updates            | 780          |
|    policy_gradient_loss | -0.000854    |
|    std                  | 0.937        |
|    value_loss           | 78.3         |
------------------------------------------
------------------------------------------
| rollout/                |              |
|    ep_len_mean          | 289          |
|    ep_rew_mean          | 245          |
| time/                   |              |
|    fps                  | 776          |
|    iterations           | 80           |
|    time_elapsed         | 118          |
|    total_timesteps      | 92160        |
| train/                  |              |
|    approx_kl            | 0.0020998514 |
|    clip_fraction        | 0.0158       |
|    clip_range           | 0.2          |
|    entropy_loss         | -4.05        |
|    explained_variance   | 0.626        |
|    learning_rate        | 0.0003       |
|    loss                 | 51.4         |
|    n_updates            | 790          |
|    policy_gradient_loss | -0.00154     |
|    std                  | 0.933        |
|    value_loss           | 78.6         |
------------------------------------------
-----------------------------------------
| rollout/                |             |
|    ep_len_mean          | 289         |
|    ep_rew_mean          | 246         |
| time/                   |             |
|    fps                  | 777         |
|    iterations           | 81          |
|    time_elapsed         | 120         |
|    total_timesteps      | 93312       |
| train/                  |             |
|    approx_kl            | 0.006759392 |
|    clip_fraction        | 0.0467      |
|    clip_range           | 0.2         |
|    entropy_loss         | -4.03       |
|    explained_variance   | 0.618       |
|    learning_rate        | 0.0003      |
|    loss                 | 34.1        |
|    n_updates            | 800         |
|    policy_gradient_loss | -0.00276    |
|    std                  | 0.927       |
|    value_loss           | 77.7        |
-----------------------------------------
-----------------------------------------
| rollout/                |             |
|    ep_len_mean          | 289         |
|    ep_rew_mean          | 246         |
| time/                   |             |
|    fps                  | 778         |
|    iterations           | 82          |
|    time_elapsed         | 121         |
|    total_timesteps      | 94464       |
| train/                  |             |
|    approx_kl            | 0.002351402 |
|    clip_fraction        | 0.0334      |
|    clip_range           | 0.2         |
|    entropy_loss         | -4.01       |
|    explained_variance   | 0.602       |
|    learning_rate        | 0.0003      |
|    loss                 | 33.6        |
|    n_updates            | 810         |
|    policy_gradient_loss | -0.00101    |
|    std                  | 0.922       |
|    value_loss           | 79.1        |
-----------------------------------------
-----------------------------------------
| rollout/                |             |
|    ep_len_mean          | 289         |
|    ep_rew_mean          | 246         |
| time/                   |             |
|    fps                  | 778         |
|    iterations           | 83          |
|    time_elapsed         | 122         |
|    total_timesteps      | 95616       |
| train/                  |             |
|    approx_kl            | 0.005402267 |
|    clip_fraction        | 0.0516      |
|    clip_range           | 0.2         |
|    entropy_loss         | -4          |
|    explained_variance   | 0.612       |
|    learning_rate        | 0.0003      |
|    loss                 | 43.1        |
|    n_updates            | 820         |
|    policy_gradient_loss | -0.000485   |
|    std                  | 0.92        |
|    value_loss           | 80          |
-----------------------------------------
------------------------------------------
| rollout/                |              |
|    ep_len_mean          | 289          |
|    ep_rew_mean          | 246          |
| time/                   |              |
|    fps                  | 779          |
|    iterations           | 84           |
|    time_elapsed         | 124          |
|    total_timesteps      | 96768        |
| train/                  |              |
|    approx_kl            | 0.0054814117 |
|    clip_fraction        | 0.0704       |
|    clip_range           | 0.2          |
|    entropy_loss         | -4           |
|    explained_variance   | 0.637        |
|    learning_rate        | 0.0003       |
|    loss                 | 39.5         |
|    n_updates            | 830          |
|    policy_gradient_loss | -0.00256     |
|    std                  | 0.919        |
|    value_loss           | 79           |
------------------------------------------
-----------------------------------------
| rollout/                |             |
|    ep_len_mean          | 289         |
|    ep_rew_mean          | 246         |
| time/                   |             |
|    fps                  | 779         |
|    iterations           | 85          |
|    time_elapsed         | 125         |
|    total_timesteps      | 97920       |
| train/                  |             |
|    approx_kl            | 0.007548792 |
|    clip_fraction        | 0.135       |
|    clip_range           | 0.2         |
|    entropy_loss         | -3.99       |
|    explained_variance   | 0.624       |
|    learning_rate        | 0.0003      |
|    loss                 | 60.3        |
|    n_updates            | 840         |
|    policy_gradient_loss | -0.00303    |
|    std                  | 0.917       |
|    value_loss           | 81.6        |
-----------------------------------------
-----------------------------------------
| rollout/                |             |
|    ep_len_mean          | 289         |
|    ep_rew_mean          | 246         |
| time/                   |             |
|    fps                  | 780         |
|    iterations           | 86          |
|    time_elapsed         | 126         |
|    total_timesteps      | 99072       |
| train/                  |             |
|    approx_kl            | 0.006856171 |
|    clip_fraction        | 0.0892      |
|    clip_range           | 0.2         |
|    entropy_loss         | -3.99       |
|    explained_variance   | 0.625       |
|    learning_rate        | 0.0003      |
|    loss                 | 49.3        |
|    n_updates            | 850         |
|    policy_gradient_loss | -0.00417    |
|    std                  | 0.917       |
|    value_loss           | 82.1        |
-----------------------------------------
Eval num_timesteps=100000, episode_reward=257.08 +/- 0.00
Episode length: 289.00 +/- 0.00
------------------------------------------
| eval/                   |              |
|    mean_ep_length       | 289          |
|    mean_reward          | 257          |
| time/                   |              |
|    total_timesteps      | 100000       |
| train/                  |              |
|    approx_kl            | 0.0049797613 |
|    clip_fraction        | 0.0272       |
|    clip_range           | 0.2          |
|    entropy_loss         | -3.98        |
|    explained_variance   | 0.635        |
|    learning_rate        | 0.0003       |
|    loss                 | 35           |
|    n_updates            | 860          |
|    policy_gradient_loss | -0.000828    |
|    std                  | 0.912        |
|    value_loss           | 82.6         |
------------------------------------------
---------------------------------
| rollout/           |          |
|    ep_len_mean     | 289      |
|    ep_rew_mean     | 246      |
| time/              |          |
|    fps             | 770      |
|    iterations      | 87       |
|    time_elapsed    | 129      |
|    total_timesteps | 100224   |
---------------------------------
-----------------------------------------
| rollout/                |             |
|    ep_len_mean          | 289         |
|    ep_rew_mean          | 246         |
| time/                   |             |
|    fps                  | 771         |
|    iterations           | 88          |
|    time_elapsed         | 131         |
|    total_timesteps      | 101376      |
| train/                  |             |
|    approx_kl            | 0.006284562 |
|    clip_fraction        | 0.0907      |
|    clip_range           | 0.2         |
|    entropy_loss         | -3.97       |
|    explained_variance   | 0.636       |
|    learning_rate        | 0.0003      |
|    loss                 | 28.3        |
|    n_updates            | 870         |
|    policy_gradient_loss | -0.00567    |
|    std                  | 0.908       |
|    value_loss           | 80.8        |
-----------------------------------------
------------------------------------------
| rollout/                |              |
|    ep_len_mean          | 289          |
|    ep_rew_mean          | 246          |
| time/                   |              |
|    fps                  | 772          |
|    iterations           | 89           |
|    time_elapsed         | 132          |
|    total_timesteps      | 102528       |
| train/                  |              |
|    approx_kl            | 0.0075311298 |
|    clip_fraction        | 0.0957       |
|    clip_range           | 0.2          |
|    entropy_loss         | -3.96        |
|    explained_variance   | 0.644        |
|    learning_rate        | 0.0003       |
|    loss                 | 65.8         |
|    n_updates            | 880          |
|    policy_gradient_loss | -0.00787     |
|    std                  | 0.905        |
|    value_loss           | 80.5         |
------------------------------------------
-----------------------------------------
| rollout/                |             |
|    ep_len_mean          | 289         |
|    ep_rew_mean          | 246         |
| time/                   |             |
|    fps                  | 772         |
|    iterations           | 90          |
|    time_elapsed         | 134         |
|    total_timesteps      | 103680      |
| train/                  |             |
|    approx_kl            | 0.008398157 |
|    clip_fraction        | 0.0704      |
|    clip_range           | 0.2         |
|    entropy_loss         | -3.94       |
|    explained_variance   | 0.616       |
|    learning_rate        | 0.0003      |
|    loss                 | 76.9        |
|    n_updates            | 890         |
|    policy_gradient_loss | -0.00225    |
|    std                  | 0.898       |
|    value_loss           | 86          |
-----------------------------------------
-----------------------------------------
| rollout/                |             |
|    ep_len_mean          | 289         |
|    ep_rew_mean          | 246         |
| time/                   |             |
|    fps                  | 773         |
|    iterations           | 91          |
|    time_elapsed         | 135         |
|    total_timesteps      | 104832      |
| train/                  |             |
|    approx_kl            | 0.004987604 |
|    clip_fraction        | 0.0754      |
|    clip_range           | 0.2         |
|    entropy_loss         | -3.92       |
|    explained_variance   | 0.648       |
|    learning_rate        | 0.0003      |
|    loss                 | 47          |
|    n_updates            | 900         |
|    policy_gradient_loss | -0.00121    |
|    std                  | 0.895       |
|    value_loss           | 81.6        |
-----------------------------------------
------------------------------------------
| rollout/                |              |
|    ep_len_mean          | 289          |
|    ep_rew_mean          | 247          |
| time/                   |              |
|    fps                  | 774          |
|    iterations           | 92           |
|    time_elapsed         | 136          |
|    total_timesteps      | 105984       |
| train/                  |              |
|    approx_kl            | 0.0035595952 |
|    clip_fraction        | 0.022        |
|    clip_range           | 0.2          |
|    entropy_loss         | -3.92        |
|    explained_variance   | 0.646        |
|    learning_rate        | 0.0003       |
|    loss                 | 33.8         |
|    n_updates            | 910          |
|    policy_gradient_loss | -0.00187     |
|    std                  | 0.896        |
|    value_loss           | 81.8         |
------------------------------------------
-----------------------------------------
| rollout/                |             |
|    ep_len_mean          | 289         |
|    ep_rew_mean          | 247         |
| time/                   |             |
|    fps                  | 774         |
|    iterations           | 93          |
|    time_elapsed         | 138         |
|    total_timesteps      | 107136      |
| train/                  |             |
|    approx_kl            | 0.004252108 |
|    clip_fraction        | 0.0398      |
|    clip_range           | 0.2         |
|    entropy_loss         | -3.91       |
|    explained_variance   | 0.648       |
|    learning_rate        | 0.0003      |
|    loss                 | 49.5        |
|    n_updates            | 920         |
|    policy_gradient_loss | -0.00523    |
|    std                  | 0.893       |
|    value_loss           | 83.5        |
-----------------------------------------
-----------------------------------------
| rollout/                |             |
|    ep_len_mean          | 289         |
|    ep_rew_mean          | 247         |
| time/                   |             |
|    fps                  | 775         |
|    iterations           | 94          |
|    time_elapsed         | 139         |
|    total_timesteps      | 108288      |
| train/                  |             |
|    approx_kl            | 0.007539668 |
|    clip_fraction        | 0.0951      |
|    clip_range           | 0.2         |
|    entropy_loss         | -3.9        |
|    explained_variance   | 0.646       |
|    learning_rate        | 0.0003      |
|    loss                 | 54.4        |
|    n_updates            | 930         |
|    policy_gradient_loss | -0.00041    |
|    std                  | 0.887       |
|    value_loss           | 82.2        |
-----------------------------------------
-----------------------------------------
| rollout/                |             |
|    ep_len_mean          | 289         |
|    ep_rew_mean          | 247         |
| time/                   |             |
|    fps                  | 775         |
|    iterations           | 95          |
|    time_elapsed         | 141         |
|    total_timesteps      | 109440      |
| train/                  |             |
|    approx_kl            | 0.019915178 |
|    clip_fraction        | 0.103       |
|    clip_range           | 0.2         |
|    entropy_loss         | -3.88       |
|    explained_variance   | 0.642       |
|    learning_rate        | 0.0003      |
|    loss                 | 36.1        |
|    n_updates            | 940         |
|    policy_gradient_loss | 0.0002      |
|    std                  | 0.885       |
|    value_loss           | 82.6        |
-----------------------------------------
------------------------------------------
| rollout/                |              |
|    ep_len_mean          | 289          |
|    ep_rew_mean          | 247          |
| time/                   |              |
|    fps                  | 776          |
|    iterations           | 96           |
|    time_elapsed         | 142          |
|    total_timesteps      | 110592       |
| train/                  |              |
|    approx_kl            | 0.0042770337 |
|    clip_fraction        | 0.0451       |
|    clip_range           | 0.2          |
|    entropy_loss         | -3.89        |
|    explained_variance   | 0.645        |
|    learning_rate        | 0.0003       |
|    loss                 | 34.8         |
|    n_updates            | 950          |
|    policy_gradient_loss | -0.00065     |
|    std                  | 0.887        |
|    value_loss           | 83.4         |
------------------------------------------
------------------------------------------
| rollout/                |              |
|    ep_len_mean          | 289          |
|    ep_rew_mean          | 247          |
| time/                   |              |
|    fps                  | 776          |
|    iterations           | 97           |
|    time_elapsed         | 143          |
|    total_timesteps      | 111744       |
| train/                  |              |
|    approx_kl            | 0.0035756598 |
|    clip_fraction        | 0.0444       |
|    clip_range           | 0.2          |
|    entropy_loss         | -3.89        |
|    explained_variance   | 0.661        |
|    learning_rate        | 0.0003       |
|    loss                 | 27           |
|    n_updates            | 960          |
|    policy_gradient_loss | -0.00171     |
|    std                  | 0.885        |
|    value_loss           | 81.8         |
------------------------------------------
------------------------------------------
| rollout/                |              |
|    ep_len_mean          | 289          |
|    ep_rew_mean          | 247          |
| time/                   |              |
|    fps                  | 777          |
|    iterations           | 98           |
|    time_elapsed         | 145          |
|    total_timesteps      | 112896       |
| train/                  |              |
|    approx_kl            | 0.0059311716 |
|    clip_fraction        | 0.0568       |
|    clip_range           | 0.2          |
|    entropy_loss         | -3.88        |
|    explained_variance   | 0.656        |
|    learning_rate        | 0.0003       |
|    loss                 | 31.2         |
|    n_updates            | 970          |
|    policy_gradient_loss | -0.00461     |
|    std                  | 0.883        |
|    value_loss           | 82.1         |
------------------------------------------
-----------------------------------------
| rollout/                |             |
|    ep_len_mean          | 289         |
|    ep_rew_mean          | 247         |
| time/                   |             |
|    fps                  | 777         |
|    iterations           | 99          |
|    time_elapsed         | 146         |
|    total_timesteps      | 114048      |
| train/                  |             |
|    approx_kl            | 0.012329917 |
|    clip_fraction        | 0.0609      |
|    clip_range           | 0.2         |
|    entropy_loss         | -3.87       |
|    explained_variance   | 0.644       |
|    learning_rate        | 0.0003      |
|    loss                 | 34          |
|    n_updates            | 980         |
|    policy_gradient_loss | -0.00048    |
|    std                  | 0.881       |
|    value_loss           | 81          |
-----------------------------------------
-----------------------------------------
| rollout/                |             |
|    ep_len_mean          | 289         |
|    ep_rew_mean          | 247         |
| time/                   |             |
|    fps                  | 778         |
|    iterations           | 100         |
|    time_elapsed         | 148         |
|    total_timesteps      | 115200      |
| train/                  |             |
|    approx_kl            | 0.005021176 |
|    clip_fraction        | 0.0495      |
|    clip_range           | 0.2         |
|    entropy_loss         | -3.87       |
|    explained_variance   | 0.638       |
|    learning_rate        | 0.0003      |
|    loss                 | 33.4        |
|    n_updates            | 990         |
|    policy_gradient_loss | -0.00342    |
|    std                  | 0.878       |
|    value_loss           | 81.8        |
-----------------------------------------
------------------------------------------
| rollout/                |              |
|    ep_len_mean          | 289          |
|    ep_rew_mean          | 247          |
| time/                   |              |
|    fps                  | 778          |
|    iterations           | 101          |
|    time_elapsed         | 149          |
|    total_timesteps      | 116352       |
| train/                  |              |
|    approx_kl            | 0.0053505246 |
|    clip_fraction        | 0.0523       |
|    clip_range           | 0.2          |
|    entropy_loss         | -3.84        |
|    explained_variance   | 0.61         |
|    learning_rate        | 0.0003       |
|    loss                 | 34.2         |
|    n_updates            | 1000         |
|    policy_gradient_loss | -0.0017      |
|    std                  | 0.869        |
|    value_loss           | 83.8         |
------------------------------------------
-----------------------------------------
| rollout/                |             |
|    ep_len_mean          | 289         |
|    ep_rew_mean          | 247         |
| time/                   |             |
|    fps                  | 779         |
|    iterations           | 102         |
|    time_elapsed         | 150         |
|    total_timesteps      | 117504      |
| train/                  |             |
|    approx_kl            | 0.004100616 |
|    clip_fraction        | 0.0679      |
|    clip_range           | 0.2         |
|    entropy_loss         | -3.82       |
|    explained_variance   | 0.635       |
|    learning_rate        | 0.0003      |
|    loss                 | 32          |
|    n_updates            | 1010        |
|    policy_gradient_loss | -0.00394    |
|    std                  | 0.866       |
|    value_loss           | 82.5        |
-----------------------------------------
------------------------------------------
| rollout/                |              |
|    ep_len_mean          | 289          |
|    ep_rew_mean          | 247          |
| time/                   |              |
|    fps                  | 779          |
|    iterations           | 103          |
|    time_elapsed         | 152          |
|    total_timesteps      | 118656       |
| train/                  |              |
|    approx_kl            | 0.0028791255 |
|    clip_fraction        | 0.0554       |
|    clip_range           | 0.2          |
|    entropy_loss         | -3.81        |
|    explained_variance   | 0.622        |
|    learning_rate        | 0.0003       |
|    loss                 | 62.3         |
|    n_updates            | 1020         |
|    policy_gradient_loss | -1.25e-05    |
|    std                  | 0.864        |
|    value_loss           | 83.4         |
------------------------------------------
------------------------------------------
| rollout/                |              |
|    ep_len_mean          | 289          |
|    ep_rew_mean          | 247          |
| time/                   |              |
|    fps                  | 780          |
|    iterations           | 104          |
|    time_elapsed         | 153          |
|    total_timesteps      | 119808       |
| train/                  |              |
|    approx_kl            | 0.0023400434 |
|    clip_fraction        | 0.074        |
|    clip_range           | 0.2          |
|    entropy_loss         | -3.82        |
|    explained_variance   | 0.615        |
|    learning_rate        | 0.0003       |
|    loss                 | 76           |
|    n_updates            | 1030         |
|    policy_gradient_loss | -0.0006      |
|    std                  | 0.868        |
|    value_loss           | 83.2         |
------------------------------------------
Eval num_timesteps=120000, episode_reward=257.08 +/- 0.00
Episode length: 289.00 +/- 0.00
-----------------------------------------
| eval/                   |             |
|    mean_ep_length       | 289         |
|    mean_reward          | 257         |
| time/                   |             |
|    total_timesteps      | 120000      |
| train/                  |             |
|    approx_kl            | 0.005099812 |
|    clip_fraction        | 0.0954      |
|    clip_range           | 0.2         |
|    entropy_loss         | -3.82       |
|    explained_variance   | 0.626       |
|    learning_rate        | 0.0003      |
|    loss                 | 44.5        |
|    n_updates            | 1040        |
|    policy_gradient_loss | -0.00599    |
|    std                  | 0.868       |
|    value_loss           | 84          |
-----------------------------------------
---------------------------------
| rollout/           |          |
|    ep_len_mean     | 289      |
|    ep_rew_mean     | 247      |
| time/              |          |
|    fps             | 772      |
|    iterations      | 105      |
|    time_elapsed    | 156      |
|    total_timesteps | 120960   |
---------------------------------
------------------------------------------
| rollout/                |              |
|    ep_len_mean          | 289          |
|    ep_rew_mean          | 247          |
| time/                   |              |
|    fps                  | 772          |
|    iterations           | 106          |
|    time_elapsed         | 157          |
|    total_timesteps      | 122112       |
| train/                  |              |
|    approx_kl            | 0.0031657806 |
|    clip_fraction        | 0.0682       |
|    clip_range           | 0.2          |
|    entropy_loss         | -3.83        |
|    explained_variance   | 0.613        |
|    learning_rate        | 0.0003       |
|    loss                 | 29.7         |
|    n_updates            | 1050         |
|    policy_gradient_loss | -0.000603    |
|    std                  | 0.869        |
|    value_loss           | 87.2         |
------------------------------------------
-----------------------------------------
| rollout/                |             |
|    ep_len_mean          | 289         |
|    ep_rew_mean          | 247         |
| time/                   |             |
|    fps                  | 773         |
|    iterations           | 107         |
|    time_elapsed         | 159         |
|    total_timesteps      | 123264      |
| train/                  |             |
|    approx_kl            | 0.012698829 |
|    clip_fraction        | 0.115       |
|    clip_range           | 0.2         |
|    entropy_loss         | -3.82       |
|    explained_variance   | 0.628       |
|    learning_rate        | 0.0003      |
|    loss                 | 36.7        |
|    n_updates            | 1060        |
|    policy_gradient_loss | -0.00752    |
|    std                  | 0.866       |
|    value_loss           | 84.5        |
-----------------------------------------
------------------------------------------
| rollout/                |              |
|    ep_len_mean          | 289          |
|    ep_rew_mean          | 247          |
| time/                   |              |
|    fps                  | 773          |
|    iterations           | 108          |
|    time_elapsed         | 160          |
|    total_timesteps      | 124416       |
| train/                  |              |
|    approx_kl            | 0.0055771507 |
|    clip_fraction        | 0.0319       |
|    clip_range           | 0.2          |
|    entropy_loss         | -3.81        |
|    explained_variance   | 0.628        |
|    learning_rate        | 0.0003       |
|    loss                 | 37.2         |
|    n_updates            | 1070         |
|    policy_gradient_loss | -0.00303     |
|    std                  | 0.862        |
|    value_loss           | 86.4         |
------------------------------------------
------------------------------------------
| rollout/                |              |
|    ep_len_mean          | 289          |
|    ep_rew_mean          | 247          |
| time/                   |              |
|    fps                  | 774          |
|    iterations           | 109          |
|    time_elapsed         | 162          |
|    total_timesteps      | 125568       |
| train/                  |              |
|    approx_kl            | 0.0037355626 |
|    clip_fraction        | 0.0882       |
|    clip_range           | 0.2          |
|    entropy_loss         | -3.8         |
|    explained_variance   | 0.625        |
|    learning_rate        | 0.0003       |
|    loss                 | 40.3         |
|    n_updates            | 1080         |
|    policy_gradient_loss | 0.00319      |
|    std                  | 0.86         |
|    value_loss           | 86.9         |
------------------------------------------
------------------------------------------
| rollout/                |              |
|    ep_len_mean          | 289          |
|    ep_rew_mean          | 247          |
| time/                   |              |
|    fps                  | 774          |
|    iterations           | 110          |
|    time_elapsed         | 163          |
|    total_timesteps      | 126720       |
| train/                  |              |
|    approx_kl            | 0.0043240804 |
|    clip_fraction        | 0.0364       |
|    clip_range           | 0.2          |
|    entropy_loss         | -3.78        |
|    explained_variance   | 0.63         |
|    learning_rate        | 0.0003       |
|    loss                 | 48.9         |
|    n_updates            | 1090         |
|    policy_gradient_loss | -0.0031      |
|    std                  | 0.855        |
|    value_loss           | 86.2         |
------------------------------------------
-----------------------------------------
| rollout/                |             |
|    ep_len_mean          | 289         |
|    ep_rew_mean          | 247         |
| time/                   |             |
|    fps                  | 775         |
|    iterations           | 111         |
|    time_elapsed         | 164         |
|    total_timesteps      | 127872      |
| train/                  |             |
|    approx_kl            | 0.006348762 |
|    clip_fraction        | 0.0586      |
|    clip_range           | 0.2         |
|    entropy_loss         | -3.77       |
|    explained_variance   | 0.649       |
|    learning_rate        | 0.0003      |
|    loss                 | 35.1        |
|    n_updates            | 1100        |
|    policy_gradient_loss | -0.00251    |
|    std                  | 0.851       |
|    value_loss           | 84.9        |
-----------------------------------------
-----------------------------------------
| rollout/                |             |
|    ep_len_mean          | 289         |
|    ep_rew_mean          | 247         |
| time/                   |             |
|    fps                  | 775         |
|    iterations           | 112         |
|    time_elapsed         | 166         |
|    total_timesteps      | 129024      |
| train/                  |             |
|    approx_kl            | 0.010163656 |
|    clip_fraction        | 0.108       |
|    clip_range           | 0.2         |
|    entropy_loss         | -3.77       |
|    explained_variance   | 0.646       |
|    learning_rate        | 0.0003      |
|    loss                 | 36          |
|    n_updates            | 1110        |
|    policy_gradient_loss | -0.00332    |
|    std                  | 0.854       |
|    value_loss           | 85.4        |
-----------------------------------------
------------------------------------------
| rollout/                |              |
|    ep_len_mean          | 289          |
|    ep_rew_mean          | 247          |
| time/                   |              |
|    fps                  | 776          |
|    iterations           | 113          |
|    time_elapsed         | 167          |
|    total_timesteps      | 130176       |
| train/                  |              |
|    approx_kl            | 0.0067424653 |
|    clip_fraction        | 0.0799       |
|    clip_range           | 0.2          |
|    entropy_loss         | -3.77        |
|    explained_variance   | 0.641        |
|    learning_rate        | 0.0003       |
|    loss                 | 45.5         |
|    n_updates            | 1120         |
|    policy_gradient_loss | 0.000178     |
|    std                  | 0.853        |
|    value_loss           | 85           |
------------------------------------------
------------------------------------------
| rollout/                |              |
|    ep_len_mean          | 289          |
|    ep_rew_mean          | 247          |
| time/                   |              |
|    fps                  | 776          |
|    iterations           | 114          |
|    time_elapsed         | 169          |
|    total_timesteps      | 131328       |
| train/                  |              |
|    approx_kl            | 0.0038111375 |
|    clip_fraction        | 0.083        |
|    clip_range           | 0.2          |
|    entropy_loss         | -3.76        |
|    explained_variance   | 0.655        |
|    learning_rate        | 0.0003       |
|    loss                 | 46           |
|    n_updates            | 1130         |
|    policy_gradient_loss | -0.00155     |
|    std                  | 0.848        |
|    value_loss           | 84.5         |
------------------------------------------
------------------------------------------
| rollout/                |              |
|    ep_len_mean          | 289          |
|    ep_rew_mean          | 247          |
| time/                   |              |
|    fps                  | 777          |
|    iterations           | 115          |
|    time_elapsed         | 170          |
|    total_timesteps      | 132480       |
| train/                  |              |
|    approx_kl            | 0.0014012315 |
|    clip_fraction        | 0.049        |
|    clip_range           | 0.2          |
|    entropy_loss         | -3.75        |
|    explained_variance   | 0.654        |
|    learning_rate        | 0.0003       |
|    loss                 | 47           |
|    n_updates            | 1140         |
|    policy_gradient_loss | 0.001        |
|    std                  | 0.847        |
|    value_loss           | 84.2         |
------------------------------------------
------------------------------------------
| rollout/                |              |
|    ep_len_mean          | 289          |
|    ep_rew_mean          | 247          |
| time/                   |              |
|    fps                  | 777          |
|    iterations           | 116          |
|    time_elapsed         | 171          |
|    total_timesteps      | 133632       |
| train/                  |              |
|    approx_kl            | 0.0063937735 |
|    clip_fraction        | 0.057        |
|    clip_range           | 0.2          |
|    entropy_loss         | -3.75        |
|    explained_variance   | 0.648        |
|    learning_rate        | 0.0003       |
|    loss                 | 33.2         |
|    n_updates            | 1150         |
|    policy_gradient_loss | -0.00115     |
|    std                  | 0.85         |
|    value_loss           | 83.3         |
------------------------------------------
------------------------------------------
| rollout/                |              |
|    ep_len_mean          | 289          |
|    ep_rew_mean          | 247          |
| time/                   |              |
|    fps                  | 777          |
|    iterations           | 117          |
|    time_elapsed         | 173          |
|    total_timesteps      | 134784       |
| train/                  |              |
|    approx_kl            | 0.0075593805 |
|    clip_fraction        | 0.0729       |
|    clip_range           | 0.2          |
|    entropy_loss         | -3.75        |
|    explained_variance   | 0.655        |
|    learning_rate        | 0.0003       |
|    loss                 | 31.7         |
|    n_updates            | 1160         |
|    policy_gradient_loss | -0.00485     |
|    std                  | 0.847        |
|    value_loss           | 82.8         |
------------------------------------------
------------------------------------------
| rollout/                |              |
|    ep_len_mean          | 289          |
|    ep_rew_mean          | 246          |
| time/                   |              |
|    fps                  | 778          |
|    iterations           | 118          |
|    time_elapsed         | 174          |
|    total_timesteps      | 135936       |
| train/                  |              |
|    approx_kl            | 0.0063125743 |
|    clip_fraction        | 0.0701       |
|    clip_range           | 0.2          |
|    entropy_loss         | -3.76        |
|    explained_variance   | 0.635        |
|    learning_rate        | 0.0003       |
|    loss                 | 30.1         |
|    n_updates            | 1170         |
|    policy_gradient_loss | -0.00585     |
|    std                  | 0.853        |
|    value_loss           | 82.2         |
------------------------------------------
------------------------------------------
| rollout/                |              |
|    ep_len_mean          | 289          |
|    ep_rew_mean          | 246          |
| time/                   |              |
|    fps                  | 778          |
|    iterations           | 119          |
|    time_elapsed         | 176          |
|    total_timesteps      | 137088       |
| train/                  |              |
|    approx_kl            | 0.0034999177 |
|    clip_fraction        | 0.0548       |
|    clip_range           | 0.2          |
|    entropy_loss         | -3.77        |
|    explained_variance   | 0.632        |
|    learning_rate        | 0.0003       |
|    loss                 | 34           |
|    n_updates            | 1180         |
|    policy_gradient_loss | -0.0026      |
|    std                  | 0.856        |
|    value_loss           | 84.2         |
------------------------------------------
------------------------------------------
| rollout/                |              |
|    ep_len_mean          | 289          |
|    ep_rew_mean          | 246          |
| time/                   |              |
|    fps                  | 779          |
|    iterations           | 120          |
|    time_elapsed         | 177          |
|    total_timesteps      | 138240       |
| train/                  |              |
|    approx_kl            | 0.0061452263 |
|    clip_fraction        | 0.0435       |
|    clip_range           | 0.2          |
|    entropy_loss         | -3.77        |
|    explained_variance   | 0.635        |
|    learning_rate        | 0.0003       |
|    loss                 | 34.1         |
|    n_updates            | 1190         |
|    policy_gradient_loss | 0.00018      |
|    std                  | 0.855        |
|    value_loss           | 84.1         |
------------------------------------------
------------------------------------------
| rollout/                |              |
|    ep_len_mean          | 289          |
|    ep_rew_mean          | 246          |
| time/                   |              |
|    fps                  | 779          |
|    iterations           | 121          |
|    time_elapsed         | 178          |
|    total_timesteps      | 139392       |
| train/                  |              |
|    approx_kl            | 0.0037104806 |
|    clip_fraction        | 0.056        |
|    clip_range           | 0.2          |
|    entropy_loss         | -3.77        |
|    explained_variance   | 0.644        |
|    learning_rate        | 0.0003       |
|    loss                 | 60.5         |
|    n_updates            | 1200         |
|    policy_gradient_loss | -0.00256     |
|    std                  | 0.856        |
|    value_loss           | 83.6         |
------------------------------------------
Eval num_timesteps=140000, episode_reward=257.08 +/- 0.00
Episode length: 289.00 +/- 0.00
-----------------------------------------
| eval/                   |             |
|    mean_ep_length       | 289         |
|    mean_reward          | 257         |
| time/                   |             |
|    total_timesteps      | 140000      |
| train/                  |             |
|    approx_kl            | 0.010245172 |
|    clip_fraction        | 0.119       |
|    clip_range           | 0.2         |
|    entropy_loss         | -3.77       |
|    explained_variance   | 0.612       |
|    learning_rate        | 0.0003      |
|    loss                 | 77.1        |
|    n_updates            | 1210        |
|    policy_gradient_loss | -0.00665    |
|    std                  | 0.853       |
|    value_loss           | 81.4        |
-----------------------------------------
---------------------------------
| rollout/           |          |
|    ep_len_mean     | 289      |
|    ep_rew_mean     | 246      |
| time/              |          |
|    fps             | 773      |
|    iterations      | 122      |
|    time_elapsed    | 181      |
|    total_timesteps | 140544   |
---------------------------------
-----------------------------------------
| rollout/                |             |
|    ep_len_mean          | 289         |
|    ep_rew_mean          | 246         |
| time/                   |             |
|    fps                  | 773         |
|    iterations           | 123         |
|    time_elapsed         | 183         |
|    total_timesteps      | 141696      |
| train/                  |             |
|    approx_kl            | 0.007895537 |
|    clip_fraction        | 0.0878      |
|    clip_range           | 0.2         |
|    entropy_loss         | -3.75       |
|    explained_variance   | 0.631       |
|    learning_rate        | 0.0003      |
|    loss                 | 55.6        |
|    n_updates            | 1220        |
|    policy_gradient_loss | -0.00148    |
|    std                  | 0.848       |
|    value_loss           | 80.5        |
-----------------------------------------
----------------------------------------
| rollout/                |            |
|    ep_len_mean          | 289        |
|    ep_rew_mean          | 246        |
| time/                   |            |
|    fps                  | 773        |
|    iterations           | 124        |
|    time_elapsed         | 184        |
|    total_timesteps      | 142848     |
| train/                  |            |
|    approx_kl            | 0.00555119 |
|    clip_fraction        | 0.0523     |
|    clip_range           | 0.2        |
|    entropy_loss         | -3.73      |
|    explained_variance   | 0.617      |
|    learning_rate        | 0.0003     |
|    loss                 | 46.9       |
|    n_updates            | 1230       |
|    policy_gradient_loss | -0.00305   |
|    std                  | 0.843      |
|    value_loss           | 83.4       |
----------------------------------------
-----------------------------------------
| rollout/                |             |
|    ep_len_mean          | 289         |
|    ep_rew_mean          | 246         |
| time/                   |             |
|    fps                  | 774         |
|    iterations           | 125         |
|    time_elapsed         | 185         |
|    total_timesteps      | 144000      |
| train/                  |             |
|    approx_kl            | 0.005839572 |
|    clip_fraction        | 0.0326      |
|    clip_range           | 0.2         |
|    entropy_loss         | -3.71       |
|    explained_variance   | 0.624       |
|    learning_rate        | 0.0003      |
|    loss                 | 66.8        |
|    n_updates            | 1240        |
|    policy_gradient_loss | -9.89e-05   |
|    std                  | 0.837       |
|    value_loss           | 83.4        |
-----------------------------------------
------------------------------------------
| rollout/                |              |
|    ep_len_mean          | 289          |
|    ep_rew_mean          | 246          |
| time/                   |              |
|    fps                  | 774          |
|    iterations           | 126          |
|    time_elapsed         | 187          |
|    total_timesteps      | 145152       |
| train/                  |              |
|    approx_kl            | 0.0018288658 |
|    clip_fraction        | 0.0989       |
|    clip_range           | 0.2          |
|    entropy_loss         | -3.7         |
|    explained_variance   | 0.603        |
|    learning_rate        | 0.0003       |
|    loss                 | 36.9         |
|    n_updates            | 1250         |
|    policy_gradient_loss | 0.00195      |
|    std                  | 0.837        |
|    value_loss           | 83           |
------------------------------------------
-----------------------------------------
| rollout/                |             |
|    ep_len_mean          | 289         |
|    ep_rew_mean          | 246         |
| time/                   |             |
|    fps                  | 775         |
|    iterations           | 127         |
|    time_elapsed         | 188         |
|    total_timesteps      | 146304      |
| train/                  |             |
|    approx_kl            | 0.004829043 |
|    clip_fraction        | 0.0714      |
|    clip_range           | 0.2         |
|    entropy_loss         | -3.7        |
|    explained_variance   | 0.638       |
|    learning_rate        | 0.0003      |
|    loss                 | 48.6        |
|    n_updates            | 1260        |
|    policy_gradient_loss | -0.00406    |
|    std                  | 0.835       |
|    value_loss           | 82.9        |
-----------------------------------------
------------------------------------------
| rollout/                |              |
|    ep_len_mean          | 289          |
|    ep_rew_mean          | 246          |
| time/                   |              |
|    fps                  | 775          |
|    iterations           | 128          |
|    time_elapsed         | 190          |
|    total_timesteps      | 147456       |
| train/                  |              |
|    approx_kl            | 0.0057284045 |
|    clip_fraction        | 0.0494       |
|    clip_range           | 0.2          |
|    entropy_loss         | -3.69        |
|    explained_variance   | 0.633        |
|    learning_rate        | 0.0003       |
|    loss                 | 25.7         |
|    n_updates            | 1270         |
|    policy_gradient_loss | -0.0037      |
|    std                  | 0.833        |
|    value_loss           | 81.4         |
------------------------------------------
------------------------------------------
| rollout/                |              |
|    ep_len_mean          | 289          |
|    ep_rew_mean          | 247          |
| time/                   |              |
|    fps                  | 775          |
|    iterations           | 129          |
|    time_elapsed         | 191          |
|    total_timesteps      | 148608       |
| train/                  |              |
|    approx_kl            | 0.0060178284 |
|    clip_fraction        | 0.0372       |
|    clip_range           | 0.2          |
|    entropy_loss         | -3.69        |
|    explained_variance   | 0.627        |
|    learning_rate        | 0.0003       |
|    loss                 | 56.6         |
|    n_updates            | 1280         |
|    policy_gradient_loss | -0.00116     |
|    std                  | 0.84         |
|    value_loss           | 80.7         |
------------------------------------------
------------------------------------------
| rollout/                |              |
|    ep_len_mean          | 289          |
|    ep_rew_mean          | 247          |
| time/                   |              |
|    fps                  | 776          |
|    iterations           | 130          |
|    time_elapsed         | 192          |
|    total_timesteps      | 149760       |
| train/                  |              |
|    approx_kl            | 0.0029613255 |
|    clip_fraction        | 0.051        |
|    clip_range           | 0.2          |
|    entropy_loss         | -3.71        |
|    explained_variance   | 0.621        |
|    learning_rate        | 0.0003       |
|    loss                 | 50.9         |
|    n_updates            | 1290         |
|    policy_gradient_loss | -0.00123     |
|    std                  | 0.841        |
|    value_loss           | 81.8         |
------------------------------------------
-----------------------------------------
| rollout/                |             |
|    ep_len_mean          | 289         |
|    ep_rew_mean          | 247         |
| time/                   |             |
|    fps                  | 776         |
|    iterations           | 131         |
|    time_elapsed         | 194         |
|    total_timesteps      | 150912      |
| train/                  |             |
|    approx_kl            | 0.005534888 |
|    clip_fraction        | 0.105       |
|    clip_range           | 0.2         |
|    entropy_loss         | -3.71       |
|    explained_variance   | 0.62        |
|    learning_rate        | 0.0003      |
|    loss                 | 35.9        |
|    n_updates            | 1300        |
|    policy_gradient_loss | -0.00484    |
|    std                  | 0.84        |
|    value_loss           | 82.2        |
-----------------------------------------
-----------------------------------------
| rollout/                |             |
|    ep_len_mean          | 289         |
|    ep_rew_mean          | 247         |
| time/                   |             |
|    fps                  | 777         |
|    iterations           | 132         |
|    time_elapsed         | 195         |
|    total_timesteps      | 152064      |
| train/                  |             |
|    approx_kl            | 0.007896792 |
|    clip_fraction        | 0.113       |
|    clip_range           | 0.2         |
|    entropy_loss         | -3.71       |
|    explained_variance   | 0.634       |
|    learning_rate        | 0.0003      |
|    loss                 | 38.9        |
|    n_updates            | 1310        |
|    policy_gradient_loss | -0.0072     |
|    std                  | 0.842       |
|    value_loss           | 80.7        |
-----------------------------------------
------------------------------------------
| rollout/                |              |
|    ep_len_mean          | 289          |
|    ep_rew_mean          | 247          |
| time/                   |              |
|    fps                  | 777          |
|    iterations           | 133          |
|    time_elapsed         | 197          |
|    total_timesteps      | 153216       |
| train/                  |              |
|    approx_kl            | 0.0022270398 |
|    clip_fraction        | 0.0379       |
|    clip_range           | 0.2          |
|    entropy_loss         | -3.72        |
|    explained_variance   | 0.616        |
|    learning_rate        | 0.0003       |
|    loss                 | 18           |
|    n_updates            | 1320         |
|    policy_gradient_loss | -0.00108     |
|    std                  | 0.845        |
|    value_loss           | 82.7         |
------------------------------------------
-----------------------------------------
| rollout/                |             |
|    ep_len_mean          | 289         |
|    ep_rew_mean          | 247         |
| time/                   |             |
|    fps                  | 777         |
|    iterations           | 134         |
|    time_elapsed         | 198         |
|    total_timesteps      | 154368      |
| train/                  |             |
|    approx_kl            | 0.007916811 |
|    clip_fraction        | 0.0655      |
|    clip_range           | 0.2         |
|    entropy_loss         | -3.73       |
|    explained_variance   | 0.615       |
|    learning_rate        | 0.0003      |
|    loss                 | 59.4        |
|    n_updates            | 1330        |
|    policy_gradient_loss | -0.00103    |
|    std                  | 0.844       |
|    value_loss           | 83.7        |
-----------------------------------------
-----------------------------------------
| rollout/                |             |
|    ep_len_mean          | 289         |
|    ep_rew_mean          | 247         |
| time/                   |             |
|    fps                  | 778         |
|    iterations           | 135         |
|    time_elapsed         | 199         |
|    total_timesteps      | 155520      |
| train/                  |             |
|    approx_kl            | 0.005473649 |
|    clip_fraction        | 0.108       |
|    clip_range           | 0.2         |
|    entropy_loss         | -3.73       |
|    explained_variance   | 0.619       |
|    learning_rate        | 0.0003      |
|    loss                 | 38.5        |
|    n_updates            | 1340        |
|    policy_gradient_loss | -0.00225    |
|    std                  | 0.849       |
|    value_loss           | 83.6        |
-----------------------------------------
-----------------------------------------
| rollout/                |             |
|    ep_len_mean          | 289         |
|    ep_rew_mean          | 247         |
| time/                   |             |
|    fps                  | 778         |
|    iterations           | 136         |
|    time_elapsed         | 201         |
|    total_timesteps      | 156672      |
| train/                  |             |
|    approx_kl            | 0.005529591 |
|    clip_fraction        | 0.0334      |
|    clip_range           | 0.2         |
|    entropy_loss         | -3.74       |
|    explained_variance   | 0.645       |
|    learning_rate        | 0.0003      |
|    loss                 | 51.9        |
|    n_updates            | 1350        |
|    policy_gradient_loss | -0.00228    |
|    std                  | 0.85        |
|    value_loss           | 82.6        |
-----------------------------------------
-----------------------------------------
| rollout/                |             |
|    ep_len_mean          | 289         |
|    ep_rew_mean          | 247         |
| time/                   |             |
|    fps                  | 778         |
|    iterations           | 137         |
|    time_elapsed         | 202         |
|    total_timesteps      | 157824      |
| train/                  |             |
|    approx_kl            | 0.004212607 |
|    clip_fraction        | 0.0523      |
|    clip_range           | 0.2         |
|    entropy_loss         | -3.74       |
|    explained_variance   | 0.634       |
|    learning_rate        | 0.0003      |
|    loss                 | 45.8        |
|    n_updates            | 1360        |
|    policy_gradient_loss | -0.00333    |
|    std                  | 0.847       |
|    value_loss           | 81          |
-----------------------------------------
-----------------------------------------
| rollout/                |             |
|    ep_len_mean          | 289         |
|    ep_rew_mean          | 247         |
| time/                   |             |
|    fps                  | 779         |
|    iterations           | 138         |
|    time_elapsed         | 203         |
|    total_timesteps      | 158976      |
| train/                  |             |
|    approx_kl            | 0.006747637 |
|    clip_fraction        | 0.0887      |
|    clip_range           | 0.2         |
|    entropy_loss         | -3.74       |
|    explained_variance   | 0.647       |
|    learning_rate        | 0.0003      |
|    loss                 | 21.9        |
|    n_updates            | 1370        |
|    policy_gradient_loss | -0.00629    |
|    std                  | 0.848       |
|    value_loss           | 77.9        |
-----------------------------------------
Eval num_timesteps=160000, episode_reward=257.08 +/- 0.00
Episode length: 289.00 +/- 0.00
-----------------------------------------
| eval/                   |             |
|    mean_ep_length       | 289         |
|    mean_reward          | 257         |
| time/                   |             |
|    total_timesteps      | 160000      |
| train/                  |             |
|    approx_kl            | 0.003759769 |
|    clip_fraction        | 0.0502      |
|    clip_range           | 0.2         |
|    entropy_loss         | -3.73       |
|    explained_variance   | 0.621       |
|    learning_rate        | 0.0003      |
|    loss                 | 56.3        |
|    n_updates            | 1380        |
|    policy_gradient_loss | -0.00218    |
|    std                  | 0.848       |
|    value_loss           | 81.2        |
-----------------------------------------
---------------------------------
| rollout/           |          |
|    ep_len_mean     | 289      |
|    ep_rew_mean     | 247      |
| time/              |          |
|    fps             | 773      |
|    iterations      | 139      |
|    time_elapsed    | 207      |
|    total_timesteps | 160128   |
---------------------------------
------------------------------------------
| rollout/                |              |
|    ep_len_mean          | 289          |
|    ep_rew_mean          | 247          |
| time/                   |              |
|    fps                  | 773          |
|    iterations           | 140          |
|    time_elapsed         | 208          |
|    total_timesteps      | 161280       |
| train/                  |              |
|    approx_kl            | 0.0049654893 |
|    clip_fraction        | 0.0606       |
|    clip_range           | 0.2          |
|    entropy_loss         | -3.73        |
|    explained_variance   | 0.592        |
|    learning_rate        | 0.0003       |
|    loss                 | 61.7         |
|    n_updates            | 1390         |
|    policy_gradient_loss | -0.00421     |
|    std                  | 0.847        |
|    value_loss           | 80.8         |
------------------------------------------
------------------------------------------
| rollout/                |              |
|    ep_len_mean          | 289          |
|    ep_rew_mean          | 247          |
| time/                   |              |
|    fps                  | 774          |
|    iterations           | 141          |
|    time_elapsed         | 209          |
|    total_timesteps      | 162432       |
| train/                  |              |
|    approx_kl            | 0.0056205513 |
|    clip_fraction        | 0.0739       |
|    clip_range           | 0.2          |
|    entropy_loss         | -3.74        |
|    explained_variance   | 0.588        |
|    learning_rate        | 0.0003       |
|    loss                 | 43.6         |
|    n_updates            | 1400         |
|    policy_gradient_loss | 9.66e-05     |
|    std                  | 0.849        |
|    value_loss           | 82.8         |
------------------------------------------
-----------------------------------------
| rollout/                |             |
|    ep_len_mean          | 289         |
|    ep_rew_mean          | 248         |
| time/                   |             |
|    fps                  | 774         |
|    iterations           | 142         |
|    time_elapsed         | 211         |
|    total_timesteps      | 163584      |
| train/                  |             |
|    approx_kl            | 0.006344755 |
|    clip_fraction        | 0.0831      |
|    clip_range           | 0.2         |
|    entropy_loss         | -3.74       |
|    explained_variance   | 0.612       |
|    learning_rate        | 0.0003      |
|    loss                 | 21.4        |
|    n_updates            | 1410        |
|    policy_gradient_loss | -0.0028     |
|    std                  | 0.849       |
|    value_loss           | 82.4        |
-----------------------------------------
------------------------------------------
| rollout/                |              |
|    ep_len_mean          | 289          |
|    ep_rew_mean          | 248          |
| time/                   |              |
|    fps                  | 774          |
|    iterations           | 143          |
|    time_elapsed         | 212          |
|    total_timesteps      | 164736       |
| train/                  |              |
|    approx_kl            | 0.0052538817 |
|    clip_fraction        | 0.042        |
|    clip_range           | 0.2          |
|    entropy_loss         | -3.74        |
|    explained_variance   | 0.587        |
|    learning_rate        | 0.0003       |
|    loss                 | 34.4         |
|    n_updates            | 1420         |
|    policy_gradient_loss | -0.00143     |
|    std                  | 0.852        |
|    value_loss           | 88.2         |
------------------------------------------
----------------------------------------
| rollout/                |            |
|    ep_len_mean          | 289        |
|    ep_rew_mean          | 248        |
| time/                   |            |
|    fps                  | 775        |
|    iterations           | 144        |
|    time_elapsed         | 213        |
|    total_timesteps      | 165888     |
| train/                  |            |
|    approx_kl            | 0.00891029 |
|    clip_fraction        | 0.0558     |
|    clip_range           | 0.2        |
|    entropy_loss         | -3.73      |
|    explained_variance   | 0.567      |
|    learning_rate        | 0.0003     |
|    loss                 | 40.4       |
|    n_updates            | 1430       |
|    policy_gradient_loss | -0.00287   |
|    std                  | 0.848      |
|    value_loss           | 84.9       |
----------------------------------------
-----------------------------------------
| rollout/                |             |
|    ep_len_mean          | 289         |
|    ep_rew_mean          | 248         |
| time/                   |             |
|    fps                  | 775         |
|    iterations           | 145         |
|    time_elapsed         | 215         |
|    total_timesteps      | 167040      |
| train/                  |             |
|    approx_kl            | 0.007981042 |
|    clip_fraction        | 0.0454      |
|    clip_range           | 0.2         |
|    entropy_loss         | -3.72       |
|    explained_variance   | 0.595       |
|    learning_rate        | 0.0003      |
|    loss                 | 66.6        |
|    n_updates            | 1440        |
|    policy_gradient_loss | 0.00025     |
|    std                  | 0.844       |
|    value_loss           | 87.7        |
-----------------------------------------
----------------------------------------
| rollout/                |            |
|    ep_len_mean          | 289        |
|    ep_rew_mean          | 248        |
| time/                   |            |
|    fps                  | 776        |
|    iterations           | 146        |
|    time_elapsed         | 216        |
|    total_timesteps      | 168192     |
| train/                  |            |
|    approx_kl            | 0.00540147 |
|    clip_fraction        | 0.116      |
|    clip_range           | 0.2        |
|    entropy_loss         | -3.71      |
|    explained_variance   | 0.618      |
|    learning_rate        | 0.0003     |
|    loss                 | 42.1       |
|    n_updates            | 1450       |
|    policy_gradient_loss | -0.00346   |
|    std                  | 0.842      |
|    value_loss           | 85.4       |
----------------------------------------
-----------------------------------------
| rollout/                |             |
|    ep_len_mean          | 289         |
|    ep_rew_mean          | 248         |
| time/                   |             |
|    fps                  | 776         |
|    iterations           | 147         |
|    time_elapsed         | 218         |
|    total_timesteps      | 169344      |
| train/                  |             |
|    approx_kl            | 0.007940563 |
|    clip_fraction        | 0.0878      |
|    clip_range           | 0.2         |
|    entropy_loss         | -3.71       |
|    explained_variance   | 0.605       |
|    learning_rate        | 0.0003      |
|    loss                 | 49.2        |
|    n_updates            | 1460        |
|    policy_gradient_loss | -0.0015     |
|    std                  | 0.845       |
|    value_loss           | 86.5        |
-----------------------------------------
------------------------------------------
| rollout/                |              |
|    ep_len_mean          | 289          |
|    ep_rew_mean          | 249          |
| time/                   |              |
|    fps                  | 776          |
|    iterations           | 148          |
|    time_elapsed         | 219          |
|    total_timesteps      | 170496       |
| train/                  |              |
|    approx_kl            | 0.0069420105 |
|    clip_fraction        | 0.0637       |
|    clip_range           | 0.2          |
|    entropy_loss         | -3.71        |
|    explained_variance   | 0.631        |
|    learning_rate        | 0.0003       |
|    loss                 | 60.2         |
|    n_updates            | 1470         |
|    policy_gradient_loss | -0.00432     |
|    std                  | 0.84         |
|    value_loss           | 85.1         |
------------------------------------------
-----------------------------------------
| rollout/                |             |
|    ep_len_mean          | 289         |
|    ep_rew_mean          | 249         |
| time/                   |             |
|    fps                  | 777         |
|    iterations           | 149         |
|    time_elapsed         | 220         |
|    total_timesteps      | 171648      |
| train/                  |             |
|    approx_kl            | 0.011110227 |
|    clip_fraction        | 0.14        |
|    clip_range           | 0.2         |
|    entropy_loss         | -3.69       |
|    explained_variance   | 0.604       |
|    learning_rate        | 0.0003      |
|    loss                 | 38.3        |
|    n_updates            | 1480        |
|    policy_gradient_loss | -0.00916    |
|    std                  | 0.834       |
|    value_loss           | 84.8        |
-----------------------------------------
-----------------------------------------
| rollout/                |             |
|    ep_len_mean          | 289         |
|    ep_rew_mean          | 249         |
| time/                   |             |
|    fps                  | 777         |
|    iterations           | 150         |
|    time_elapsed         | 222         |
|    total_timesteps      | 172800      |
| train/                  |             |
|    approx_kl            | 0.010418913 |
|    clip_fraction        | 0.102       |
|    clip_range           | 0.2         |
|    entropy_loss         | -3.67       |
|    explained_variance   | 0.629       |
|    learning_rate        | 0.0003      |
|    loss                 | 53.8        |
|    n_updates            | 1490        |
|    policy_gradient_loss | -0.00551    |
|    std                  | 0.827       |
|    value_loss           | 82.4        |
-----------------------------------------
-----------------------------------------
| rollout/                |             |
|    ep_len_mean          | 289         |
|    ep_rew_mean          | 249         |
| time/                   |             |
|    fps                  | 777         |
|    iterations           | 151         |
|    time_elapsed         | 223         |
|    total_timesteps      | 173952      |
| train/                  |             |
|    approx_kl            | 0.008574594 |
|    clip_fraction        | 0.0515      |
|    clip_range           | 0.2         |
|    entropy_loss         | -3.65       |
|    explained_variance   | 0.62        |
|    learning_rate        | 0.0003      |
|    loss                 | 30.9        |
|    n_updates            | 1500        |
|    policy_gradient_loss | -0.00111    |
|    std                  | 0.825       |
|    value_loss           | 82.9        |
-----------------------------------------
------------------------------------------
| rollout/                |              |
|    ep_len_mean          | 289          |
|    ep_rew_mean          | 249          |
| time/                   |              |
|    fps                  | 778          |
|    iterations           | 152          |
|    time_elapsed         | 225          |
|    total_timesteps      | 175104       |
| train/                  |              |
|    approx_kl            | 0.0041824454 |
|    clip_fraction        | 0.109        |
|    clip_range           | 0.2          |
|    entropy_loss         | -3.64        |
|    explained_variance   | 0.602        |
|    learning_rate        | 0.0003       |
|    loss                 | 55.2         |
|    n_updates            | 1510         |
|    policy_gradient_loss | -0.00404     |
|    std                  | 0.823        |
|    value_loss           | 84.5         |
------------------------------------------
-----------------------------------------
| rollout/                |             |
|    ep_len_mean          | 289         |
|    ep_rew_mean          | 249         |
| time/                   |             |
|    fps                  | 778         |
|    iterations           | 153         |
|    time_elapsed         | 226         |
|    total_timesteps      | 176256      |
| train/                  |             |
|    approx_kl            | 0.006217979 |
|    clip_fraction        | 0.0902      |
|    clip_range           | 0.2         |
|    entropy_loss         | -3.64       |
|    explained_variance   | 0.624       |
|    learning_rate        | 0.0003      |
|    loss                 | 44          |
|    n_updates            | 1520        |
|    policy_gradient_loss | -0.00366    |
|    std                  | 0.82        |
|    value_loss           | 82.4        |
-----------------------------------------
-----------------------------------------
| rollout/                |             |
|    ep_len_mean          | 289         |
|    ep_rew_mean          | 249         |
| time/                   |             |
|    fps                  | 778         |
|    iterations           | 154         |
|    time_elapsed         | 227         |
|    total_timesteps      | 177408      |
| train/                  |             |
|    approx_kl            | 0.007507513 |
|    clip_fraction        | 0.0861      |
|    clip_range           | 0.2         |
|    entropy_loss         | -3.63       |
|    explained_variance   | 0.631       |
|    learning_rate        | 0.0003      |
|    loss                 | 35.4        |
|    n_updates            | 1530        |
|    policy_gradient_loss | -0.00241    |
|    std                  | 0.818       |
|    value_loss           | 80          |
-----------------------------------------
-----------------------------------------
| rollout/                |             |
|    ep_len_mean          | 289         |
|    ep_rew_mean          | 249         |
| time/                   |             |
|    fps                  | 779         |
|    iterations           | 155         |
|    time_elapsed         | 229         |
|    total_timesteps      | 178560      |
| train/                  |             |
|    approx_kl            | 0.006826546 |
|    clip_fraction        | 0.0624      |
|    clip_range           | 0.2         |
|    entropy_loss         | -3.62       |
|    explained_variance   | 0.617       |
|    learning_rate        | 0.0003      |
|    loss                 | 17.6        |
|    n_updates            | 1540        |
|    policy_gradient_loss | -0.00408    |
|    std                  | 0.816       |
|    value_loss           | 82.4        |
-----------------------------------------
-----------------------------------------
| rollout/                |             |
|    ep_len_mean          | 289         |
|    ep_rew_mean          | 249         |
| time/                   |             |
|    fps                  | 779         |
|    iterations           | 156         |
|    time_elapsed         | 230         |
|    total_timesteps      | 179712      |
| train/                  |             |
|    approx_kl            | 0.006433969 |
|    clip_fraction        | 0.0757      |
|    clip_range           | 0.2         |
|    entropy_loss         | -3.61       |
|    explained_variance   | 0.605       |
|    learning_rate        | 0.0003      |
|    loss                 | 25.1        |
|    n_updates            | 1550        |
|    policy_gradient_loss | -0.00276    |
|    std                  | 0.815       |
|    value_loss           | 82          |
-----------------------------------------
Eval num_timesteps=180000, episode_reward=257.08 +/- 0.00
Episode length: 289.00 +/- 0.00
------------------------------------------
| eval/                   |              |
|    mean_ep_length       | 289          |
|    mean_reward          | 257          |
| time/                   |              |
|    total_timesteps      | 180000       |
| train/                  |              |
|    approx_kl            | 0.0117782615 |
|    clip_fraction        | 0.0895       |
|    clip_range           | 0.2          |
|    entropy_loss         | -3.61        |
|    explained_variance   | 0.611        |
|    learning_rate        | 0.0003       |
|    loss                 | 46.4         |
|    n_updates            | 1560         |
|    policy_gradient_loss | -4.65e-05    |
|    std                  | 0.816        |
|    value_loss           | 81.8         |
------------------------------------------
---------------------------------
| rollout/           |          |
|    ep_len_mean     | 289      |
|    ep_rew_mean     | 249      |
| time/              |          |
|    fps             | 774      |
|    iterations      | 157      |
|    time_elapsed    | 233      |
|    total_timesteps | 180864   |
---------------------------------
------------------------------------------
| rollout/                |              |
|    ep_len_mean          | 289          |
|    ep_rew_mean          | 249          |
| time/                   |              |
|    fps                  | 774          |
|    iterations           | 158          |
|    time_elapsed         | 234          |
|    total_timesteps      | 182016       |
| train/                  |              |
|    approx_kl            | 0.0077917213 |
|    clip_fraction        | 0.0601       |
|    clip_range           | 0.2          |
|    entropy_loss         | -3.61        |
|    explained_variance   | 0.617        |
|    learning_rate        | 0.0003       |
|    loss                 | 56           |
|    n_updates            | 1570         |
|    policy_gradient_loss | -0.00119     |
|    std                  | 0.812        |
|    value_loss           | 82.4         |
------------------------------------------
-----------------------------------------
| rollout/                |             |
|    ep_len_mean          | 289         |
|    ep_rew_mean          | 249         |
| time/                   |             |
|    fps                  | 774         |
|    iterations           | 159         |
|    time_elapsed         | 236         |
|    total_timesteps      | 183168      |
| train/                  |             |
|    approx_kl            | 0.010535728 |
|    clip_fraction        | 0.0547      |
|    clip_range           | 0.2         |
|    entropy_loss         | -3.6        |
|    explained_variance   | 0.628       |
|    learning_rate        | 0.0003      |
|    loss                 | 27.5        |
|    n_updates            | 1580        |
|    policy_gradient_loss | -0.000751   |
|    std                  | 0.814       |
|    value_loss           | 81.8        |
-----------------------------------------
-----------------------------------------
| rollout/                |             |
|    ep_len_mean          | 289         |
|    ep_rew_mean          | 249         |
| time/                   |             |
|    fps                  | 775         |
|    iterations           | 160         |
|    time_elapsed         | 237         |
|    total_timesteps      | 184320      |
| train/                  |             |
|    approx_kl            | 0.019650413 |
|    clip_fraction        | 0.0963      |
|    clip_range           | 0.2         |
|    entropy_loss         | -3.6        |
|    explained_variance   | 0.626       |
|    learning_rate        | 0.0003      |
|    loss                 | 62.8        |
|    n_updates            | 1590        |
|    policy_gradient_loss | -0.00236    |
|    std                  | 0.812       |
|    value_loss           | 81.4        |
-----------------------------------------
------------------------------------------
| rollout/                |              |
|    ep_len_mean          | 289          |
|    ep_rew_mean          | 249          |
| time/                   |              |
|    fps                  | 775          |
|    iterations           | 161          |
|    time_elapsed         | 239          |
|    total_timesteps      | 185472       |
| train/                  |              |
|    approx_kl            | 0.0051296838 |
|    clip_fraction        | 0.0632       |
|    clip_range           | 0.2          |
|    entropy_loss         | -3.6         |
|    explained_variance   | 0.64         |
|    learning_rate        | 0.0003       |
|    loss                 | 46.1         |
|    n_updates            | 1600         |
|    policy_gradient_loss | -0.00257     |
|    std                  | 0.81         |
|    value_loss           | 79.4         |
------------------------------------------
------------------------------------------
| rollout/                |              |
|    ep_len_mean          | 289          |
|    ep_rew_mean          | 249          |
| time/                   |              |
|    fps                  | 775          |
|    iterations           | 162          |
|    time_elapsed         | 240          |
|    total_timesteps      | 186624       |
| train/                  |              |
|    approx_kl            | 0.0022000829 |
|    clip_fraction        | 0.0488       |
|    clip_range           | 0.2          |
|    entropy_loss         | -3.6         |
|    explained_variance   | 0.635        |
|    learning_rate        | 0.0003       |
|    loss                 | 47           |
|    n_updates            | 1610         |
|    policy_gradient_loss | -0.000553    |
|    std                  | 0.812        |
|    value_loss           | 78.2         |
------------------------------------------
-----------------------------------------
| rollout/                |             |
|    ep_len_mean          | 289         |
|    ep_rew_mean          | 249         |
| time/                   |             |
|    fps                  | 776         |
|    iterations           | 163         |
|    time_elapsed         | 241         |
|    total_timesteps      | 187776      |
| train/                  |             |
|    approx_kl            | 0.006167295 |
|    clip_fraction        | 0.06        |
|    clip_range           | 0.2         |
|    entropy_loss         | -3.61       |
|    explained_variance   | 0.635       |
|    learning_rate        | 0.0003      |
|    loss                 | 34.1        |
|    n_updates            | 1620        |
|    policy_gradient_loss | -0.00324    |
|    std                  | 0.813       |
|    value_loss           | 77          |
-----------------------------------------
------------------------------------------
| rollout/                |              |
|    ep_len_mean          | 289          |
|    ep_rew_mean          | 250          |
| time/                   |              |
|    fps                  | 776          |
|    iterations           | 164          |
|    time_elapsed         | 243          |
|    total_timesteps      | 188928       |
| train/                  |              |
|    approx_kl            | 0.0039080987 |
|    clip_fraction        | 0.0375       |
|    clip_range           | 0.2          |
|    entropy_loss         | -3.61        |
|    explained_variance   | 0.642        |
|    learning_rate        | 0.0003       |
|    loss                 | 43.7         |
|    n_updates            | 1630         |
|    policy_gradient_loss | -0.00129     |
|    std                  | 0.818        |
|    value_loss           | 76.2         |
------------------------------------------
-----------------------------------------
| rollout/                |             |
|    ep_len_mean          | 289         |
|    ep_rew_mean          | 250         |
| time/                   |             |
|    fps                  | 776         |
|    iterations           | 165         |
|    time_elapsed         | 244         |
|    total_timesteps      | 190080      |
| train/                  |             |
|    approx_kl            | 0.006763337 |
|    clip_fraction        | 0.0818      |
|    clip_range           | 0.2         |
|    entropy_loss         | -3.62       |
|    explained_variance   | 0.633       |
|    learning_rate        | 0.0003      |
|    loss                 | 37.9        |
|    n_updates            | 1640        |
|    policy_gradient_loss | -0.00488    |
|    std                  | 0.814       |
|    value_loss           | 76.3        |
-----------------------------------------
-----------------------------------------
| rollout/                |             |
|    ep_len_mean          | 289         |
|    ep_rew_mean          | 250         |
| time/                   |             |
|    fps                  | 777         |
|    iterations           | 166         |
|    time_elapsed         | 246         |
|    total_timesteps      | 191232      |
| train/                  |             |
|    approx_kl            | 0.010369577 |
|    clip_fraction        | 0.0879      |
|    clip_range           | 0.2         |
|    entropy_loss         | -3.6        |
|    explained_variance   | 0.637       |
|    learning_rate        | 0.0003      |
|    loss                 | 35.4        |
|    n_updates            | 1650        |
|    policy_gradient_loss | -0.00544    |
|    std                  | 0.81        |
|    value_loss           | 74.3        |
-----------------------------------------
-----------------------------------------
| rollout/                |             |
|    ep_len_mean          | 289         |
|    ep_rew_mean          | 250         |
| time/                   |             |
|    fps                  | 777         |
|    iterations           | 167         |
|    time_elapsed         | 247         |
|    total_timesteps      | 192384      |
| train/                  |             |
|    approx_kl            | 0.003954215 |
|    clip_fraction        | 0.0525      |
|    clip_range           | 0.2         |
|    entropy_loss         | -3.6        |
|    explained_variance   | 0.62        |
|    learning_rate        | 0.0003      |
|    loss                 | 50.5        |
|    n_updates            | 1660        |
|    policy_gradient_loss | -0.000555   |
|    std                  | 0.813       |
|    value_loss           | 74.2        |
-----------------------------------------
-----------------------------------------
| rollout/                |             |
|    ep_len_mean          | 289         |
|    ep_rew_mean          | 250         |
| time/                   |             |
|    fps                  | 777         |
|    iterations           | 168         |
|    time_elapsed         | 248         |
|    total_timesteps      | 193536      |
| train/                  |             |
|    approx_kl            | 0.008107032 |
|    clip_fraction        | 0.12        |
|    clip_range           | 0.2         |
|    entropy_loss         | -3.6        |
|    explained_variance   | 0.631       |
|    learning_rate        | 0.0003      |
|    loss                 | 35.9        |
|    n_updates            | 1670        |
|    policy_gradient_loss | -0.0051     |
|    std                  | 0.81        |
|    value_loss           | 74.2        |
-----------------------------------------
-----------------------------------------
| rollout/                |             |
|    ep_len_mean          | 289         |
|    ep_rew_mean          | 250         |
| time/                   |             |
|    fps                  | 777         |
|    iterations           | 169         |
|    time_elapsed         | 250         |
|    total_timesteps      | 194688      |
| train/                  |             |
|    approx_kl            | 0.007254661 |
|    clip_fraction        | 0.106       |
|    clip_range           | 0.2         |
|    entropy_loss         | -3.59       |
|    explained_variance   | 0.638       |
|    learning_rate        | 0.0003      |
|    loss                 | 30.1        |
|    n_updates            | 1680        |
|    policy_gradient_loss | -0.00296    |
|    std                  | 0.807       |
|    value_loss           | 76.7        |
-----------------------------------------
------------------------------------------
| rollout/                |              |
|    ep_len_mean          | 289          |
|    ep_rew_mean          | 250          |
| time/                   |              |
|    fps                  | 778          |
|    iterations           | 170          |
|    time_elapsed         | 251          |
|    total_timesteps      | 195840       |
| train/                  |              |
|    approx_kl            | 0.0045573744 |
|    clip_fraction        | 0.0891       |
|    clip_range           | 0.2          |
|    entropy_loss         | -3.6         |
|    explained_variance   | 0.63         |
|    learning_rate        | 0.0003       |
|    loss                 | 41.5         |
|    n_updates            | 1690         |
|    policy_gradient_loss | -0.00338     |
|    std                  | 0.812        |
|    value_loss           | 76.6         |
------------------------------------------
------------------------------------------
| rollout/                |              |
|    ep_len_mean          | 289          |
|    ep_rew_mean          | 250          |
| time/                   |              |
|    fps                  | 778          |
|    iterations           | 171          |
|    time_elapsed         | 253          |
|    total_timesteps      | 196992       |
| train/                  |              |
|    approx_kl            | 0.0025802196 |
|    clip_fraction        | 0.0403       |
|    clip_range           | 0.2          |
|    entropy_loss         | -3.6         |
|    explained_variance   | 0.619        |
|    learning_rate        | 0.0003       |
|    loss                 | 22           |
|    n_updates            | 1700         |
|    policy_gradient_loss | -0.00164     |
|    std                  | 0.812        |
|    value_loss           | 77.9         |
------------------------------------------
-----------------------------------------
| rollout/                |             |
|    ep_len_mean          | 289         |
|    ep_rew_mean          | 250         |
| time/                   |             |
|    fps                  | 778         |
|    iterations           | 172         |
|    time_elapsed         | 254         |
|    total_timesteps      | 198144      |
| train/                  |             |
|    approx_kl            | 0.008535685 |
|    clip_fraction        | 0.0828      |
|    clip_range           | 0.2         |
|    entropy_loss         | -3.59       |
|    explained_variance   | 0.624       |
|    learning_rate        | 0.0003      |
|    loss                 | 26.3        |
|    n_updates            | 1710        |
|    policy_gradient_loss | -0.00447    |
|    std                  | 0.811       |
|    value_loss           | 76.9        |
-----------------------------------------
-----------------------------------------
| rollout/                |             |
|    ep_len_mean          | 289         |
|    ep_rew_mean          | 250         |
| time/                   |             |
|    fps                  | 779         |
|    iterations           | 173         |
|    time_elapsed         | 255         |
|    total_timesteps      | 199296      |
| train/                  |             |
|    approx_kl            | 0.008544335 |
|    clip_fraction        | 0.0587      |
|    clip_range           | 0.2         |
|    entropy_loss         | -3.6        |
|    explained_variance   | 0.619       |
|    learning_rate        | 0.0003      |
|    loss                 | 52.6        |
|    n_updates            | 1720        |
|    policy_gradient_loss | -0.00383    |
|    std                  | 0.813       |
|    value_loss           | 78          |
-----------------------------------------
Eval num_timesteps=200000, episode_reward=257.08 +/- 0.00
Episode length: 289.00 +/- 0.00
-----------------------------------------
| eval/                   |             |
|    mean_ep_length       | 289         |
|    mean_reward          | 257         |
| time/                   |             |
|    total_timesteps      | 200000      |
| train/                  |             |
|    approx_kl            | 0.008608484 |
|    clip_fraction        | 0.0891      |
|    clip_range           | 0.2         |
|    entropy_loss         | -3.6        |
|    explained_variance   | 0.654       |
|    learning_rate        | 0.0003      |
|    loss                 | 41          |
|    n_updates            | 1730        |
|    policy_gradient_loss | -0.00226    |
|    std                  | 0.814       |
|    value_loss           | 75.6        |
-----------------------------------------
---------------------------------
| rollout/           |          |
|    ep_len_mean     | 289      |
|    ep_rew_mean     | 250      |
| time/              |          |
|    fps             | 774      |
|    iterations      | 174      |
|    time_elapsed    | 258      |
|    total_timesteps | 200448   |
---------------------------------
------------------------------------------
| rollout/                |              |
|    ep_len_mean          | 289          |
|    ep_rew_mean          | 250          |
| time/                   |              |
|    fps                  | 774          |
|    iterations           | 175          |
|    time_elapsed         | 260          |
|    total_timesteps      | 201600       |
| train/                  |              |
|    approx_kl            | 0.0055047367 |
|    clip_fraction        | 0.0472       |
|    clip_range           | 0.2          |
|    entropy_loss         | -3.6         |
|    explained_variance   | 0.649        |
|    learning_rate        | 0.0003       |
|    loss                 | 47.6         |
|    n_updates            | 1740         |
|    policy_gradient_loss | -0.00185     |
|    std                  | 0.816        |
|    value_loss           | 76.7         |
------------------------------------------
-----------------------------------------
| rollout/                |             |
|    ep_len_mean          | 289         |
|    ep_rew_mean          | 250         |
| time/                   |             |
|    fps                  | 775         |
|    iterations           | 176         |
|    time_elapsed         | 261         |
|    total_timesteps      | 202752      |
| train/                  |             |
|    approx_kl            | 0.003656094 |
|    clip_fraction        | 0.0344      |
|    clip_range           | 0.2         |
|    entropy_loss         | -3.61       |
|    explained_variance   | 0.651       |
|    learning_rate        | 0.0003      |
|    loss                 | 37.2        |
|    n_updates            | 1750        |
|    policy_gradient_loss | -0.000625   |
|    std                  | 0.816       |
|    value_loss           | 75.3        |
-----------------------------------------
------------------------------------------
| rollout/                |              |
|    ep_len_mean          | 289          |
|    ep_rew_mean          | 250          |
| time/                   |              |
|    fps                  | 775          |
|    iterations           | 177          |
|    time_elapsed         | 262          |
|    total_timesteps      | 203904       |
| train/                  |              |
|    approx_kl            | 0.0020841875 |
|    clip_fraction        | 0.0509       |
|    clip_range           | 0.2          |
|    entropy_loss         | -3.61        |
|    explained_variance   | 0.668        |
|    learning_rate        | 0.0003       |
|    loss                 | 68.2         |
|    n_updates            | 1760         |
|    policy_gradient_loss | -0.0013      |
|    std                  | 0.816        |
|    value_loss           | 74.2         |
------------------------------------------
-----------------------------------------
| rollout/                |             |
|    ep_len_mean          | 289         |
|    ep_rew_mean          | 250         |
| time/                   |             |
|    fps                  | 775         |
|    iterations           | 178         |
|    time_elapsed         | 264         |
|    total_timesteps      | 205056      |
| train/                  |             |
|    approx_kl            | 0.008033443 |
|    clip_fraction        | 0.0796      |
|    clip_range           | 0.2         |
|    entropy_loss         | -3.61       |
|    explained_variance   | 0.675       |
|    learning_rate        | 0.0003      |
|    loss                 | 19.4        |
|    n_updates            | 1770        |
|    policy_gradient_loss | -0.00163    |
|    std                  | 0.817       |
|    value_loss           | 73.6        |
-----------------------------------------
-----------------------------------------
| rollout/                |             |
|    ep_len_mean          | 289         |
|    ep_rew_mean          | 250         |
| time/                   |             |
|    fps                  | 775         |
|    iterations           | 179         |
|    time_elapsed         | 265         |
|    total_timesteps      | 206208      |
| train/                  |             |
|    approx_kl            | 0.008517769 |
|    clip_fraction        | 0.074       |
|    clip_range           | 0.2         |
|    entropy_loss         | -3.61       |
|    explained_variance   | 0.664       |
|    learning_rate        | 0.0003      |
|    loss                 | 35.5        |
|    n_updates            | 1780        |
|    policy_gradient_loss | -0.00562    |
|    std                  | 0.815       |
|    value_loss           | 73          |
-----------------------------------------
------------------------------------------
| rollout/                |              |
|    ep_len_mean          | 289          |
|    ep_rew_mean          | 250          |
| time/                   |              |
|    fps                  | 776          |
|    iterations           | 180          |
|    time_elapsed         | 267          |
|    total_timesteps      | 207360       |
| train/                  |              |
|    approx_kl            | 0.0046573738 |
|    clip_fraction        | 0.0572       |
|    clip_range           | 0.2          |
|    entropy_loss         | -3.6         |
|    explained_variance   | 0.672        |
|    learning_rate        | 0.0003       |
|    loss                 | 32.1         |
|    n_updates            | 1790         |
|    policy_gradient_loss | -0.00145     |
|    std                  | 0.815        |
|    value_loss           | 71.6         |
------------------------------------------
-----------------------------------------
| rollout/                |             |
|    ep_len_mean          | 289         |
|    ep_rew_mean          | 250         |
| time/                   |             |
|    fps                  | 776         |
|    iterations           | 181         |
|    time_elapsed         | 268         |
|    total_timesteps      | 208512      |
| train/                  |             |
|    approx_kl            | 0.007010316 |
|    clip_fraction        | 0.0516      |
|    clip_range           | 0.2         |
|    entropy_loss         | -3.6        |
|    explained_variance   | 0.666       |
|    learning_rate        | 0.0003      |
|    loss                 | 26.3        |
|    n_updates            | 1800        |
|    policy_gradient_loss | -4.35e-05   |
|    std                  | 0.817       |
|    value_loss           | 69.8        |
-----------------------------------------
-----------------------------------------
| rollout/                |             |
|    ep_len_mean          | 289         |
|    ep_rew_mean          | 250         |
| time/                   |             |
|    fps                  | 776         |
|    iterations           | 182         |
|    time_elapsed         | 269         |
|    total_timesteps      | 209664      |
| train/                  |             |
|    approx_kl            | 0.008051059 |
|    clip_fraction        | 0.0742      |
|    clip_range           | 0.2         |
|    entropy_loss         | -3.6        |
|    explained_variance   | 0.65        |
|    learning_rate        | 0.0003      |
|    loss                 | 37.1        |
|    n_updates            | 1810        |
|    policy_gradient_loss | -0.00266    |
|    std                  | 0.816       |
|    value_loss           | 69.7        |
-----------------------------------------
-----------------------------------------
| rollout/                |             |
|    ep_len_mean          | 289         |
|    ep_rew_mean          | 250         |
| time/                   |             |
|    fps                  | 777         |
|    iterations           | 183         |
|    time_elapsed         | 271         |
|    total_timesteps      | 210816      |
| train/                  |             |
|    approx_kl            | 0.005926581 |
|    clip_fraction        | 0.0655      |
|    clip_range           | 0.2         |
|    entropy_loss         | -3.6        |
|    explained_variance   | 0.71        |
|    learning_rate        | 0.0003      |
|    loss                 | 22.4        |
|    n_updates            | 1820        |
|    policy_gradient_loss | -0.00518    |
|    std                  | 0.817       |
|    value_loss           | 66.4        |
-----------------------------------------
-----------------------------------------
| rollout/                |             |
|    ep_len_mean          | 289         |
|    ep_rew_mean          | 250         |
| time/                   |             |
|    fps                  | 777         |
|    iterations           | 184         |
|    time_elapsed         | 272         |
|    total_timesteps      | 211968      |
| train/                  |             |
|    approx_kl            | 0.003949014 |
|    clip_fraction        | 0.104       |
|    clip_range           | 0.2         |
|    entropy_loss         | -3.6        |
|    explained_variance   | 0.722       |
|    learning_rate        | 0.0003      |
|    loss                 | 36.2        |
|    n_updates            | 1830        |
|    policy_gradient_loss | 0.000585    |
|    std                  | 0.814       |
|    value_loss           | 64          |
-----------------------------------------
------------------------------------------
| rollout/                |              |
|    ep_len_mean          | 289          |
|    ep_rew_mean          | 250          |
| time/                   |              |
|    fps                  | 777          |
|    iterations           | 185          |
|    time_elapsed         | 274          |
|    total_timesteps      | 213120       |
| train/                  |              |
|    approx_kl            | 0.0045827217 |
|    clip_fraction        | 0.0465       |
|    clip_range           | 0.2          |
|    entropy_loss         | -3.6         |
|    explained_variance   | 0.725        |
|    learning_rate        | 0.0003       |
|    loss                 | 49.9         |
|    n_updates            | 1840         |
|    policy_gradient_loss | -0.00337     |
|    std                  | 0.817        |
|    value_loss           | 64.9         |
------------------------------------------
----------------------------------------
| rollout/                |            |
|    ep_len_mean          | 289        |
|    ep_rew_mean          | 250        |
| time/                   |            |
|    fps                  | 777        |
|    iterations           | 186        |
|    time_elapsed         | 275        |
|    total_timesteps      | 214272     |
| train/                  |            |
|    approx_kl            | 0.01601126 |
|    clip_fraction        | 0.0659     |
|    clip_range           | 0.2        |
|    entropy_loss         | -3.59      |
|    explained_variance   | 0.689      |
|    learning_rate        | 0.0003     |
|    loss                 | 45.3       |
|    n_updates            | 1850       |
|    policy_gradient_loss | -0.00185   |
|    std                  | 0.807      |
|    value_loss           | 67         |
----------------------------------------
------------------------------------------
| rollout/                |              |
|    ep_len_mean          | 289          |
|    ep_rew_mean          | 250          |
| time/                   |              |
|    fps                  | 778          |
|    iterations           | 187          |
|    time_elapsed         | 276          |
|    total_timesteps      | 215424       |
| train/                  |              |
|    approx_kl            | 0.0074760383 |
|    clip_fraction        | 0.0776       |
|    clip_range           | 0.2          |
|    entropy_loss         | -3.56        |
|    explained_variance   | 0.665        |
|    learning_rate        | 0.0003       |
|    loss                 | 41.7         |
|    n_updates            | 1860         |
|    policy_gradient_loss | -0.00527     |
|    std                  | 0.803        |
|    value_loss           | 69.1         |
------------------------------------------
-----------------------------------------
| rollout/                |             |
|    ep_len_mean          | 289         |
|    ep_rew_mean          | 250         |
| time/                   |             |
|    fps                  | 778         |
|    iterations           | 188         |
|    time_elapsed         | 278         |
|    total_timesteps      | 216576      |
| train/                  |             |
|    approx_kl            | 0.004378921 |
|    clip_fraction        | 0.0352      |
|    clip_range           | 0.2         |
|    entropy_loss         | -3.54       |
|    explained_variance   | 0.668       |
|    learning_rate        | 0.0003      |
|    loss                 | 47.8        |
|    n_updates            | 1870        |
|    policy_gradient_loss | -0.000113   |
|    std                  | 0.798       |
|    value_loss           | 71.8        |
-----------------------------------------
-----------------------------------------
| rollout/                |             |
|    ep_len_mean          | 289         |
|    ep_rew_mean          | 250         |
| time/                   |             |
|    fps                  | 778         |
|    iterations           | 189         |
|    time_elapsed         | 279         |
|    total_timesteps      | 217728      |
| train/                  |             |
|    approx_kl            | 0.008900997 |
|    clip_fraction        | 0.0678      |
|    clip_range           | 0.2         |
|    entropy_loss         | -3.53       |
|    explained_variance   | 0.664       |
|    learning_rate        | 0.0003      |
|    loss                 | 33.1        |
|    n_updates            | 1880        |
|    policy_gradient_loss | -0.000457   |
|    std                  | 0.796       |
|    value_loss           | 72.3        |
-----------------------------------------
------------------------------------------
| rollout/                |              |
|    ep_len_mean          | 289          |
|    ep_rew_mean          | 250          |
| time/                   |              |
|    fps                  | 778          |
|    iterations           | 190          |
|    time_elapsed         | 280          |
|    total_timesteps      | 218880       |
| train/                  |              |
|    approx_kl            | 0.0040059485 |
|    clip_fraction        | 0.0468       |
|    clip_range           | 0.2          |
|    entropy_loss         | -3.51        |
|    explained_variance   | 0.677        |
|    learning_rate        | 0.0003       |
|    loss                 | 35           |
|    n_updates            | 1890         |
|    policy_gradient_loss | -0.000256    |
|    std                  | 0.79         |
|    value_loss           | 73.8         |
------------------------------------------
Eval num_timesteps=220000, episode_reward=257.08 +/- 0.00
Episode length: 289.00 +/- 0.00
-----------------------------------------
| eval/                   |             |
|    mean_ep_length       | 289         |
|    mean_reward          | 257         |
| time/                   |             |
|    total_timesteps      | 220000      |
| train/                  |             |
|    approx_kl            | 0.004112531 |
|    clip_fraction        | 0.102       |
|    clip_range           | 0.2         |
|    entropy_loss         | -3.5        |
|    explained_variance   | 0.68        |
|    learning_rate        | 0.0003      |
|    loss                 | 46.1        |
|    n_updates            | 1900        |
|    policy_gradient_loss | -0.00106    |
|    std                  | 0.789       |
|    value_loss           | 72.2        |
-----------------------------------------
---------------------------------
| rollout/           |          |
|    ep_len_mean     | 289      |
|    ep_rew_mean     | 250      |
| time/              |          |
|    fps             | 774      |
|    iterations      | 191      |
|    time_elapsed    | 284      |
|    total_timesteps | 220032   |
---------------------------------
------------------------------------------
| rollout/                |              |
|    ep_len_mean          | 289          |
|    ep_rew_mean          | 250          |
| time/                   |              |
|    fps                  | 774          |
|    iterations           | 192          |
|    time_elapsed         | 285          |
|    total_timesteps      | 221184       |
| train/                  |              |
|    approx_kl            | 0.0055602174 |
|    clip_fraction        | 0.071        |
|    clip_range           | 0.2          |
|    entropy_loss         | -3.49        |
|    explained_variance   | 0.684        |
|    learning_rate        | 0.0003       |
|    loss                 | 50.7         |
|    n_updates            | 1910         |
|    policy_gradient_loss | -0.00289     |
|    std                  | 0.788        |
|    value_loss           | 72.5         |
------------------------------------------
------------------------------------------
| rollout/                |              |
|    ep_len_mean          | 289          |
|    ep_rew_mean          | 250          |
| time/                   |              |
|    fps                  | 775          |
|    iterations           | 193          |
|    time_elapsed         | 286          |
|    total_timesteps      | 222336       |
| train/                  |              |
|    approx_kl            | 0.0066972766 |
|    clip_fraction        | 0.0978       |
|    clip_range           | 0.2          |
|    entropy_loss         | -3.5         |
|    explained_variance   | 0.664        |
|    learning_rate        | 0.0003       |
|    loss                 | 39           |
|    n_updates            | 1920         |
|    policy_gradient_loss | 3.2e-05      |
|    std                  | 0.791        |
|    value_loss           | 73.2         |
------------------------------------------
------------------------------------------
| rollout/                |              |
|    ep_len_mean          | 289          |
|    ep_rew_mean          | 250          |
| time/                   |              |
|    fps                  | 775          |
|    iterations           | 194          |
|    time_elapsed         | 288          |
|    total_timesteps      | 223488       |
| train/                  |              |
|    approx_kl            | 0.0033796988 |
|    clip_fraction        | 0.0131       |
|    clip_range           | 0.2          |
|    entropy_loss         | -3.51        |
|    explained_variance   | 0.67         |
|    learning_rate        | 0.0003       |
|    loss                 | 39           |
|    n_updates            | 1930         |
|    policy_gradient_loss | -0.000323    |
|    std                  | 0.793        |
|    value_loss           | 72.9         |
------------------------------------------
------------------------------------------
| rollout/                |              |
|    ep_len_mean          | 289          |
|    ep_rew_mean          | 250          |
| time/                   |              |
|    fps                  | 775          |
|    iterations           | 195          |
|    time_elapsed         | 289          |
|    total_timesteps      | 224640       |
| train/                  |              |
|    approx_kl            | 0.0063443473 |
|    clip_fraction        | 0.0832       |
|    clip_range           | 0.2          |
|    entropy_loss         | -3.51        |
|    explained_variance   | 0.673        |
|    learning_rate        | 0.0003       |
|    loss                 | 53.4         |
|    n_updates            | 1940         |
|    policy_gradient_loss | -0.0047      |
|    std                  | 0.791        |
|    value_loss           | 71.7         |
------------------------------------------
------------------------------------------
| rollout/                |              |
|    ep_len_mean          | 289          |
|    ep_rew_mean          | 250          |
| time/                   |              |
|    fps                  | 776          |
|    iterations           | 196          |
|    time_elapsed         | 290          |
|    total_timesteps      | 225792       |
| train/                  |              |
|    approx_kl            | 0.0048031295 |
|    clip_fraction        | 0.0685       |
|    clip_range           | 0.2          |
|    entropy_loss         | -3.51        |
|    explained_variance   | 0.675        |
|    learning_rate        | 0.0003       |
|    loss                 | 22.8         |
|    n_updates            | 1950         |
|    policy_gradient_loss | -0.0031      |
|    std                  | 0.796        |
|    value_loss           | 70.7         |
------------------------------------------
-----------------------------------------
| rollout/                |             |
|    ep_len_mean          | 289         |
|    ep_rew_mean          | 250         |
| time/                   |             |
|    fps                  | 776         |
|    iterations           | 197         |
|    time_elapsed         | 292         |
|    total_timesteps      | 226944      |
| train/                  |             |
|    approx_kl            | 0.005823679 |
|    clip_fraction        | 0.0908      |
|    clip_range           | 0.2         |
|    entropy_loss         | -3.51       |
|    explained_variance   | 0.668       |
|    learning_rate        | 0.0003      |
|    loss                 | 38          |
|    n_updates            | 1960        |
|    policy_gradient_loss | -0.0063     |
|    std                  | 0.788       |
|    value_loss           | 69.1        |
-----------------------------------------
------------------------------------------
| rollout/                |              |
|    ep_len_mean          | 289          |
|    ep_rew_mean          | 250          |
| time/                   |              |
|    fps                  | 776          |
|    iterations           | 198          |
|    time_elapsed         | 293          |
|    total_timesteps      | 228096       |
| train/                  |              |
|    approx_kl            | 0.0047937757 |
|    clip_fraction        | 0.0794       |
|    clip_range           | 0.2          |
|    entropy_loss         | -3.5         |
|    explained_variance   | 0.667        |
|    learning_rate        | 0.0003       |
|    loss                 | 42           |
|    n_updates            | 1970         |
|    policy_gradient_loss | -0.00567     |
|    std                  | 0.789        |
|    value_loss           | 70.4         |
------------------------------------------
------------------------------------------
| rollout/                |              |
|    ep_len_mean          | 289          |
|    ep_rew_mean          | 251          |
| time/                   |              |
|    fps                  | 776          |
|    iterations           | 199          |
|    time_elapsed         | 295          |
|    total_timesteps      | 229248       |
| train/                  |              |
|    approx_kl            | 0.0038494663 |
|    clip_fraction        | 0.0451       |
|    clip_range           | 0.2          |
|    entropy_loss         | -3.5         |
|    explained_variance   | 0.664        |
|    learning_rate        | 0.0003       |
|    loss                 | 29.2         |
|    n_updates            | 1980         |
|    policy_gradient_loss | -0.00274     |
|    std                  | 0.787        |
|    value_loss           | 68.5         |
------------------------------------------
------------------------------------------
| rollout/                |              |
|    ep_len_mean          | 289          |
|    ep_rew_mean          | 251          |
| time/                   |              |
|    fps                  | 777          |
|    iterations           | 200          |
|    time_elapsed         | 296          |
|    total_timesteps      | 230400       |
| train/                  |              |
|    approx_kl            | 0.0027552037 |
|    clip_fraction        | 0.0706       |
|    clip_range           | 0.2          |
|    entropy_loss         | -3.49        |
|    explained_variance   | 0.67         |
|    learning_rate        | 0.0003       |
|    loss                 | 25.7         |
|    n_updates            | 1990         |
|    policy_gradient_loss | -0.00479     |
|    std                  | 0.783        |
|    value_loss           | 70           |
------------------------------------------
------------------------------------------
| rollout/                |              |
|    ep_len_mean          | 289          |
|    ep_rew_mean          | 251          |
| time/                   |              |
|    fps                  | 777          |
|    iterations           | 201          |
|    time_elapsed         | 297          |
|    total_timesteps      | 231552       |
| train/                  |              |
|    approx_kl            | 0.0038117964 |
|    clip_fraction        | 0.0635       |
|    clip_range           | 0.2          |
|    entropy_loss         | -3.49        |
|    explained_variance   | 0.663        |
|    learning_rate        | 0.0003       |
|    loss                 | 28.7         |
|    n_updates            | 2000         |
|    policy_gradient_loss | -0.00249     |
|    std                  | 0.784        |
|    value_loss           | 69.2         |
------------------------------------------
-----------------------------------------
| rollout/                |             |
|    ep_len_mean          | 289         |
|    ep_rew_mean          | 251         |
| time/                   |             |
|    fps                  | 777         |
|    iterations           | 202         |
|    time_elapsed         | 299         |
|    total_timesteps      | 232704      |
| train/                  |             |
|    approx_kl            | 0.008539159 |
|    clip_fraction        | 0.0756      |
|    clip_range           | 0.2         |
|    entropy_loss         | -3.48       |
|    explained_variance   | 0.666       |
|    learning_rate        | 0.0003      |
|    loss                 | 17.7        |
|    n_updates            | 2010        |
|    policy_gradient_loss | -0.00224    |
|    std                  | 0.782       |
|    value_loss           | 70.6        |
-----------------------------------------
-----------------------------------------
| rollout/                |             |
|    ep_len_mean          | 289         |
|    ep_rew_mean          | 250         |
| time/                   |             |
|    fps                  | 777         |
|    iterations           | 203         |
|    time_elapsed         | 300         |
|    total_timesteps      | 233856      |
| train/                  |             |
|    approx_kl            | 0.006446429 |
|    clip_fraction        | 0.102       |
|    clip_range           | 0.2         |
|    entropy_loss         | -3.48       |
|    explained_variance   | 0.657       |
|    learning_rate        | 0.0003      |
|    loss                 | 51.2        |
|    n_updates            | 2020        |
|    policy_gradient_loss | -0.00658    |
|    std                  | 0.783       |
|    value_loss           | 69.8        |
-----------------------------------------
------------------------------------------
| rollout/                |              |
|    ep_len_mean          | 289          |
|    ep_rew_mean          | 250          |
| time/                   |              |
|    fps                  | 778          |
|    iterations           | 204          |
|    time_elapsed         | 302          |
|    total_timesteps      | 235008       |
| train/                  |              |
|    approx_kl            | 0.0062140753 |
|    clip_fraction        | 0.0737       |
|    clip_range           | 0.2          |
|    entropy_loss         | -3.49        |
|    explained_variance   | 0.678        |
|    learning_rate        | 0.0003       |
|    loss                 | 32.4         |
|    n_updates            | 2030         |
|    policy_gradient_loss | 0.000443     |
|    std                  | 0.785        |
|    value_loss           | 71.7         |
------------------------------------------
-----------------------------------------
| rollout/                |             |
|    ep_len_mean          | 289         |
|    ep_rew_mean          | 250         |
| time/                   |             |
|    fps                  | 778         |
|    iterations           | 205         |
|    time_elapsed         | 303         |
|    total_timesteps      | 236160      |
| train/                  |             |
|    approx_kl            | 0.007676324 |
|    clip_fraction        | 0.117       |
|    clip_range           | 0.2         |
|    entropy_loss         | -3.49       |
|    explained_variance   | 0.692       |
|    learning_rate        | 0.0003      |
|    loss                 | 32.4        |
|    n_updates            | 2040        |
|    policy_gradient_loss | -0.00277    |
|    std                  | 0.787       |
|    value_loss           | 69.3        |
-----------------------------------------
-----------------------------------------
| rollout/                |             |
|    ep_len_mean          | 289         |
|    ep_rew_mean          | 250         |
| time/                   |             |
|    fps                  | 778         |
|    iterations           | 206         |
|    time_elapsed         | 304         |
|    total_timesteps      | 237312      |
| train/                  |             |
|    approx_kl            | 0.012850077 |
|    clip_fraction        | 0.127       |
|    clip_range           | 0.2         |
|    entropy_loss         | -3.49       |
|    explained_variance   | 0.691       |
|    learning_rate        | 0.0003      |
|    loss                 | 17          |
|    n_updates            | 2050        |
|    policy_gradient_loss | -0.00345    |
|    std                  | 0.781       |
|    value_loss           | 70          |
-----------------------------------------
------------------------------------------
| rollout/                |              |
|    ep_len_mean          | 289          |
|    ep_rew_mean          | 250          |
| time/                   |              |
|    fps                  | 778          |
|    iterations           | 207          |
|    time_elapsed         | 306          |
|    total_timesteps      | 238464       |
| train/                  |              |
|    approx_kl            | 0.0033119125 |
|    clip_fraction        | 0.0601       |
|    clip_range           | 0.2          |
|    entropy_loss         | -3.47        |
|    explained_variance   | 0.679        |
|    learning_rate        | 0.0003       |
|    loss                 | 36.4         |
|    n_updates            | 2060         |
|    policy_gradient_loss | -0.00117     |
|    std                  | 0.781        |
|    value_loss           | 71.7         |
------------------------------------------
-----------------------------------------
| rollout/                |             |
|    ep_len_mean          | 289         |
|    ep_rew_mean          | 250         |
| time/                   |             |
|    fps                  | 778         |
|    iterations           | 208         |
|    time_elapsed         | 307         |
|    total_timesteps      | 239616      |
| train/                  |             |
|    approx_kl            | 0.009464104 |
|    clip_fraction        | 0.0917      |
|    clip_range           | 0.2         |
|    entropy_loss         | -3.48       |
|    explained_variance   | 0.658       |
|    learning_rate        | 0.0003      |
|    loss                 | 29.7        |
|    n_updates            | 2070        |
|    policy_gradient_loss | -0.000153   |
|    std                  | 0.782       |
|    value_loss           | 72.8        |
-----------------------------------------
Eval num_timesteps=240000, episode_reward=257.08 +/- 0.00
Episode length: 289.00 +/- 0.00
-----------------------------------------
| eval/                   |             |
|    mean_ep_length       | 289         |
|    mean_reward          | 257         |
| time/                   |             |
|    total_timesteps      | 240000      |
| train/                  |             |
|    approx_kl            | 0.010542019 |
|    clip_fraction        | 0.0747      |
|    clip_range           | 0.2         |
|    entropy_loss         | -3.48       |
|    explained_variance   | 0.66        |
|    learning_rate        | 0.0003      |
|    loss                 | 43.3        |
|    n_updates            | 2080        |
|    policy_gradient_loss | 0.000156    |
|    std                  | 0.786       |
|    value_loss           | 73.2        |
-----------------------------------------
---------------------------------
| rollout/           |          |
|    ep_len_mean     | 289      |
|    ep_rew_mean     | 250      |
| time/              |          |
|    fps             | 775      |
|    iterations      | 209      |
|    time_elapsed    | 310      |
|    total_timesteps | 240768   |
---------------------------------
-----------------------------------------
| rollout/                |             |
|    ep_len_mean          | 289         |
|    ep_rew_mean          | 250         |
| time/                   |             |
|    fps                  | 775         |
|    iterations           | 210         |
|    time_elapsed         | 312         |
|    total_timesteps      | 241920      |
| train/                  |             |
|    approx_kl            | 0.025732389 |
|    clip_fraction        | 0.105       |
|    clip_range           | 0.2         |
|    entropy_loss         | -3.49       |
|    explained_variance   | 0.658       |
|    learning_rate        | 0.0003      |
|    loss                 | 39.8        |
|    n_updates            | 2090        |
|    policy_gradient_loss | -0.00442    |
|    std                  | 0.788       |
|    value_loss           | 75.1        |
-----------------------------------------
------------------------------------------
| rollout/                |              |
|    ep_len_mean          | 289          |
|    ep_rew_mean          | 250          |
| time/                   |              |
|    fps                  | 775          |
|    iterations           | 211          |
|    time_elapsed         | 313          |
|    total_timesteps      | 243072       |
| train/                  |              |
|    approx_kl            | 0.0057123248 |
|    clip_fraction        | 0.0648       |
|    clip_range           | 0.2          |
|    entropy_loss         | -3.49        |
|    explained_variance   | 0.64         |
|    learning_rate        | 0.0003       |
|    loss                 | 20.7         |
|    n_updates            | 2100         |
|    policy_gradient_loss | -0.00493     |
|    std                  | 0.786        |
|    value_loss           | 77.8         |
------------------------------------------
------------------------------------------
| rollout/                |              |
|    ep_len_mean          | 289          |
|    ep_rew_mean          | 250          |
| time/                   |              |
|    fps                  | 775          |
|    iterations           | 212          |
|    time_elapsed         | 314          |
|    total_timesteps      | 244224       |
| train/                  |              |
|    approx_kl            | 0.0070925034 |
|    clip_fraction        | 0.0674       |
|    clip_range           | 0.2          |
|    entropy_loss         | -3.49        |
|    explained_variance   | 0.65         |
|    learning_rate        | 0.0003       |
|    loss                 | 42.2         |
|    n_updates            | 2110         |
|    policy_gradient_loss | -0.00313     |
|    std                  | 0.788        |
|    value_loss           | 78.6         |
------------------------------------------
------------------------------------------
| rollout/                |              |
|    ep_len_mean          | 289          |
|    ep_rew_mean          | 251          |
| time/                   |              |
|    fps                  | 776          |
|    iterations           | 213          |
|    time_elapsed         | 316          |
|    total_timesteps      | 245376       |
| train/                  |              |
|    approx_kl            | 0.0039594267 |
|    clip_fraction        | 0.077        |
|    clip_range           | 0.2          |
|    entropy_loss         | -3.5         |
|    explained_variance   | 0.674        |
|    learning_rate        | 0.0003       |
|    loss                 | 29.6         |
|    n_updates            | 2120         |
|    policy_gradient_loss | -0.00344     |
|    std                  | 0.789        |
|    value_loss           | 78.2         |
------------------------------------------
------------------------------------------
| rollout/                |              |
|    ep_len_mean          | 289          |
|    ep_rew_mean          | 251          |
| time/                   |              |
|    fps                  | 776          |
|    iterations           | 214          |
|    time_elapsed         | 317          |
|    total_timesteps      | 246528       |
| train/                  |              |
|    approx_kl            | 0.0050332164 |
|    clip_fraction        | 0.0388       |
|    clip_range           | 0.2          |
|    entropy_loss         | -3.5         |
|    explained_variance   | 0.66         |
|    learning_rate        | 0.0003       |
|    loss                 | 28.3         |
|    n_updates            | 2130         |
|    policy_gradient_loss | -0.002       |
|    std                  | 0.789        |
|    value_loss           | 77.2         |
------------------------------------------
-----------------------------------------
| rollout/                |             |
|    ep_len_mean          | 289         |
|    ep_rew_mean          | 251         |
| time/                   |             |
|    fps                  | 776         |
|    iterations           | 215         |
|    time_elapsed         | 318         |
|    total_timesteps      | 247680      |
| train/                  |             |
|    approx_kl            | 0.008589934 |
|    clip_fraction        | 0.0979      |
|    clip_range           | 0.2         |
|    entropy_loss         | -3.5        |
|    explained_variance   | 0.664       |
|    learning_rate        | 0.0003      |
|    loss                 | 40.5        |
|    n_updates            | 2140        |
|    policy_gradient_loss | -0.00335    |
|    std                  | 0.791       |
|    value_loss           | 75.8        |
-----------------------------------------
-----------------------------------------
| rollout/                |             |
|    ep_len_mean          | 289         |
|    ep_rew_mean          | 251         |
| time/                   |             |
|    fps                  | 776         |
|    iterations           | 216         |
|    time_elapsed         | 320         |
|    total_timesteps      | 248832      |
| train/                  |             |
|    approx_kl            | 0.007639938 |
|    clip_fraction        | 0.0718      |
|    clip_range           | 0.2         |
|    entropy_loss         | -3.5        |
|    explained_variance   | 0.666       |
|    learning_rate        | 0.0003      |
|    loss                 | 22.4        |
|    n_updates            | 2150        |
|    policy_gradient_loss | -0.00193    |
|    std                  | 0.792       |
|    value_loss           | 75.9        |
-----------------------------------------
------------------------------------------
| rollout/                |              |
|    ep_len_mean          | 289          |
|    ep_rew_mean          | 251          |
| time/                   |              |
|    fps                  | 777          |
|    iterations           | 217          |
|    time_elapsed         | 321          |
|    total_timesteps      | 249984       |
| train/                  |              |
|    approx_kl            | 0.0042032087 |
|    clip_fraction        | 0.101        |
|    clip_range           | 0.2          |
|    entropy_loss         | -3.5         |
|    explained_variance   | 0.639        |
|    learning_rate        | 0.0003       |
|    loss                 | 58.3         |
|    n_updates            | 2160         |
|    policy_gradient_loss | -0.00241     |
|    std                  | 0.789        |
|    value_loss           | 77.1         |
------------------------------------------
-----------------------------------------
| rollout/                |             |
|    ep_len_mean          | 289         |
|    ep_rew_mean          | 251         |
| time/                   |             |
|    fps                  | 777         |
|    iterations           | 218         |
|    time_elapsed         | 323         |
|    total_timesteps      | 251136      |
| train/                  |             |
|    approx_kl            | 0.010615204 |
|    clip_fraction        | 0.0799      |
|    clip_range           | 0.2         |
|    entropy_loss         | -3.49       |
|    explained_variance   | 0.663       |
|    learning_rate        | 0.0003      |
|    loss                 | 47.6        |
|    n_updates            | 2170        |
|    policy_gradient_loss | -0.00133    |
|    std                  | 0.787       |
|    value_loss           | 78.8        |
-----------------------------------------
-----------------------------------------
| rollout/                |             |
|    ep_len_mean          | 289         |
|    ep_rew_mean          | 251         |
| time/                   |             |
|    fps                  | 777         |
|    iterations           | 219         |
|    time_elapsed         | 324         |
|    total_timesteps      | 252288      |
| train/                  |             |
|    approx_kl            | 0.010426032 |
|    clip_fraction        | 0.0565      |
|    clip_range           | 0.2         |
|    entropy_loss         | -3.5        |
|    explained_variance   | 0.664       |
|    learning_rate        | 0.0003      |
|    loss                 | 56.3        |
|    n_updates            | 2180        |
|    policy_gradient_loss | -0.000861   |
|    std                  | 0.788       |
|    value_loss           | 79.1        |
-----------------------------------------
------------------------------------------
| rollout/                |              |
|    ep_len_mean          | 289          |
|    ep_rew_mean          | 251          |
| time/                   |              |
|    fps                  | 777          |
|    iterations           | 220          |
|    time_elapsed         | 325          |
|    total_timesteps      | 253440       |
| train/                  |              |
|    approx_kl            | 0.0069136596 |
|    clip_fraction        | 0.101        |
|    clip_range           | 0.2          |
|    entropy_loss         | -3.5         |
|    explained_variance   | 0.646        |
|    learning_rate        | 0.0003       |
|    loss                 | 35.2         |
|    n_updates            | 2190         |
|    policy_gradient_loss | -0.00864     |
|    std                  | 0.792        |
|    value_loss           | 78.2         |
------------------------------------------
-----------------------------------------
| rollout/                |             |
|    ep_len_mean          | 289         |
|    ep_rew_mean          | 251         |
| time/                   |             |
|    fps                  | 777         |
|    iterations           | 221         |
|    time_elapsed         | 327         |
|    total_timesteps      | 254592      |
| train/                  |             |
|    approx_kl            | 0.008103503 |
|    clip_fraction        | 0.0673      |
|    clip_range           | 0.2         |
|    entropy_loss         | -3.51       |
|    explained_variance   | 0.651       |
|    learning_rate        | 0.0003      |
|    loss                 | 46.1        |
|    n_updates            | 2200        |
|    policy_gradient_loss | -0.00294    |
|    std                  | 0.793       |
|    value_loss           | 77.5        |
-----------------------------------------
------------------------------------------
| rollout/                |              |
|    ep_len_mean          | 289          |
|    ep_rew_mean          | 251          |
| time/                   |              |
|    fps                  | 778          |
|    iterations           | 222          |
|    time_elapsed         | 328          |
|    total_timesteps      | 255744       |
| train/                  |              |
|    approx_kl            | 0.0037413042 |
|    clip_fraction        | 0.051        |
|    clip_range           | 0.2          |
|    entropy_loss         | -3.51        |
|    explained_variance   | 0.643        |
|    learning_rate        | 0.0003       |
|    loss                 | 38.5         |
|    n_updates            | 2210         |
|    policy_gradient_loss | -0.000884    |
|    std                  | 0.79         |
|    value_loss           | 80.1         |
------------------------------------------
-----------------------------------------
| rollout/                |             |
|    ep_len_mean          | 289         |
|    ep_rew_mean          | 251         |
| time/                   |             |
|    fps                  | 778         |
|    iterations           | 223         |
|    time_elapsed         | 330         |
|    total_timesteps      | 256896      |
| train/                  |             |
|    approx_kl            | 0.009821668 |
|    clip_fraction        | 0.129       |
|    clip_range           | 0.2         |
|    entropy_loss         | -3.51       |
|    explained_variance   | 0.66        |
|    learning_rate        | 0.0003      |
|    loss                 | 38.6        |
|    n_updates            | 2220        |
|    policy_gradient_loss | -0.00748    |
|    std                  | 0.791       |
|    value_loss           | 79.7        |
-----------------------------------------
-----------------------------------------
| rollout/                |             |
|    ep_len_mean          | 289         |
|    ep_rew_mean          | 251         |
| time/                   |             |
|    fps                  | 778         |
|    iterations           | 224         |
|    time_elapsed         | 331         |
|    total_timesteps      | 258048      |
| train/                  |             |
|    approx_kl            | 0.004393014 |
|    clip_fraction        | 0.103       |
|    clip_range           | 0.2         |
|    entropy_loss         | -3.51       |
|    explained_variance   | 0.652       |
|    learning_rate        | 0.0003      |
|    loss                 | 43.2        |
|    n_updates            | 2230        |
|    policy_gradient_loss | -0.00152    |
|    std                  | 0.79        |
|    value_loss           | 77.9        |
-----------------------------------------
------------------------------------------
| rollout/                |              |
|    ep_len_mean          | 289          |
|    ep_rew_mean          | 251          |
| time/                   |              |
|    fps                  | 778          |
|    iterations           | 225          |
|    time_elapsed         | 332          |
|    total_timesteps      | 259200       |
| train/                  |              |
|    approx_kl            | 0.0051608514 |
|    clip_fraction        | 0.0961       |
|    clip_range           | 0.2          |
|    entropy_loss         | -3.49        |
|    explained_variance   | 0.65         |
|    learning_rate        | 0.0003       |
|    loss                 | 67.1         |
|    n_updates            | 2240         |
|    policy_gradient_loss | -0.00454     |
|    std                  | 0.786        |
|    value_loss           | 77.8         |
------------------------------------------
Eval num_timesteps=260000, episode_reward=257.08 +/- 0.00
Episode length: 289.00 +/- 0.00
-----------------------------------------
| eval/                   |             |
|    mean_ep_length       | 289         |
|    mean_reward          | 257         |
| time/                   |             |
|    total_timesteps      | 260000      |
| train/                  |             |
|    approx_kl            | 0.006983707 |
|    clip_fraction        | 0.0646      |
|    clip_range           | 0.2         |
|    entropy_loss         | -3.48       |
|    explained_variance   | 0.622       |
|    learning_rate        | 0.0003      |
|    loss                 | 54.5        |
|    n_updates            | 2250        |
|    policy_gradient_loss | -0.000946   |
|    std                  | 0.786       |
|    value_loss           | 79.4        |
-----------------------------------------
---------------------------------
| rollout/           |          |
|    ep_len_mean     | 289      |
|    ep_rew_mean     | 251      |
| time/              |          |
|    fps             | 775      |
|    iterations      | 226      |
|    time_elapsed    | 335      |
|    total_timesteps | 260352   |
---------------------------------
------------------------------------------
| rollout/                |              |
|    ep_len_mean          | 289          |
|    ep_rew_mean          | 251          |
| time/                   |              |
|    fps                  | 775          |
|    iterations           | 227          |
|    time_elapsed         | 337          |
|    total_timesteps      | 261504       |
| train/                  |              |
|    approx_kl            | 0.0041785175 |
|    clip_fraction        | 0.0471       |
|    clip_range           | 0.2          |
|    entropy_loss         | -3.48        |
|    explained_variance   | 0.6          |
|    learning_rate        | 0.0003       |
|    loss                 | 25.9         |
|    n_updates            | 2260         |
|    policy_gradient_loss | -0.00225     |
|    std                  | 0.782        |
|    value_loss           | 81.5         |
------------------------------------------
-----------------------------------------
| rollout/                |             |
|    ep_len_mean          | 289         |
|    ep_rew_mean          | 251         |
| time/                   |             |
|    fps                  | 775         |
|    iterations           | 228         |
|    time_elapsed         | 338         |
|    total_timesteps      | 262656      |
| train/                  |             |
|    approx_kl            | 0.005794561 |
|    clip_fraction        | 0.0802      |
|    clip_range           | 0.2         |
|    entropy_loss         | -3.47       |
|    explained_variance   | 0.617       |
|    learning_rate        | 0.0003      |
|    loss                 | 38.4        |
|    n_updates            | 2270        |
|    policy_gradient_loss | -0.00214    |
|    std                  | 0.78        |
|    value_loss           | 83.7        |
-----------------------------------------
------------------------------------------
| rollout/                |              |
|    ep_len_mean          | 289          |
|    ep_rew_mean          | 252          |
| time/                   |              |
|    fps                  | 775          |
|    iterations           | 229          |
|    time_elapsed         | 339          |
|    total_timesteps      | 263808       |
| train/                  |              |
|    approx_kl            | 0.0066222795 |
|    clip_fraction        | 0.0312       |
|    clip_range           | 0.2          |
|    entropy_loss         | -3.46        |
|    explained_variance   | 0.619        |
|    learning_rate        | 0.0003       |
|    loss                 | 41.5         |
|    n_updates            | 2280         |
|    policy_gradient_loss | 0.000116     |
|    std                  | 0.777        |
|    value_loss           | 91.6         |
------------------------------------------
-----------------------------------------
| rollout/                |             |
|    ep_len_mean          | 289         |
|    ep_rew_mean          | 252         |
| time/                   |             |
|    fps                  | 776         |
|    iterations           | 230         |
|    time_elapsed         | 341         |
|    total_timesteps      | 264960      |
| train/                  |             |
|    approx_kl            | 0.008283214 |
|    clip_fraction        | 0.084       |
|    clip_range           | 0.2         |
|    entropy_loss         | -3.46       |
|    explained_variance   | 0.619       |
|    learning_rate        | 0.0003      |
|    loss                 | 41.3        |
|    n_updates            | 2290        |
|    policy_gradient_loss | -0.00392    |
|    std                  | 0.779       |
|    value_loss           | 86.1        |
-----------------------------------------
------------------------------------------
| rollout/                |              |
|    ep_len_mean          | 289          |
|    ep_rew_mean          | 252          |
| time/                   |              |
|    fps                  | 776          |
|    iterations           | 231          |
|    time_elapsed         | 342          |
|    total_timesteps      | 266112       |
| train/                  |              |
|    approx_kl            | 0.0047790864 |
|    clip_fraction        | 0.0799       |
|    clip_range           | 0.2          |
|    entropy_loss         | -3.45        |
|    explained_variance   | 0.606        |
|    learning_rate        | 0.0003       |
|    loss                 | 44.2         |
|    n_updates            | 2300         |
|    policy_gradient_loss | -0.000174    |
|    std                  | 0.773        |
|    value_loss           | 81.1         |
------------------------------------------
-----------------------------------------
| rollout/                |             |
|    ep_len_mean          | 289         |
|    ep_rew_mean          | 252         |
| time/                   |             |
|    fps                  | 776         |
|    iterations           | 232         |
|    time_elapsed         | 344         |
|    total_timesteps      | 267264      |
| train/                  |             |
|    approx_kl            | 0.006526394 |
|    clip_fraction        | 0.0574      |
|    clip_range           | 0.2         |
|    entropy_loss         | -3.45       |
|    explained_variance   | 0.59        |
|    learning_rate        | 0.0003      |
|    loss                 | 26.8        |
|    n_updates            | 2310        |
|    policy_gradient_loss | -0.00227    |
|    std                  | 0.779       |
|    value_loss           | 84.1        |
-----------------------------------------
-----------------------------------------
| rollout/                |             |
|    ep_len_mean          | 289         |
|    ep_rew_mean          | 252         |
| time/                   |             |
|    fps                  | 776         |
|    iterations           | 233         |
|    time_elapsed         | 345         |
|    total_timesteps      | 268416      |
| train/                  |             |
|    approx_kl            | 0.008498098 |
|    clip_fraction        | 0.0873      |
|    clip_range           | 0.2         |
|    entropy_loss         | -3.46       |
|    explained_variance   | 0.614       |
|    learning_rate        | 0.0003      |
|    loss                 | 39.1        |
|    n_updates            | 2320        |
|    policy_gradient_loss | -0.00207    |
|    std                  | 0.778       |
|    value_loss           | 84.2        |
-----------------------------------------
------------------------------------------
| rollout/                |              |
|    ep_len_mean          | 289          |
|    ep_rew_mean          | 252          |
| time/                   |              |
|    fps                  | 777          |
|    iterations           | 234          |
|    time_elapsed         | 346          |
|    total_timesteps      | 269568       |
| train/                  |              |
|    approx_kl            | 0.0027027763 |
|    clip_fraction        | 0.076        |
|    clip_range           | 0.2          |
|    entropy_loss         | -3.45        |
|    explained_variance   | 0.625        |
|    learning_rate        | 0.0003       |
|    loss                 | 57.4         |
|    n_updates            | 2330         |
|    policy_gradient_loss | 6.87e-05     |
|    std                  | 0.777        |
|    value_loss           | 87.1         |
------------------------------------------
-----------------------------------------
| rollout/                |             |
|    ep_len_mean          | 289         |
|    ep_rew_mean          | 252         |
| time/                   |             |
|    fps                  | 777         |
|    iterations           | 235         |
|    time_elapsed         | 348         |
|    total_timesteps      | 270720      |
| train/                  |             |
|    approx_kl            | 0.009875978 |
|    clip_fraction        | 0.107       |
|    clip_range           | 0.2         |
|    entropy_loss         | -3.45       |
|    explained_variance   | 0.613       |
|    learning_rate        | 0.0003      |
|    loss                 | 39.8        |
|    n_updates            | 2340        |
|    policy_gradient_loss | -0.0033     |
|    std                  | 0.776       |
|    value_loss           | 86.4        |
-----------------------------------------
------------------------------------------
| rollout/                |              |
|    ep_len_mean          | 289          |
|    ep_rew_mean          | 252          |
| time/                   |              |
|    fps                  | 777          |
|    iterations           | 236          |
|    time_elapsed         | 349          |
|    total_timesteps      | 271872       |
| train/                  |              |
|    approx_kl            | 0.0046730894 |
|    clip_fraction        | 0.0706       |
|    clip_range           | 0.2          |
|    entropy_loss         | -3.44        |
|    explained_variance   | 0.616        |
|    learning_rate        | 0.0003       |
|    loss                 | 32.4         |
|    n_updates            | 2350         |
|    policy_gradient_loss | -0.00275     |
|    std                  | 0.77         |
|    value_loss           | 85.7         |
------------------------------------------
------------------------------------------
| rollout/                |              |
|    ep_len_mean          | 289          |
|    ep_rew_mean          | 252          |
| time/                   |              |
|    fps                  | 777          |
|    iterations           | 237          |
|    time_elapsed         | 351          |
|    total_timesteps      | 273024       |
| train/                  |              |
|    approx_kl            | 0.0070059267 |
|    clip_fraction        | 0.054        |
|    clip_range           | 0.2          |
|    entropy_loss         | -3.42        |
|    explained_variance   | 0.615        |
|    learning_rate        | 0.0003       |
|    loss                 | 42.8         |
|    n_updates            | 2360         |
|    policy_gradient_loss | -0.00333     |
|    std                  | 0.768        |
|    value_loss           | 87.5         |
------------------------------------------
------------------------------------------
| rollout/                |              |
|    ep_len_mean          | 289          |
|    ep_rew_mean          | 252          |
| time/                   |              |
|    fps                  | 777          |
|    iterations           | 238          |
|    time_elapsed         | 352          |
|    total_timesteps      | 274176       |
| train/                  |              |
|    approx_kl            | 0.0071564433 |
|    clip_fraction        | 0.0485       |
|    clip_range           | 0.2          |
|    entropy_loss         | -3.43        |
|    explained_variance   | 0.63         |
|    learning_rate        | 0.0003       |
|    loss                 | 36.3         |
|    n_updates            | 2370         |
|    policy_gradient_loss | 0.000189     |
|    std                  | 0.771        |
|    value_loss           | 87.5         |
------------------------------------------
-----------------------------------------
| rollout/                |             |
|    ep_len_mean          | 289         |
|    ep_rew_mean          | 253         |
| time/                   |             |
|    fps                  | 778         |
|    iterations           | 239         |
|    time_elapsed         | 353         |
|    total_timesteps      | 275328      |
| train/                  |             |
|    approx_kl            | 0.008445024 |
|    clip_fraction        | 0.0707      |
|    clip_range           | 0.2         |
|    entropy_loss         | -3.44       |
|    explained_variance   | 0.603       |
|    learning_rate        | 0.0003      |
|    loss                 | 50.4        |
|    n_updates            | 2380        |
|    policy_gradient_loss | -0.00107    |
|    std                  | 0.773       |
|    value_loss           | 88.3        |
-----------------------------------------
-----------------------------------------
| rollout/                |             |
|    ep_len_mean          | 289         |
|    ep_rew_mean          | 253         |
| time/                   |             |
|    fps                  | 778         |
|    iterations           | 240         |
|    time_elapsed         | 355         |
|    total_timesteps      | 276480      |
| train/                  |             |
|    approx_kl            | 0.011274151 |
|    clip_fraction        | 0.0848      |
|    clip_range           | 0.2         |
|    entropy_loss         | -3.44       |
|    explained_variance   | 0.617       |
|    learning_rate        | 0.0003      |
|    loss                 | 35.7        |
|    n_updates            | 2390        |
|    policy_gradient_loss | -0.00388    |
|    std                  | 0.776       |
|    value_loss           | 89.6        |
-----------------------------------------
------------------------------------------
| rollout/                |              |
|    ep_len_mean          | 289          |
|    ep_rew_mean          | 253          |
| time/                   |              |
|    fps                  | 778          |
|    iterations           | 241          |
|    time_elapsed         | 356          |
|    total_timesteps      | 277632       |
| train/                  |              |
|    approx_kl            | 0.0048535187 |
|    clip_fraction        | 0.112        |
|    clip_range           | 0.2          |
|    entropy_loss         | -3.45        |
|    explained_variance   | 0.603        |
|    learning_rate        | 0.0003       |
|    loss                 | 28.5         |
|    n_updates            | 2400         |
|    policy_gradient_loss | -0.00367     |
|    std                  | 0.774        |
|    value_loss           | 88.5         |
------------------------------------------
------------------------------------------
| rollout/                |              |
|    ep_len_mean          | 289          |
|    ep_rew_mean          | 253          |
| time/                   |              |
|    fps                  | 778          |
|    iterations           | 242          |
|    time_elapsed         | 358          |
|    total_timesteps      | 278784       |
| train/                  |              |
|    approx_kl            | 0.0061027026 |
|    clip_fraction        | 0.0549       |
|    clip_range           | 0.2          |
|    entropy_loss         | -3.44        |
|    explained_variance   | 0.611        |
|    learning_rate        | 0.0003       |
|    loss                 | 53.1         |
|    n_updates            | 2410         |
|    policy_gradient_loss | -0.00192     |
|    std                  | 0.773        |
|    value_loss           | 89           |
------------------------------------------
------------------------------------------
| rollout/                |              |
|    ep_len_mean          | 289          |
|    ep_rew_mean          | 253          |
| time/                   |              |
|    fps                  | 778          |
|    iterations           | 243          |
|    time_elapsed         | 359          |
|    total_timesteps      | 279936       |
| train/                  |              |
|    approx_kl            | 0.0028946975 |
|    clip_fraction        | 0.0609       |
|    clip_range           | 0.2          |
|    entropy_loss         | -3.44        |
|    explained_variance   | 0.61         |
|    learning_rate        | 0.0003       |
|    loss                 | 59.4         |
|    n_updates            | 2420         |
|    policy_gradient_loss | -0.000352    |
|    std                  | 0.772        |
|    value_loss           | 90.6         |
------------------------------------------
Eval num_timesteps=280000, episode_reward=257.08 +/- 0.00
Episode length: 289.00 +/- 0.00
------------------------------------------
| eval/                   |              |
|    mean_ep_length       | 289          |
|    mean_reward          | 257          |
| time/                   |              |
|    total_timesteps      | 280000       |
| train/                  |              |
|    approx_kl            | 0.0047846455 |
|    clip_fraction        | 0.0595       |
|    clip_range           | 0.2          |
|    entropy_loss         | -3.43        |
|    explained_variance   | 0.629        |
|    learning_rate        | 0.0003       |
|    loss                 | 49.3         |
|    n_updates            | 2430         |
|    policy_gradient_loss | -0.00293     |
|    std                  | 0.767        |
|    value_loss           | 88           |
------------------------------------------
---------------------------------
| rollout/           |          |
|    ep_len_mean     | 289      |
|    ep_rew_mean     | 253      |
| time/              |          |
|    fps             | 775      |
|    iterations      | 244      |
|    time_elapsed    | 362      |
|    total_timesteps | 281088   |
---------------------------------
------------------------------------------
| rollout/                |              |
|    ep_len_mean          | 289          |
|    ep_rew_mean          | 253          |
| time/                   |              |
|    fps                  | 775          |
|    iterations           | 245          |
|    time_elapsed         | 363          |
|    total_timesteps      | 282240       |
| train/                  |              |
|    approx_kl            | 0.0073920926 |
|    clip_fraction        | 0.0829       |
|    clip_range           | 0.2          |
|    entropy_loss         | -3.42        |
|    explained_variance   | 0.637        |
|    learning_rate        | 0.0003       |
|    loss                 | 40.2         |
|    n_updates            | 2440         |
|    policy_gradient_loss | -0.0032      |
|    std                  | 0.765        |
|    value_loss           | 87.9         |
------------------------------------------
-----------------------------------------
| rollout/                |             |
|    ep_len_mean          | 289         |
|    ep_rew_mean          | 253         |
| time/                   |             |
|    fps                  | 775         |
|    iterations           | 246         |
|    time_elapsed         | 365         |
|    total_timesteps      | 283392      |
| train/                  |             |
|    approx_kl            | 0.004859356 |
|    clip_fraction        | 0.0714      |
|    clip_range           | 0.2         |
|    entropy_loss         | -3.42       |
|    explained_variance   | 0.644       |
|    learning_rate        | 0.0003      |
|    loss                 | 36.2        |
|    n_updates            | 2450        |
|    policy_gradient_loss | -0.00307    |
|    std                  | 0.769       |
|    value_loss           | 87.6        |
-----------------------------------------
-----------------------------------------
| rollout/                |             |
|    ep_len_mean          | 289         |
|    ep_rew_mean          | 253         |
| time/                   |             |
|    fps                  | 776         |
|    iterations           | 247         |
|    time_elapsed         | 366         |
|    total_timesteps      | 284544      |
| train/                  |             |
|    approx_kl            | 0.010277316 |
|    clip_fraction        | 0.0442      |
|    clip_range           | 0.2         |
|    entropy_loss         | -3.42       |
|    explained_variance   | 0.639       |
|    learning_rate        | 0.0003      |
|    loss                 | 38.9        |
|    n_updates            | 2460        |
|    policy_gradient_loss | -0.000712   |
|    std                  | 0.768       |
|    value_loss           | 83.9        |
-----------------------------------------
------------------------------------------
| rollout/                |              |
|    ep_len_mean          | 289          |
|    ep_rew_mean          | 253          |
| time/                   |              |
|    fps                  | 776          |
|    iterations           | 248          |
|    time_elapsed         | 368          |
|    total_timesteps      | 285696       |
| train/                  |              |
|    approx_kl            | 0.0046668416 |
|    clip_fraction        | 0.0309       |
|    clip_range           | 0.2          |
|    entropy_loss         | -3.42        |
|    explained_variance   | 0.65         |
|    learning_rate        | 0.0003       |
|    loss                 | 65           |
|    n_updates            | 2470         |
|    policy_gradient_loss | -0.00341     |
|    std                  | 0.77         |
|    value_loss           | 81.5         |
------------------------------------------
------------------------------------------
| rollout/                |              |
|    ep_len_mean          | 289          |
|    ep_rew_mean          | 253          |
| time/                   |              |
|    fps                  | 776          |
|    iterations           | 249          |
|    time_elapsed         | 369          |
|    total_timesteps      | 286848       |
| train/                  |              |
|    approx_kl            | 0.0049079936 |
|    clip_fraction        | 0.0602       |
|    clip_range           | 0.2          |
|    entropy_loss         | -3.42        |
|    explained_variance   | 0.645        |
|    learning_rate        | 0.0003       |
|    loss                 | 52.2         |
|    n_updates            | 2480         |
|    policy_gradient_loss | 0.000164     |
|    std                  | 0.763        |
|    value_loss           | 79.9         |
------------------------------------------
----------------------------------------
| rollout/                |            |
|    ep_len_mean          | 289        |
|    ep_rew_mean          | 253        |
| time/                   |            |
|    fps                  | 776        |
|    iterations           | 250        |
|    time_elapsed         | 370        |
|    total_timesteps      | 288000     |
| train/                  |            |
|    approx_kl            | 0.01324774 |
|    clip_fraction        | 0.0956     |
|    clip_range           | 0.2        |
|    entropy_loss         | -3.41      |
|    explained_variance   | 0.647      |
|    learning_rate        | 0.0003     |
|    loss                 | 31.9       |
|    n_updates            | 2490       |
|    policy_gradient_loss | -0.00279   |
|    std                  | 0.765      |
|    value_loss           | 79.1       |
----------------------------------------
-----------------------------------------
| rollout/                |             |
|    ep_len_mean          | 289         |
|    ep_rew_mean          | 253         |
| time/                   |             |
|    fps                  | 776         |
|    iterations           | 251         |
|    time_elapsed         | 372         |
|    total_timesteps      | 289152      |
| train/                  |             |
|    approx_kl            | 0.010636862 |
|    clip_fraction        | 0.0905      |
|    clip_range           | 0.2         |
|    entropy_loss         | -3.42       |
|    explained_variance   | 0.639       |
|    learning_rate        | 0.0003      |
|    loss                 | 31.6        |
|    n_updates            | 2500        |
|    policy_gradient_loss | -0.0028     |
|    std                  | 0.768       |
|    value_loss           | 77.4        |
-----------------------------------------
-----------------------------------------
| rollout/                |             |
|    ep_len_mean          | 289         |
|    ep_rew_mean          | 253         |
| time/                   |             |
|    fps                  | 777         |
|    iterations           | 252         |
|    time_elapsed         | 373         |
|    total_timesteps      | 290304      |
| train/                  |             |
|    approx_kl            | 0.008736778 |
|    clip_fraction        | 0.0477      |
|    clip_range           | 0.2         |
|    entropy_loss         | -3.41       |
|    explained_variance   | 0.606       |
|    learning_rate        | 0.0003      |
|    loss                 | 38.6        |
|    n_updates            | 2510        |
|    policy_gradient_loss | -0.00221    |
|    std                  | 0.763       |
|    value_loss           | 79.4        |
-----------------------------------------
------------------------------------------
| rollout/                |              |
|    ep_len_mean          | 289          |
|    ep_rew_mean          | 253          |
| time/                   |              |
|    fps                  | 777          |
|    iterations           | 253          |
|    time_elapsed         | 375          |
|    total_timesteps      | 291456       |
| train/                  |              |
|    approx_kl            | 0.0059859958 |
|    clip_fraction        | 0.068        |
|    clip_range           | 0.2          |
|    entropy_loss         | -3.39        |
|    explained_variance   | 0.632        |
|    learning_rate        | 0.0003       |
|    loss                 | 64.5         |
|    n_updates            | 2520         |
|    policy_gradient_loss | -0.000395    |
|    std                  | 0.759        |
|    value_loss           | 82.6         |
------------------------------------------
------------------------------------------
| rollout/                |              |
|    ep_len_mean          | 289          |
|    ep_rew_mean          | 253          |
| time/                   |              |
|    fps                  | 777          |
|    iterations           | 254          |
|    time_elapsed         | 376          |
|    total_timesteps      | 292608       |
| train/                  |              |
|    approx_kl            | 0.0040747765 |
|    clip_fraction        | 0.0422       |
|    clip_range           | 0.2          |
|    entropy_loss         | -3.37        |
|    explained_variance   | 0.646        |
|    learning_rate        | 0.0003       |
|    loss                 | 43.6         |
|    n_updates            | 2530         |
|    policy_gradient_loss | -0.000967    |
|    std                  | 0.754        |
|    value_loss           | 81.6         |
------------------------------------------
-----------------------------------------
| rollout/                |             |
|    ep_len_mean          | 289         |
|    ep_rew_mean          | 253         |
| time/                   |             |
|    fps                  | 777         |
|    iterations           | 255         |
|    time_elapsed         | 377         |
|    total_timesteps      | 293760      |
| train/                  |             |
|    approx_kl            | 0.018518059 |
|    clip_fraction        | 0.0991      |
|    clip_range           | 0.2         |
|    entropy_loss         | -3.36       |
|    explained_variance   | 0.639       |
|    learning_rate        | 0.0003      |
|    loss                 | 38          |
|    n_updates            | 2540        |
|    policy_gradient_loss | -0.00221    |
|    std                  | 0.753       |
|    value_loss           | 81.4        |
-----------------------------------------
------------------------------------------
| rollout/                |              |
|    ep_len_mean          | 289          |
|    ep_rew_mean          | 253          |
| time/                   |              |
|    fps                  | 777          |
|    iterations           | 256          |
|    time_elapsed         | 379          |
|    total_timesteps      | 294912       |
| train/                  |              |
|    approx_kl            | 0.0073815444 |
|    clip_fraction        | 0.0997       |
|    clip_range           | 0.2          |
|    entropy_loss         | -3.36        |
|    explained_variance   | 0.64         |
|    learning_rate        | 0.0003       |
|    loss                 | 58.2         |
|    n_updates            | 2550         |
|    policy_gradient_loss | -0.00143     |
|    std                  | 0.753        |
|    value_loss           | 83.6         |
------------------------------------------
-----------------------------------------
| rollout/                |             |
|    ep_len_mean          | 289         |
|    ep_rew_mean          | 253         |
| time/                   |             |
|    fps                  | 777         |
|    iterations           | 257         |
|    time_elapsed         | 380         |
|    total_timesteps      | 296064      |
| train/                  |             |
|    approx_kl            | 0.006938217 |
|    clip_fraction        | 0.0648      |
|    clip_range           | 0.2         |
|    entropy_loss         | -3.37       |
|    explained_variance   | 0.644       |
|    learning_rate        | 0.0003      |
|    loss                 | 29.7        |
|    n_updates            | 2560        |
|    policy_gradient_loss | -0.00233    |
|    std                  | 0.753       |
|    value_loss           | 83.2        |
-----------------------------------------
-----------------------------------------
| rollout/                |             |
|    ep_len_mean          | 289         |
|    ep_rew_mean          | 253         |
| time/                   |             |
|    fps                  | 778         |
|    iterations           | 258         |
|    time_elapsed         | 382         |
|    total_timesteps      | 297216      |
| train/                  |             |
|    approx_kl            | 0.010150605 |
|    clip_fraction        | 0.0769      |
|    clip_range           | 0.2         |
|    entropy_loss         | -3.36       |
|    explained_variance   | 0.629       |
|    learning_rate        | 0.0003      |
|    loss                 | 52.4        |
|    n_updates            | 2570        |
|    policy_gradient_loss | -0.00132    |
|    std                  | 0.752       |
|    value_loss           | 85          |
-----------------------------------------
------------------------------------------
| rollout/                |              |
|    ep_len_mean          | 289          |
|    ep_rew_mean          | 253          |
| time/                   |              |
|    fps                  | 778          |
|    iterations           | 259          |
|    time_elapsed         | 383          |
|    total_timesteps      | 298368       |
| train/                  |              |
|    approx_kl            | 0.0058365325 |
|    clip_fraction        | 0.0527       |
|    clip_range           | 0.2          |
|    entropy_loss         | -3.37        |
|    explained_variance   | 0.632        |
|    learning_rate        | 0.0003       |
|    loss                 | 45.3         |
|    n_updates            | 2580         |
|    policy_gradient_loss | -0.0019      |
|    std                  | 0.755        |
|    value_loss           | 83.7         |
------------------------------------------
-----------------------------------------
| rollout/                |             |
|    ep_len_mean          | 289         |
|    ep_rew_mean          | 253         |
| time/                   |             |
|    fps                  | 778         |
|    iterations           | 260         |
|    time_elapsed         | 384         |
|    total_timesteps      | 299520      |
| train/                  |             |
|    approx_kl            | 0.004433146 |
|    clip_fraction        | 0.077       |
|    clip_range           | 0.2         |
|    entropy_loss         | -3.37       |
|    explained_variance   | 0.629       |
|    learning_rate        | 0.0003      |
|    loss                 | 28.2        |
|    n_updates            | 2590        |
|    policy_gradient_loss | -0.00201    |
|    std                  | 0.755       |
|    value_loss           | 86.7        |
-----------------------------------------
Eval num_timesteps=300000, episode_reward=257.08 +/- 0.00
Episode length: 289.00 +/- 0.00
------------------------------------------
| eval/                   |              |
|    mean_ep_length       | 289          |
|    mean_reward          | 257          |
| time/                   |              |
|    total_timesteps      | 300000       |
| train/                  |              |
|    approx_kl            | 0.0027035677 |
|    clip_fraction        | 0.0417       |
|    clip_range           | 0.2          |
|    entropy_loss         | -3.37        |
|    explained_variance   | 0.618        |
|    learning_rate        | 0.0003       |
|    loss                 | 32.2         |
|    n_updates            | 2600         |
|    policy_gradient_loss | -0.00183     |
|    std                  | 0.755        |
|    value_loss           | 84.9         |
------------------------------------------
---------------------------------
| rollout/           |          |
|    ep_len_mean     | 289      |
|    ep_rew_mean     | 253      |
| time/              |          |
|    fps             | 775      |
|    iterations      | 261      |
|    time_elapsed    | 387      |
|    total_timesteps | 300672   |
---------------------------------
-----------------------------------------
| rollout/                |             |
|    ep_len_mean          | 289         |
|    ep_rew_mean          | 253         |
| time/                   |             |
|    fps                  | 775         |
|    iterations           | 262         |
|    time_elapsed         | 389         |
|    total_timesteps      | 301824      |
| train/                  |             |
|    approx_kl            | 0.012678962 |
|    clip_fraction        | 0.117       |
|    clip_range           | 0.2         |
|    entropy_loss         | -3.37       |
|    explained_variance   | 0.635       |
|    learning_rate        | 0.0003      |
|    loss                 | 30.2        |
|    n_updates            | 2610        |
|    policy_gradient_loss | -0.00562    |
|    std                  | 0.756       |
|    value_loss           | 87.9        |
-----------------------------------------
-----------------------------------------
| rollout/                |             |
|    ep_len_mean          | 289         |
|    ep_rew_mean          | 253         |
| time/                   |             |
|    fps                  | 775         |
|    iterations           | 263         |
|    time_elapsed         | 390         |
|    total_timesteps      | 302976      |
| train/                  |             |
|    approx_kl            | 0.006037925 |
|    clip_fraction        | 0.121       |
|    clip_range           | 0.2         |
|    entropy_loss         | -3.38       |
|    explained_variance   | 0.627       |
|    learning_rate        | 0.0003      |
|    loss                 | 65.7        |
|    n_updates            | 2620        |
|    policy_gradient_loss | -0.00735    |
|    std                  | 0.76        |
|    value_loss           | 87.3        |
-----------------------------------------
-----------------------------------------
| rollout/                |             |
|    ep_len_mean          | 289         |
|    ep_rew_mean          | 253         |
| time/                   |             |
|    fps                  | 775         |
|    iterations           | 264         |
|    time_elapsed         | 392         |
|    total_timesteps      | 304128      |
| train/                  |             |
|    approx_kl            | 0.012528393 |
|    clip_fraction        | 0.0546      |
|    clip_range           | 0.2         |
|    entropy_loss         | -3.4        |
|    explained_variance   | 0.624       |
|    learning_rate        | 0.0003      |
|    loss                 | 60.7        |
|    n_updates            | 2630        |
|    policy_gradient_loss | -0.000983   |
|    std                  | 0.763       |
|    value_loss           | 87.9        |
-----------------------------------------
------------------------------------------
| rollout/                |              |
|    ep_len_mean          | 289          |
|    ep_rew_mean          | 253          |
| time/                   |              |
|    fps                  | 775          |
|    iterations           | 265          |
|    time_elapsed         | 393          |
|    total_timesteps      | 305280       |
| train/                  |              |
|    approx_kl            | 0.0049633486 |
|    clip_fraction        | 0.0714       |
|    clip_range           | 0.2          |
|    entropy_loss         | -3.39        |
|    explained_variance   | 0.635        |
|    learning_rate        | 0.0003       |
|    loss                 | 53.2         |
|    n_updates            | 2640         |
|    policy_gradient_loss | -0.0038      |
|    std                  | 0.758        |
|    value_loss           | 89.3         |
------------------------------------------
------------------------------------------
| rollout/                |              |
|    ep_len_mean          | 289          |
|    ep_rew_mean          | 253          |
| time/                   |              |
|    fps                  | 776          |
|    iterations           | 266          |
|    time_elapsed         | 394          |
|    total_timesteps      | 306432       |
| train/                  |              |
|    approx_kl            | 0.0040984107 |
|    clip_fraction        | 0.0574       |
|    clip_range           | 0.2          |
|    entropy_loss         | -3.39        |
|    explained_variance   | 0.657        |
|    learning_rate        | 0.0003       |
|    loss                 | 39.7         |
|    n_updates            | 2650         |
|    policy_gradient_loss | -0.000791    |
|    std                  | 0.761        |
|    value_loss           | 88.1         |
------------------------------------------
------------------------------------------
| rollout/                |              |
|    ep_len_mean          | 289          |
|    ep_rew_mean          | 253          |
| time/                   |              |
|    fps                  | 776          |
|    iterations           | 267          |
|    time_elapsed         | 396          |
|    total_timesteps      | 307584       |
| train/                  |              |
|    approx_kl            | 0.0041629877 |
|    clip_fraction        | 0.0818       |
|    clip_range           | 0.2          |
|    entropy_loss         | -3.4         |
|    explained_variance   | 0.65         |
|    learning_rate        | 0.0003       |
|    loss                 | 39.3         |
|    n_updates            | 2660         |
|    policy_gradient_loss | -0.00295     |
|    std                  | 0.761        |
|    value_loss           | 87.2         |
------------------------------------------
-----------------------------------------
| rollout/                |             |
|    ep_len_mean          | 289         |
|    ep_rew_mean          | 253         |
| time/                   |             |
|    fps                  | 776         |
|    iterations           | 268         |
|    time_elapsed         | 397         |
|    total_timesteps      | 308736      |
| train/                  |             |
|    approx_kl            | 0.006228784 |
|    clip_fraction        | 0.0734      |
|    clip_range           | 0.2         |
|    entropy_loss         | -3.4        |
|    explained_variance   | 0.627       |
|    learning_rate        | 0.0003      |
|    loss                 | 28.7        |
|    n_updates            | 2670        |
|    policy_gradient_loss | 0.000508    |
|    std                  | 0.76        |
|    value_loss           | 85.6        |
-----------------------------------------
-----------------------------------------
| rollout/                |             |
|    ep_len_mean          | 289         |
|    ep_rew_mean          | 253         |
| time/                   |             |
|    fps                  | 776         |
|    iterations           | 269         |
|    time_elapsed         | 399         |
|    total_timesteps      | 309888      |
| train/                  |             |
|    approx_kl            | 0.011133131 |
|    clip_fraction        | 0.106       |
|    clip_range           | 0.2         |
|    entropy_loss         | -3.39       |
|    explained_variance   | 0.631       |
|    learning_rate        | 0.0003      |
|    loss                 | 57.7        |
|    n_updates            | 2680        |
|    policy_gradient_loss | -0.000865   |
|    std                  | 0.758       |
|    value_loss           | 88.8        |
-----------------------------------------
------------------------------------------
| rollout/                |              |
|    ep_len_mean          | 289          |
|    ep_rew_mean          | 253          |
| time/                   |              |
|    fps                  | 776          |
|    iterations           | 270          |
|    time_elapsed         | 400          |
|    total_timesteps      | 311040       |
| train/                  |              |
|    approx_kl            | 0.0033993195 |
|    clip_fraction        | 0.0809       |
|    clip_range           | 0.2          |
|    entropy_loss         | -3.38        |
|    explained_variance   | 0.605        |
|    learning_rate        | 0.0003       |
|    loss                 | 46.6         |
|    n_updates            | 2690         |
|    policy_gradient_loss | -0.00499     |
|    std                  | 0.752        |
|    value_loss           | 86.5         |
------------------------------------------
------------------------------------------
| rollout/                |              |
|    ep_len_mean          | 289          |
|    ep_rew_mean          | 253          |
| time/                   |              |
|    fps                  | 776          |
|    iterations           | 271          |
|    time_elapsed         | 401          |
|    total_timesteps      | 312192       |
| train/                  |              |
|    approx_kl            | 0.0044574537 |
|    clip_fraction        | 0.061        |
|    clip_range           | 0.2          |
|    entropy_loss         | -3.36        |
|    explained_variance   | 0.634        |
|    learning_rate        | 0.0003       |
|    loss                 | 60.5         |
|    n_updates            | 2700         |
|    policy_gradient_loss | 0.000543     |
|    std                  | 0.751        |
|    value_loss           | 89.9         |
------------------------------------------
-----------------------------------------
| rollout/                |             |
|    ep_len_mean          | 289         |
|    ep_rew_mean          | 253         |
| time/                   |             |
|    fps                  | 777         |
|    iterations           | 272         |
|    time_elapsed         | 403         |
|    total_timesteps      | 313344      |
| train/                  |             |
|    approx_kl            | 0.006047455 |
|    clip_fraction        | 0.0732      |
|    clip_range           | 0.2         |
|    entropy_loss         | -3.34       |
|    explained_variance   | 0.63        |
|    learning_rate        | 0.0003      |
|    loss                 | 30.2        |
|    n_updates            | 2710        |
|    policy_gradient_loss | -0.00503    |
|    std                  | 0.745       |
|    value_loss           | 87.5        |
-----------------------------------------
-----------------------------------------
| rollout/                |             |
|    ep_len_mean          | 289         |
|    ep_rew_mean          | 253         |
| time/                   |             |
|    fps                  | 777         |
|    iterations           | 273         |
|    time_elapsed         | 404         |
|    total_timesteps      | 314496      |
| train/                  |             |
|    approx_kl            | 0.009570001 |
|    clip_fraction        | 0.154       |
|    clip_range           | 0.2         |
|    entropy_loss         | -3.32       |
|    explained_variance   | 0.64        |
|    learning_rate        | 0.0003      |
|    loss                 | 73.7        |
|    n_updates            | 2720        |
|    policy_gradient_loss | 0.00104     |
|    std                  | 0.741       |
|    value_loss           | 88.5        |
-----------------------------------------
------------------------------------------
| rollout/                |              |
|    ep_len_mean          | 289          |
|    ep_rew_mean          | 253          |
| time/                   |              |
|    fps                  | 777          |
|    iterations           | 274          |
|    time_elapsed         | 405          |
|    total_timesteps      | 315648       |
| train/                  |              |
|    approx_kl            | 0.0055285916 |
|    clip_fraction        | 0.0353       |
|    clip_range           | 0.2          |
|    entropy_loss         | -3.31        |
|    explained_variance   | 0.631        |
|    learning_rate        | 0.0003       |
|    loss                 | 32.8         |
|    n_updates            | 2730         |
|    policy_gradient_loss | 0.00132      |
|    std                  | 0.742        |
|    value_loss           | 87.8         |
------------------------------------------
------------------------------------------
| rollout/                |              |
|    ep_len_mean          | 289          |
|    ep_rew_mean          | 253          |
| time/                   |              |
|    fps                  | 777          |
|    iterations           | 275          |
|    time_elapsed         | 407          |
|    total_timesteps      | 316800       |
| train/                  |              |
|    approx_kl            | 0.0034217415 |
|    clip_fraction        | 0.0661       |
|    clip_range           | 0.2          |
|    entropy_loss         | -3.31        |
|    explained_variance   | 0.629        |
|    learning_rate        | 0.0003       |
|    loss                 | 57.9         |
|    n_updates            | 2740         |
|    policy_gradient_loss | 0.000684     |
|    std                  | 0.74         |
|    value_loss           | 88.1         |
------------------------------------------
------------------------------------------
| rollout/                |              |
|    ep_len_mean          | 289          |
|    ep_rew_mean          | 253          |
| time/                   |              |
|    fps                  | 777          |
|    iterations           | 276          |
|    time_elapsed         | 408          |
|    total_timesteps      | 317952       |
| train/                  |              |
|    approx_kl            | 0.0037239129 |
|    clip_fraction        | 0.0495       |
|    clip_range           | 0.2          |
|    entropy_loss         | -3.31        |
|    explained_variance   | 0.619        |
|    learning_rate        | 0.0003       |
|    loss                 | 53.7         |
|    n_updates            | 2750         |
|    policy_gradient_loss | -0.000741    |
|    std                  | 0.742        |
|    value_loss           | 88           |
------------------------------------------
-----------------------------------------
| rollout/                |             |
|    ep_len_mean          | 289         |
|    ep_rew_mean          | 253         |
| time/                   |             |
|    fps                  | 778         |
|    iterations           | 277         |
|    time_elapsed         | 410         |
|    total_timesteps      | 319104      |
| train/                  |             |
|    approx_kl            | 0.005104107 |
|    clip_fraction        | 0.0782      |
|    clip_range           | 0.2         |
|    entropy_loss         | -3.31       |
|    explained_variance   | 0.633       |
|    learning_rate        | 0.0003      |
|    loss                 | 44.6        |
|    n_updates            | 2760        |
|    policy_gradient_loss | -0.00472    |
|    std                  | 0.739       |
|    value_loss           | 89.6        |
-----------------------------------------
Eval num_timesteps=320000, episode_reward=257.08 +/- 0.00
Episode length: 289.00 +/- 0.00
------------------------------------------
| eval/                   |              |
|    mean_ep_length       | 289          |
|    mean_reward          | 257          |
| time/                   |              |
|    total_timesteps      | 320000       |
| train/                  |              |
|    approx_kl            | 0.0037137067 |
|    clip_fraction        | 0.0437       |
|    clip_range           | 0.2          |
|    entropy_loss         | -3.3         |
|    explained_variance   | 0.631        |
|    learning_rate        | 0.0003       |
|    loss                 | 42.7         |
|    n_updates            | 2770         |
|    policy_gradient_loss | 0.000808     |
|    std                  | 0.738        |
|    value_loss           | 88.8         |
------------------------------------------
---------------------------------
| rollout/           |          |
|    ep_len_mean     | 289      |
|    ep_rew_mean     | 253      |
| time/              |          |
|    fps             | 775      |
|    iterations      | 278      |
|    time_elapsed    | 413      |
|    total_timesteps | 320256   |
---------------------------------
-----------------------------------------
| rollout/                |             |
|    ep_len_mean          | 289         |
|    ep_rew_mean          | 253         |
| time/                   |             |
|    fps                  | 775         |
|    iterations           | 279         |
|    time_elapsed         | 414         |
|    total_timesteps      | 321408      |
| train/                  |             |
|    approx_kl            | 0.014637536 |
|    clip_fraction        | 0.0877      |
|    clip_range           | 0.2         |
|    entropy_loss         | -3.3        |
|    explained_variance   | 0.632       |
|    learning_rate        | 0.0003      |
|    loss                 | 50          |
|    n_updates            | 2780        |
|    policy_gradient_loss | -0.00122    |
|    std                  | 0.735       |
|    value_loss           | 90.2        |
-----------------------------------------
-----------------------------------------
| rollout/                |             |
|    ep_len_mean          | 289         |
|    ep_rew_mean          | 253         |
| time/                   |             |
|    fps                  | 775         |
|    iterations           | 280         |
|    time_elapsed         | 415         |
|    total_timesteps      | 322560      |
| train/                  |             |
|    approx_kl            | 0.008660334 |
|    clip_fraction        | 0.0588      |
|    clip_range           | 0.2         |
|    entropy_loss         | -3.28       |
|    explained_variance   | 0.631       |
|    learning_rate        | 0.0003      |
|    loss                 | 42.3        |
|    n_updates            | 2790        |
|    policy_gradient_loss | -0.00164    |
|    std                  | 0.73        |
|    value_loss           | 90.4        |
-----------------------------------------
------------------------------------------
| rollout/                |              |
|    ep_len_mean          | 289          |
|    ep_rew_mean          | 253          |
| time/                   |              |
|    fps                  | 775          |
|    iterations           | 281          |
|    time_elapsed         | 417          |
|    total_timesteps      | 323712       |
| train/                  |              |
|    approx_kl            | 0.0073048864 |
|    clip_fraction        | 0.0946       |
|    clip_range           | 0.2          |
|    entropy_loss         | -3.29        |
|    explained_variance   | 0.594        |
|    learning_rate        | 0.0003       |
|    loss                 | 51.6         |
|    n_updates            | 2800         |
|    policy_gradient_loss | -0.00336     |
|    std                  | 0.736        |
|    value_loss           | 88.7         |
------------------------------------------
-----------------------------------------
| rollout/                |             |
|    ep_len_mean          | 289         |
|    ep_rew_mean          | 253         |
| time/                   |             |
|    fps                  | 775         |
|    iterations           | 282         |
|    time_elapsed         | 418         |
|    total_timesteps      | 324864      |
| train/                  |             |
|    approx_kl            | 0.003636225 |
|    clip_fraction        | 0.0794      |
|    clip_range           | 0.2         |
|    entropy_loss         | -3.3        |
|    explained_variance   | 0.598       |
|    learning_rate        | 0.0003      |
|    loss                 | 41.4        |
|    n_updates            | 2810        |
|    policy_gradient_loss | -0.00315    |
|    std                  | 0.736       |
|    value_loss           | 90.7        |
-----------------------------------------
------------------------------------------
| rollout/                |              |
|    ep_len_mean          | 289          |
|    ep_rew_mean          | 253          |
| time/                   |              |
|    fps                  | 776          |
|    iterations           | 283          |
|    time_elapsed         | 420          |
|    total_timesteps      | 326016       |
| train/                  |              |
|    approx_kl            | 0.0046513597 |
|    clip_fraction        | 0.0515       |
|    clip_range           | 0.2          |
|    entropy_loss         | -3.3         |
|    explained_variance   | 0.612        |
|    learning_rate        | 0.0003       |
|    loss                 | 26           |
|    n_updates            | 2820         |
|    policy_gradient_loss | -0.00269     |
|    std                  | 0.737        |
|    value_loss           | 91.4         |
------------------------------------------
------------------------------------------
| rollout/                |              |
|    ep_len_mean          | 289          |
|    ep_rew_mean          | 253          |
| time/                   |              |
|    fps                  | 776          |
|    iterations           | 284          |
|    time_elapsed         | 421          |
|    total_timesteps      | 327168       |
| train/                  |              |
|    approx_kl            | 0.0077905785 |
|    clip_fraction        | 0.0603       |
|    clip_range           | 0.2          |
|    entropy_loss         | -3.29        |
|    explained_variance   | 0.629        |
|    learning_rate        | 0.0003       |
|    loss                 | 59.4         |
|    n_updates            | 2830         |
|    policy_gradient_loss | -0.00293     |
|    std                  | 0.729        |
|    value_loss           | 92.1         |
------------------------------------------
------------------------------------------
| rollout/                |              |
|    ep_len_mean          | 289          |
|    ep_rew_mean          | 253          |
| time/                   |              |
|    fps                  | 776          |
|    iterations           | 285          |
|    time_elapsed         | 422          |
|    total_timesteps      | 328320       |
| train/                  |              |
|    approx_kl            | 0.0089838775 |
|    clip_fraction        | 0.0644       |
|    clip_range           | 0.2          |
|    entropy_loss         | -3.27        |
|    explained_variance   | 0.638        |
|    learning_rate        | 0.0003       |
|    loss                 | 40.7         |
|    n_updates            | 2840         |
|    policy_gradient_loss | -0.00304     |
|    std                  | 0.727        |
|    value_loss           | 92.3         |
------------------------------------------
-----------------------------------------
| rollout/                |             |
|    ep_len_mean          | 289         |
|    ep_rew_mean          | 253         |
| time/                   |             |
|    fps                  | 776         |
|    iterations           | 286         |
|    time_elapsed         | 424         |
|    total_timesteps      | 329472      |
| train/                  |             |
|    approx_kl            | 0.005970807 |
|    clip_fraction        | 0.0306      |
|    clip_range           | 0.2         |
|    entropy_loss         | -3.26       |
|    explained_variance   | 0.636       |
|    learning_rate        | 0.0003      |
|    loss                 | 47.6        |
|    n_updates            | 2850        |
|    policy_gradient_loss | -5.08e-05   |
|    std                  | 0.727       |
|    value_loss           | 89.9        |
-----------------------------------------
-----------------------------------------
| rollout/                |             |
|    ep_len_mean          | 289         |
|    ep_rew_mean          | 253         |
| time/                   |             |
|    fps                  | 776         |
|    iterations           | 287         |
|    time_elapsed         | 425         |
|    total_timesteps      | 330624      |
| train/                  |             |
|    approx_kl            | 0.007558494 |
|    clip_fraction        | 0.047       |
|    clip_range           | 0.2         |
|    entropy_loss         | -3.27       |
|    explained_variance   | 0.641       |
|    learning_rate        | 0.0003      |
|    loss                 | 41.8        |
|    n_updates            | 2860        |
|    policy_gradient_loss | -0.00216    |
|    std                  | 0.729       |
|    value_loss           | 90.3        |
-----------------------------------------
-----------------------------------------
| rollout/                |             |
|    ep_len_mean          | 289         |
|    ep_rew_mean          | 253         |
| time/                   |             |
|    fps                  | 776         |
|    iterations           | 288         |
|    time_elapsed         | 427         |
|    total_timesteps      | 331776      |
| train/                  |             |
|    approx_kl            | 0.039297923 |
|    clip_fraction        | 0.181       |
|    clip_range           | 0.2         |
|    entropy_loss         | -3.27       |
|    explained_variance   | 0.644       |
|    learning_rate        | 0.0003      |
|    loss                 | 28.1        |
|    n_updates            | 2870        |
|    policy_gradient_loss | 0.00021     |
|    std                  | 0.733       |
|    value_loss           | 86.8        |
-----------------------------------------
-----------------------------------------
| rollout/                |             |
|    ep_len_mean          | 289         |
|    ep_rew_mean          | 253         |
| time/                   |             |
|    fps                  | 777         |
|    iterations           | 289         |
|    time_elapsed         | 428         |
|    total_timesteps      | 332928      |
| train/                  |             |
|    approx_kl            | 0.015403207 |
|    clip_fraction        | 0.142       |
|    clip_range           | 0.2         |
|    entropy_loss         | -3.28       |
|    explained_variance   | 0.645       |
|    learning_rate        | 0.0003      |
|    loss                 | 39.3        |
|    n_updates            | 2880        |
|    policy_gradient_loss | -0.00705    |
|    std                  | 0.733       |
|    value_loss           | 86.8        |
-----------------------------------------
------------------------------------------
| rollout/                |              |
|    ep_len_mean          | 289          |
|    ep_rew_mean          | 253          |
| time/                   |              |
|    fps                  | 777          |
|    iterations           | 290          |
|    time_elapsed         | 429          |
|    total_timesteps      | 334080       |
| train/                  |              |
|    approx_kl            | 0.0057678544 |
|    clip_fraction        | 0.0683       |
|    clip_range           | 0.2          |
|    entropy_loss         | -3.28        |
|    explained_variance   | 0.632        |
|    learning_rate        | 0.0003       |
|    loss                 | 43.5         |
|    n_updates            | 2890         |
|    policy_gradient_loss | -0.00326     |
|    std                  | 0.734        |
|    value_loss           | 82.5         |
------------------------------------------
----------------------------------------
| rollout/                |            |
|    ep_len_mean          | 289        |
|    ep_rew_mean          | 253        |
| time/                   |            |
|    fps                  | 777        |
|    iterations           | 291        |
|    time_elapsed         | 431        |
|    total_timesteps      | 335232     |
| train/                  |            |
|    approx_kl            | 0.02369161 |
|    clip_fraction        | 0.143      |
|    clip_range           | 0.2        |
|    entropy_loss         | -3.28      |
|    explained_variance   | 0.549      |
|    learning_rate        | 0.0003     |
|    loss                 | 10         |
|    n_updates            | 2900       |
|    policy_gradient_loss | 0.0015     |
|    std                  | 0.728      |
|    value_loss           | 27         |
----------------------------------------
-----------------------------------------
| rollout/                |             |
|    ep_len_mean          | 289         |
|    ep_rew_mean          | 253         |
| time/                   |             |
|    fps                  | 777         |
|    iterations           | 292         |
|    time_elapsed         | 432         |
|    total_timesteps      | 336384      |
| train/                  |             |
|    approx_kl            | 0.006145612 |
|    clip_fraction        | 0.122       |
|    clip_range           | 0.2         |
|    entropy_loss         | -3.24       |
|    explained_variance   | 0.527       |
|    learning_rate        | 0.0003      |
|    loss                 | 5.96        |
|    n_updates            | 2910        |
|    policy_gradient_loss | 0.00284     |
|    std                  | 0.718       |
|    value_loss           | 23.4        |
-----------------------------------------
-----------------------------------------
| rollout/                |             |
|    ep_len_mean          | 289         |
|    ep_rew_mean          | 253         |
| time/                   |             |
|    fps                  | 777         |
|    iterations           | 293         |
|    time_elapsed         | 433         |
|    total_timesteps      | 337536      |
| train/                  |             |
|    approx_kl            | 0.010558311 |
|    clip_fraction        | 0.127       |
|    clip_range           | 0.2         |
|    entropy_loss         | -3.21       |
|    explained_variance   | 0.391       |
|    learning_rate        | 0.0003      |
|    loss                 | 2.87        |
|    n_updates            | 2920        |
|    policy_gradient_loss | -0.00156    |
|    std                  | 0.71        |
|    value_loss           | 31.5        |
-----------------------------------------
-----------------------------------------
| rollout/                |             |
|    ep_len_mean          | 289         |
|    ep_rew_mean          | 253         |
| time/                   |             |
|    fps                  | 777         |
|    iterations           | 294         |
|    time_elapsed         | 435         |
|    total_timesteps      | 338688      |
| train/                  |             |
|    approx_kl            | 0.016962405 |
|    clip_fraction        | 0.155       |
|    clip_range           | 0.2         |
|    entropy_loss         | -3.19       |
|    explained_variance   | 0.286       |
|    learning_rate        | 0.0003      |
|    loss                 | 2.71        |
|    n_updates            | 2930        |
|    policy_gradient_loss | 0.000634    |
|    std                  | 0.714       |
|    value_loss           | 43.3        |
-----------------------------------------
-----------------------------------------
| rollout/                |             |
|    ep_len_mean          | 289         |
|    ep_rew_mean          | 253         |
| time/                   |             |
|    fps                  | 778         |
|    iterations           | 295         |
|    time_elapsed         | 436         |
|    total_timesteps      | 339840      |
| train/                  |             |
|    approx_kl            | 0.004392782 |
|    clip_fraction        | 0.078       |
|    clip_range           | 0.2         |
|    entropy_loss         | -3.21       |
|    explained_variance   | 0.245       |
|    learning_rate        | 0.0003      |
|    loss                 | 1.61        |
|    n_updates            | 2940        |
|    policy_gradient_loss | -0.00105    |
|    std                  | 0.715       |
|    value_loss           | 54.9        |
-----------------------------------------
Eval num_timesteps=340000, episode_reward=257.08 +/- 0.00
Episode length: 289.00 +/- 0.00
------------------------------------------
| eval/                   |              |
|    mean_ep_length       | 289          |
|    mean_reward          | 257          |
| time/                   |              |
|    total_timesteps      | 340000       |
| train/                  |              |
|    approx_kl            | 0.0052979747 |
|    clip_fraction        | 0.121        |
|    clip_range           | 0.2          |
|    entropy_loss         | -3.2         |
|    explained_variance   | 0.222        |
|    learning_rate        | 0.0003       |
|    loss                 | 34.8         |
|    n_updates            | 2950         |
|    policy_gradient_loss | 0.00239      |
|    std                  | 0.712        |
|    value_loss           | 66.4         |
------------------------------------------
---------------------------------
| rollout/           |          |
|    ep_len_mean     | 289      |
|    ep_rew_mean     | 253      |
| time/              |          |
|    fps             | 775      |
|    iterations      | 296      |
|    time_elapsed    | 439      |
|    total_timesteps | 340992   |
---------------------------------
------------------------------------------
| rollout/                |              |
|    ep_len_mean          | 289          |
|    ep_rew_mean          | 253          |
| time/                   |              |
|    fps                  | 775          |
|    iterations           | 297          |
|    time_elapsed         | 441          |
|    total_timesteps      | 342144       |
| train/                  |              |
|    approx_kl            | 0.0064967135 |
|    clip_fraction        | 0.0734       |
|    clip_range           | 0.2          |
|    entropy_loss         | -3.2         |
|    explained_variance   | 0.236        |
|    learning_rate        | 0.0003       |
|    loss                 | 4.03         |
|    n_updates            | 2960         |
|    policy_gradient_loss | -0.00237     |
|    std                  | 0.713        |
|    value_loss           | 75.5         |
------------------------------------------
-----------------------------------------
| rollout/                |             |
|    ep_len_mean          | 289         |
|    ep_rew_mean          | 253         |
| time/                   |             |
|    fps                  | 775         |
|    iterations           | 298         |
|    time_elapsed         | 442         |
|    total_timesteps      | 343296      |
| train/                  |             |
|    approx_kl            | 0.005797842 |
|    clip_fraction        | 0.0857      |
|    clip_range           | 0.2         |
|    entropy_loss         | -3.2        |
|    explained_variance   | 0.289       |
|    learning_rate        | 0.0003      |
|    loss                 | 4.94        |
|    n_updates            | 2970        |
|    policy_gradient_loss | -0.00216    |
|    std                  | 0.715       |
|    value_loss           | 81.6        |
-----------------------------------------
-----------------------------------------
| rollout/                |             |
|    ep_len_mean          | 289         |
|    ep_rew_mean          | 253         |
| time/                   |             |
|    fps                  | 775         |
|    iterations           | 299         |
|    time_elapsed         | 443         |
|    total_timesteps      | 344448      |
| train/                  |             |
|    approx_kl            | 0.005516076 |
|    clip_fraction        | 0.0401      |
|    clip_range           | 0.2         |
|    entropy_loss         | -3.21       |
|    explained_variance   | 0.324       |
|    learning_rate        | 0.0003      |
|    loss                 | 41.7        |
|    n_updates            | 2980        |
|    policy_gradient_loss | -0.000708   |
|    std                  | 0.716       |
|    value_loss           | 86.3        |
-----------------------------------------
------------------------------------------
| rollout/                |              |
|    ep_len_mean          | 289          |
|    ep_rew_mean          | 253          |
| time/                   |              |
|    fps                  | 776          |
|    iterations           | 300          |
|    time_elapsed         | 445          |
|    total_timesteps      | 345600       |
| train/                  |              |
|    approx_kl            | 0.0050532334 |
|    clip_fraction        | 0.0589       |
|    clip_range           | 0.2          |
|    entropy_loss         | -3.22        |
|    explained_variance   | 0.482        |
|    learning_rate        | 0.0003       |
|    loss                 | 37.5         |
|    n_updates            | 2990         |
|    policy_gradient_loss | -0.000451    |
|    std                  | 0.718        |
|    value_loss           | 85.9         |
------------------------------------------
-----------------------------------------
| rollout/                |             |
|    ep_len_mean          | 289         |
|    ep_rew_mean          | 253         |
| time/                   |             |
|    fps                  | 776         |
|    iterations           | 301         |
|    time_elapsed         | 446         |
|    total_timesteps      | 346752      |
| train/                  |             |
|    approx_kl            | 0.009915996 |
|    clip_fraction        | 0.102       |
|    clip_range           | 0.2         |
|    entropy_loss         | -3.22       |
|    explained_variance   | 0.541       |
|    learning_rate        | 0.0003      |
|    loss                 | 14.2        |
|    n_updates            | 3000        |
|    policy_gradient_loss | -0.00606    |
|    std                  | 0.716       |
|    value_loss           | 87.2        |
-----------------------------------------
-----------------------------------------
| rollout/                |             |
|    ep_len_mean          | 289         |
|    ep_rew_mean          | 253         |
| time/                   |             |
|    fps                  | 776         |
|    iterations           | 302         |
|    time_elapsed         | 448         |
|    total_timesteps      | 347904      |
| train/                  |             |
|    approx_kl            | 0.006320386 |
|    clip_fraction        | 0.0269      |
|    clip_range           | 0.2         |
|    entropy_loss         | -3.22       |
|    explained_variance   | 0.517       |
|    learning_rate        | 0.0003      |
|    loss                 | 29          |
|    n_updates            | 3010        |
|    policy_gradient_loss | -0.00164    |
|    std                  | 0.717       |
|    value_loss           | 85          |
-----------------------------------------
------------------------------------------
| rollout/                |              |
|    ep_len_mean          | 289          |
|    ep_rew_mean          | 253          |
| time/                   |              |
|    fps                  | 776          |
|    iterations           | 303          |
|    time_elapsed         | 449          |
|    total_timesteps      | 349056       |
| train/                  |              |
|    approx_kl            | 0.0031972118 |
|    clip_fraction        | 0.00573      |
|    clip_range           | 0.2          |
|    entropy_loss         | -3.22        |
|    explained_variance   | 0.452        |
|    learning_rate        | 0.0003       |
|    loss                 | 37.2         |
|    n_updates            | 3020         |
|    policy_gradient_loss | -0.000652    |
|    std                  | 0.718        |
|    value_loss           | 91.5         |
------------------------------------------
------------------------------------------
| rollout/                |              |
|    ep_len_mean          | 289          |
|    ep_rew_mean          | 253          |
| time/                   |              |
|    fps                  | 776          |
|    iterations           | 304          |
|    time_elapsed         | 450          |
|    total_timesteps      | 350208       |
| train/                  |              |
|    approx_kl            | 0.0061008465 |
|    clip_fraction        | 0.0799       |
|    clip_range           | 0.2          |
|    entropy_loss         | -3.22        |
|    explained_variance   | 0.508        |
|    learning_rate        | 0.0003       |
|    loss                 | 83.9         |
|    n_updates            | 3030         |
|    policy_gradient_loss | -0.00232     |
|    std                  | 0.715        |
|    value_loss           | 92.2         |
------------------------------------------
------------------------------------------
| rollout/                |              |
|    ep_len_mean          | 289          |
|    ep_rew_mean          | 253          |
| time/                   |              |
|    fps                  | 776          |
|    iterations           | 305          |
|    time_elapsed         | 452          |
|    total_timesteps      | 351360       |
| train/                  |              |
|    approx_kl            | 0.0061136913 |
|    clip_fraction        | 0.0681       |
|    clip_range           | 0.2          |
|    entropy_loss         | -3.21        |
|    explained_variance   | 0.482        |
|    learning_rate        | 0.0003       |
|    loss                 | 29           |
|    n_updates            | 3040         |
|    policy_gradient_loss | -0.00449     |
|    std                  | 0.716        |
|    value_loss           | 92.2         |
------------------------------------------
-----------------------------------------
| rollout/                |             |
|    ep_len_mean          | 289         |
|    ep_rew_mean          | 253         |
| time/                   |             |
|    fps                  | 777         |
|    iterations           | 306         |
|    time_elapsed         | 453         |
|    total_timesteps      | 352512      |
| train/                  |             |
|    approx_kl            | 0.008751858 |
|    clip_fraction        | 0.0451      |
|    clip_range           | 0.2         |
|    entropy_loss         | -3.21       |
|    explained_variance   | 0.474       |
|    learning_rate        | 0.0003      |
|    loss                 | 28.8        |
|    n_updates            | 3050        |
|    policy_gradient_loss | -0.00287    |
|    std                  | 0.716       |
|    value_loss           | 96.8        |
-----------------------------------------
-----------------------------------------
| rollout/                |             |
|    ep_len_mean          | 289         |
|    ep_rew_mean          | 253         |
| time/                   |             |
|    fps                  | 777         |
|    iterations           | 307         |
|    time_elapsed         | 455         |
|    total_timesteps      | 353664      |
| train/                  |             |
|    approx_kl            | 0.008313628 |
|    clip_fraction        | 0.0725      |
|    clip_range           | 0.2         |
|    entropy_loss         | -3.22       |
|    explained_variance   | 0.48        |
|    learning_rate        | 0.0003      |
|    loss                 | 40.7        |
|    n_updates            | 3060        |
|    policy_gradient_loss | -0.00287    |
|    std                  | 0.719       |
|    value_loss           | 99.9        |
-----------------------------------------
----------------------------------------
| rollout/                |            |
|    ep_len_mean          | 289        |
|    ep_rew_mean          | 253        |
| time/                   |            |
|    fps                  | 777        |
|    iterations           | 308        |
|    time_elapsed         | 456        |
|    total_timesteps      | 354816     |
| train/                  |            |
|    approx_kl            | 0.00563004 |
|    clip_fraction        | 0.0433     |
|    clip_range           | 0.2        |
|    entropy_loss         | -3.22      |
|    explained_variance   | 0.492      |
|    learning_rate        | 0.0003     |
|    loss                 | 33.6       |
|    n_updates            | 3070       |
|    policy_gradient_loss | -0.00143   |
|    std                  | 0.718      |
|    value_loss           | 98.8       |
----------------------------------------
------------------------------------------
| rollout/                |              |
|    ep_len_mean          | 289          |
|    ep_rew_mean          | 253          |
| time/                   |              |
|    fps                  | 777          |
|    iterations           | 309          |
|    time_elapsed         | 457          |
|    total_timesteps      | 355968       |
| train/                  |              |
|    approx_kl            | 0.0069427993 |
|    clip_fraction        | 0.0818       |
|    clip_range           | 0.2          |
|    entropy_loss         | -3.22        |
|    explained_variance   | 0.512        |
|    learning_rate        | 0.0003       |
|    loss                 | 79.1         |
|    n_updates            | 3080         |
|    policy_gradient_loss | -0.00471     |
|    std                  | 0.718        |
|    value_loss           | 101          |
------------------------------------------
-----------------------------------------
| rollout/                |             |
|    ep_len_mean          | 289         |
|    ep_rew_mean          | 253         |
| time/                   |             |
|    fps                  | 777         |
|    iterations           | 310         |
|    time_elapsed         | 459         |
|    total_timesteps      | 357120      |
| train/                  |             |
|    approx_kl            | 0.005651315 |
|    clip_fraction        | 0.0932      |
|    clip_range           | 0.2         |
|    entropy_loss         | -3.22       |
|    explained_variance   | 0.532       |
|    learning_rate        | 0.0003      |
|    loss                 | 51          |
|    n_updates            | 3090        |
|    policy_gradient_loss | 0.000271    |
|    std                  | 0.72        |
|    value_loss           | 99.6        |
-----------------------------------------
-----------------------------------------
| rollout/                |             |
|    ep_len_mean          | 289         |
|    ep_rew_mean          | 253         |
| time/                   |             |
|    fps                  | 777         |
|    iterations           | 311         |
|    time_elapsed         | 460         |
|    total_timesteps      | 358272      |
| train/                  |             |
|    approx_kl            | 0.007982259 |
|    clip_fraction        | 0.0594      |
|    clip_range           | 0.2         |
|    entropy_loss         | -3.22       |
|    explained_variance   | 0.556       |
|    learning_rate        | 0.0003      |
|    loss                 | 45.8        |
|    n_updates            | 3100        |
|    policy_gradient_loss | -0.00544    |
|    std                  | 0.717       |
|    value_loss           | 97.2        |
-----------------------------------------
------------------------------------------
| rollout/                |              |
|    ep_len_mean          | 289          |
|    ep_rew_mean          | 253          |
| time/                   |              |
|    fps                  | 778          |
|    iterations           | 312          |
|    time_elapsed         | 461          |
|    total_timesteps      | 359424       |
| train/                  |              |
|    approx_kl            | 0.0037154194 |
|    clip_fraction        | 0.0701       |
|    clip_range           | 0.2          |
|    entropy_loss         | -3.22        |
|    explained_variance   | 0.584        |
|    learning_rate        | 0.0003       |
|    loss                 | 28.5         |
|    n_updates            | 3110         |
|    policy_gradient_loss | -0.00326     |
|    std                  | 0.72         |
|    value_loss           | 97.1         |
------------------------------------------
Eval num_timesteps=360000, episode_reward=257.08 +/- 0.00
Episode length: 289.00 +/- 0.00
----------------------------------------
| eval/                   |            |
|    mean_ep_length       | 289        |
|    mean_reward          | 257        |
| time/                   |            |
|    total_timesteps      | 360000     |
| train/                  |            |
|    approx_kl            | 0.00978319 |
|    clip_fraction        | 0.0765     |
|    clip_range           | 0.2        |
|    entropy_loss         | -3.22      |
|    explained_variance   | 0.603      |
|    learning_rate        | 0.0003     |
|    loss                 | 52.1       |
|    n_updates            | 3120       |
|    policy_gradient_loss | -0.00621   |
|    std                  | 0.717      |
|    value_loss           | 93.8       |
----------------------------------------
---------------------------------
| rollout/           |          |
|    ep_len_mean     | 289      |
|    ep_rew_mean     | 253      |
| time/              |          |
|    fps             | 775      |
|    iterations      | 313      |
|    time_elapsed    | 464      |
|    total_timesteps | 360576   |
---------------------------------
-----------------------------------------
| rollout/                |             |
|    ep_len_mean          | 289         |
|    ep_rew_mean          | 253         |
| time/                   |             |
|    fps                  | 775         |
|    iterations           | 314         |
|    time_elapsed         | 466         |
|    total_timesteps      | 361728      |
| train/                  |             |
|    approx_kl            | 0.012524541 |
|    clip_fraction        | 0.0546      |
|    clip_range           | 0.2         |
|    entropy_loss         | -3.22       |
|    explained_variance   | 0.652       |
|    learning_rate        | 0.0003      |
|    loss                 | 62          |
|    n_updates            | 3130        |
|    policy_gradient_loss | -0.000995   |
|    std                  | 0.719       |
|    value_loss           | 96          |
-----------------------------------------
-----------------------------------------
| rollout/                |             |
|    ep_len_mean          | 289         |
|    ep_rew_mean          | 253         |
| time/                   |             |
|    fps                  | 775         |
|    iterations           | 315         |
|    time_elapsed         | 467         |
|    total_timesteps      | 362880      |
| train/                  |             |
|    approx_kl            | 0.005048108 |
|    clip_fraction        | 0.0977      |
|    clip_range           | 0.2         |
|    entropy_loss         | -3.22       |
|    explained_variance   | 0.66        |
|    learning_rate        | 0.0003      |
|    loss                 | 43.5        |
|    n_updates            | 3140        |
|    policy_gradient_loss | -0.00665    |
|    std                  | 0.716       |
|    value_loss           | 95.7        |
-----------------------------------------
------------------------------------------
| rollout/                |              |
|    ep_len_mean          | 289          |
|    ep_rew_mean          | 253          |
| time/                   |              |
|    fps                  | 775          |
|    iterations           | 316          |
|    time_elapsed         | 469          |
|    total_timesteps      | 364032       |
| train/                  |              |
|    approx_kl            | 0.0071189795 |
|    clip_fraction        | 0.12         |
|    clip_range           | 0.2          |
|    entropy_loss         | -3.21        |
|    explained_variance   | 0.66         |
|    learning_rate        | 0.0003       |
|    loss                 | 50.2         |
|    n_updates            | 3150         |
|    policy_gradient_loss | 0.000118     |
|    std                  | 0.714        |
|    value_loss           | 99.2         |
------------------------------------------
------------------------------------------
| rollout/                |              |
|    ep_len_mean          | 289          |
|    ep_rew_mean          | 253          |
| time/                   |              |
|    fps                  | 776          |
|    iterations           | 317          |
|    time_elapsed         | 470          |
|    total_timesteps      | 365184       |
| train/                  |              |
|    approx_kl            | 0.0025724655 |
|    clip_fraction        | 0.0648       |
|    clip_range           | 0.2          |
|    entropy_loss         | -3.2         |
|    explained_variance   | 0.654        |
|    learning_rate        | 0.0003       |
|    loss                 | 40.4         |
|    n_updates            | 3160         |
|    policy_gradient_loss | -0.00131     |
|    std                  | 0.714        |
|    value_loss           | 87.5         |
------------------------------------------
-----------------------------------------
| rollout/                |             |
|    ep_len_mean          | 289         |
|    ep_rew_mean          | 253         |
| time/                   |             |
|    fps                  | 776         |
|    iterations           | 318         |
|    time_elapsed         | 471         |
|    total_timesteps      | 366336      |
| train/                  |             |
|    approx_kl            | 0.003202803 |
|    clip_fraction        | 0.0437      |
|    clip_range           | 0.2         |
|    entropy_loss         | -3.21       |
|    explained_variance   | 0.647       |
|    learning_rate        | 0.0003      |
|    loss                 | 43.3        |
|    n_updates            | 3170        |
|    policy_gradient_loss | 0.000628    |
|    std                  | 0.718       |
|    value_loss           | 84.9        |
-----------------------------------------
-----------------------------------------
| rollout/                |             |
|    ep_len_mean          | 289         |
|    ep_rew_mean          | 252         |
| time/                   |             |
|    fps                  | 776         |
|    iterations           | 319         |
|    time_elapsed         | 473         |
|    total_timesteps      | 367488      |
| train/                  |             |
|    approx_kl            | 0.006769532 |
|    clip_fraction        | 0.105       |
|    clip_range           | 0.2         |
|    entropy_loss         | -3.22       |
|    explained_variance   | 0.624       |
|    learning_rate        | 0.0003      |
|    loss                 | 60.2        |
|    n_updates            | 3180        |
|    policy_gradient_loss | -0.00312    |
|    std                  | 0.72        |
|    value_loss           | 78.9        |
-----------------------------------------
------------------------------------------
| rollout/                |              |
|    ep_len_mean          | 289          |
|    ep_rew_mean          | 252          |
| time/                   |              |
|    fps                  | 776          |
|    iterations           | 320          |
|    time_elapsed         | 474          |
|    total_timesteps      | 368640       |
| train/                  |              |
|    approx_kl            | 0.0038686378 |
|    clip_fraction        | 0.0655       |
|    clip_range           | 0.2          |
|    entropy_loss         | -3.22        |
|    explained_variance   | 0.615        |
|    learning_rate        | 0.0003       |
|    loss                 | 67.1         |
|    n_updates            | 3190         |
|    policy_gradient_loss | -0.000113    |
|    std                  | 0.716        |
|    value_loss           | 81           |
------------------------------------------
-----------------------------------------
| rollout/                |             |
|    ep_len_mean          | 289         |
|    ep_rew_mean          | 253         |
| time/                   |             |
|    fps                  | 776         |
|    iterations           | 321         |
|    time_elapsed         | 476         |
|    total_timesteps      | 369792      |
| train/                  |             |
|    approx_kl            | 0.005782133 |
|    clip_fraction        | 0.0546      |
|    clip_range           | 0.2         |
|    entropy_loss         | -3.21       |
|    explained_variance   | 0.572       |
|    learning_rate        | 0.0003      |
|    loss                 | 20.5        |
|    n_updates            | 3200        |
|    policy_gradient_loss | -0.00218    |
|    std                  | 0.715       |
|    value_loss           | 81.1        |
-----------------------------------------
-----------------------------------------
| rollout/                |             |
|    ep_len_mean          | 289         |
|    ep_rew_mean          | 252         |
| time/                   |             |
|    fps                  | 776         |
|    iterations           | 322         |
|    time_elapsed         | 477         |
|    total_timesteps      | 370944      |
| train/                  |             |
|    approx_kl            | 0.007875329 |
|    clip_fraction        | 0.093       |
|    clip_range           | 0.2         |
|    entropy_loss         | -3.2        |
|    explained_variance   | 0.618       |
|    learning_rate        | 0.0003      |
|    loss                 | 21.2        |
|    n_updates            | 3210        |
|    policy_gradient_loss | -0.00219    |
|    std                  | 0.711       |
|    value_loss           | 85.5        |
-----------------------------------------
---------------------------------------
| rollout/                |           |
|    ep_len_mean          | 289       |
|    ep_rew_mean          | 252       |
| time/                   |           |
|    fps                  | 777       |
|    iterations           | 323       |
|    time_elapsed         | 478       |
|    total_timesteps      | 372096    |
| train/                  |           |
|    approx_kl            | 0.0136981 |
|    clip_fraction        | 0.0675    |
|    clip_range           | 0.2       |
|    entropy_loss         | -3.19     |
|    explained_variance   | 0.628     |
|    learning_rate        | 0.0003    |
|    loss                 | 60.6      |
|    n_updates            | 3220      |
|    policy_gradient_loss | -0.00222  |
|    std                  | 0.709     |
|    value_loss           | 91.7      |
---------------------------------------
-----------------------------------------
| rollout/                |             |
|    ep_len_mean          | 289         |
|    ep_rew_mean          | 252         |
| time/                   |             |
|    fps                  | 777         |
|    iterations           | 324         |
|    time_elapsed         | 480         |
|    total_timesteps      | 373248      |
| train/                  |             |
|    approx_kl            | 0.004110861 |
|    clip_fraction        | 0.121       |
|    clip_range           | 0.2         |
|    entropy_loss         | -3.18       |
|    explained_variance   | 0.627       |
|    learning_rate        | 0.0003      |
|    loss                 | 34.7        |
|    n_updates            | 3230        |
|    policy_gradient_loss | -0.00129    |
|    std                  | 0.706       |
|    value_loss           | 85.2        |
-----------------------------------------
------------------------------------------
| rollout/                |              |
|    ep_len_mean          | 289          |
|    ep_rew_mean          | 252          |
| time/                   |              |
|    fps                  | 777          |
|    iterations           | 325          |
|    time_elapsed         | 481          |
|    total_timesteps      | 374400       |
| train/                  |              |
|    approx_kl            | 0.0022956422 |
|    clip_fraction        | 0.0338       |
|    clip_range           | 0.2          |
|    entropy_loss         | -3.17        |
|    explained_variance   | 0.623        |
|    learning_rate        | 0.0003       |
|    loss                 | 39           |
|    n_updates            | 3240         |
|    policy_gradient_loss | -0.000878    |
|    std                  | 0.703        |
|    value_loss           | 84.8         |
------------------------------------------
------------------------------------------
| rollout/                |              |
|    ep_len_mean          | 289          |
|    ep_rew_mean          | 252          |
| time/                   |              |
|    fps                  | 777          |
|    iterations           | 326          |
|    time_elapsed         | 483          |
|    total_timesteps      | 375552       |
| train/                  |              |
|    approx_kl            | 0.0051815296 |
|    clip_fraction        | 0.0469       |
|    clip_range           | 0.2          |
|    entropy_loss         | -3.15        |
|    explained_variance   | 0.625        |
|    learning_rate        | 0.0003       |
|    loss                 | 27.4         |
|    n_updates            | 3250         |
|    policy_gradient_loss | -0.00164     |
|    std                  | 0.701        |
|    value_loss           | 81.4         |
------------------------------------------
-----------------------------------------
| rollout/                |             |
|    ep_len_mean          | 289         |
|    ep_rew_mean          | 252         |
| time/                   |             |
|    fps                  | 777         |
|    iterations           | 327         |
|    time_elapsed         | 484         |
|    total_timesteps      | 376704      |
| train/                  |             |
|    approx_kl            | 0.008375188 |
|    clip_fraction        | 0.0631      |
|    clip_range           | 0.2         |
|    entropy_loss         | -3.16       |
|    explained_variance   | 0.608       |
|    learning_rate        | 0.0003      |
|    loss                 | 53          |
|    n_updates            | 3260        |
|    policy_gradient_loss | -0.000988   |
|    std                  | 0.703       |
|    value_loss           | 86.2        |
-----------------------------------------
------------------------------------------
| rollout/                |              |
|    ep_len_mean          | 289          |
|    ep_rew_mean          | 252          |
| time/                   |              |
|    fps                  | 777          |
|    iterations           | 328          |
|    time_elapsed         | 485          |
|    total_timesteps      | 377856       |
| train/                  |              |
|    approx_kl            | 0.0055609513 |
|    clip_fraction        | 0.122        |
|    clip_range           | 0.2          |
|    entropy_loss         | -3.16        |
|    explained_variance   | 0.619        |
|    learning_rate        | 0.0003       |
|    loss                 | 49           |
|    n_updates            | 3270         |
|    policy_gradient_loss | -0.00502     |
|    std                  | 0.703        |
|    value_loss           | 88.1         |
------------------------------------------
------------------------------------------
| rollout/                |              |
|    ep_len_mean          | 289          |
|    ep_rew_mean          | 252          |
| time/                   |              |
|    fps                  | 777          |
|    iterations           | 329          |
|    time_elapsed         | 487          |
|    total_timesteps      | 379008       |
| train/                  |              |
|    approx_kl            | 0.0036593946 |
|    clip_fraction        | 0.0666       |
|    clip_range           | 0.2          |
|    entropy_loss         | -3.16        |
|    explained_variance   | 0.612        |
|    learning_rate        | 0.0003       |
|    loss                 | 43           |
|    n_updates            | 3280         |
|    policy_gradient_loss | 0.000105     |
|    std                  | 0.704        |
|    value_loss           | 91.9         |
------------------------------------------
Eval num_timesteps=380000, episode_reward=257.08 +/- 0.00
Episode length: 289.00 +/- 0.00
------------------------------------------
| eval/                   |              |
|    mean_ep_length       | 289          |
|    mean_reward          | 257          |
| time/                   |              |
|    total_timesteps      | 380000       |
| train/                  |              |
|    approx_kl            | 0.0096076615 |
|    clip_fraction        | 0.114        |
|    clip_range           | 0.2          |
|    entropy_loss         | -3.16        |
|    explained_variance   | 0.603        |
|    learning_rate        | 0.0003       |
|    loss                 | 81.3         |
|    n_updates            | 3290         |
|    policy_gradient_loss | -0.00689     |
|    std                  | 0.701        |
|    value_loss           | 93.7         |
------------------------------------------
---------------------------------
| rollout/           |          |
|    ep_len_mean     | 289      |
|    ep_rew_mean     | 252      |
| time/              |          |
|    fps             | 775      |
|    iterations      | 330      |
|    time_elapsed    | 490      |
|    total_timesteps | 380160   |
---------------------------------
------------------------------------------
| rollout/                |              |
|    ep_len_mean          | 289          |
|    ep_rew_mean          | 252          |
| time/                   |              |
|    fps                  | 775          |
|    iterations           | 331          |
|    time_elapsed         | 491          |
|    total_timesteps      | 381312       |
| train/                  |              |
|    approx_kl            | 0.0084139025 |
|    clip_fraction        | 0.0636       |
|    clip_range           | 0.2          |
|    entropy_loss         | -3.15        |
|    explained_variance   | 0.614        |
|    learning_rate        | 0.0003       |
|    loss                 | 36           |
|    n_updates            | 3300         |
|    policy_gradient_loss | 0.00049      |
|    std                  | 0.7          |
|    value_loss           | 93.8         |
------------------------------------------
-----------------------------------------
| rollout/                |             |
|    ep_len_mean          | 289         |
|    ep_rew_mean          | 252         |
| time/                   |             |
|    fps                  | 775         |
|    iterations           | 332         |
|    time_elapsed         | 493         |
|    total_timesteps      | 382464      |
| train/                  |             |
|    approx_kl            | 0.008127186 |
|    clip_fraction        | 0.143       |
|    clip_range           | 0.2         |
|    entropy_loss         | -3.15       |
|    explained_variance   | 0.622       |
|    learning_rate        | 0.0003      |
|    loss                 | 56.5        |
|    n_updates            | 3310        |
|    policy_gradient_loss | -0.00426    |
|    std                  | 0.701       |
|    value_loss           | 94.2        |
-----------------------------------------
------------------------------------------
| rollout/                |              |
|    ep_len_mean          | 289          |
|    ep_rew_mean          | 253          |
| time/                   |              |
|    fps                  | 775          |
|    iterations           | 333          |
|    time_elapsed         | 494          |
|    total_timesteps      | 383616       |
| train/                  |              |
|    approx_kl            | 0.0066907713 |
|    clip_fraction        | 0.128        |
|    clip_range           | 0.2          |
|    entropy_loss         | -3.15        |
|    explained_variance   | 0.592        |
|    learning_rate        | 0.0003       |
|    loss                 | 53.9         |
|    n_updates            | 3320         |
|    policy_gradient_loss | -0.000427    |
|    std                  | 0.702        |
|    value_loss           | 93.9         |
------------------------------------------
----------------------------------------
| rollout/                |            |
|    ep_len_mean          | 289        |
|    ep_rew_mean          | 253        |
| time/                   |            |
|    fps                  | 775        |
|    iterations           | 334        |
|    time_elapsed         | 495        |
|    total_timesteps      | 384768     |
| train/                  |            |
|    approx_kl            | 0.00799699 |
|    clip_fraction        | 0.076      |
|    clip_range           | 0.2        |
|    entropy_loss         | -3.15      |
|    explained_variance   | 0.573      |
|    learning_rate        | 0.0003     |
|    loss                 | 58         |
|    n_updates            | 3330       |
|    policy_gradient_loss | -0.00157   |
|    std                  | 0.704      |
|    value_loss           | 94.1       |
----------------------------------------
-----------------------------------------
| rollout/                |             |
|    ep_len_mean          | 289         |
|    ep_rew_mean          | 253         |
| time/                   |             |
|    fps                  | 776         |
|    iterations           | 335         |
|    time_elapsed         | 497         |
|    total_timesteps      | 385920      |
| train/                  |             |
|    approx_kl            | 0.008884536 |
|    clip_fraction        | 0.0635      |
|    clip_range           | 0.2         |
|    entropy_loss         | -3.16       |
|    explained_variance   | 0.603       |
|    learning_rate        | 0.0003      |
|    loss                 | 57          |
|    n_updates            | 3340        |
|    policy_gradient_loss | -0.00177    |
|    std                  | 0.706       |
|    value_loss           | 96          |
-----------------------------------------
------------------------------------------
| rollout/                |              |
|    ep_len_mean          | 289          |
|    ep_rew_mean          | 253          |
| time/                   |              |
|    fps                  | 776          |
|    iterations           | 336          |
|    time_elapsed         | 498          |
|    total_timesteps      | 387072       |
| train/                  |              |
|    approx_kl            | 0.0064284713 |
|    clip_fraction        | 0.0596       |
|    clip_range           | 0.2          |
|    entropy_loss         | -3.16        |
|    explained_variance   | 0.577        |
|    learning_rate        | 0.0003       |
|    loss                 | 22.1         |
|    n_updates            | 3350         |
|    policy_gradient_loss | -0.00265     |
|    std                  | 0.704        |
|    value_loss           | 95.7         |
------------------------------------------
-----------------------------------------
| rollout/                |             |
|    ep_len_mean          | 289         |
|    ep_rew_mean          | 253         |
| time/                   |             |
|    fps                  | 776         |
|    iterations           | 337         |
|    time_elapsed         | 500         |
|    total_timesteps      | 388224      |
| train/                  |             |
|    approx_kl            | 0.013825974 |
|    clip_fraction        | 0.126       |
|    clip_range           | 0.2         |
|    entropy_loss         | -3.16       |
|    explained_variance   | 0.602       |
|    learning_rate        | 0.0003      |
|    loss                 | 46.3        |
|    n_updates            | 3360        |
|    policy_gradient_loss | -0.00803    |
|    std                  | 0.705       |
|    value_loss           | 96.2        |
-----------------------------------------
-----------------------------------------
| rollout/                |             |
|    ep_len_mean          | 289         |
|    ep_rew_mean          | 253         |
| time/                   |             |
|    fps                  | 776         |
|    iterations           | 338         |
|    time_elapsed         | 501         |
|    total_timesteps      | 389376      |
| train/                  |             |
|    approx_kl            | 0.009122804 |
|    clip_fraction        | 0.0626      |
|    clip_range           | 0.2         |
|    entropy_loss         | -3.17       |
|    explained_variance   | 0.607       |
|    learning_rate        | 0.0003      |
|    loss                 | 35.4        |
|    n_updates            | 3370        |
|    policy_gradient_loss | -0.00124    |
|    std                  | 0.713       |
|    value_loss           | 97.4        |
-----------------------------------------
------------------------------------------
| rollout/                |              |
|    ep_len_mean          | 289          |
|    ep_rew_mean          | 253          |
| time/                   |              |
|    fps                  | 776          |
|    iterations           | 339          |
|    time_elapsed         | 502          |
|    total_timesteps      | 390528       |
| train/                  |              |
|    approx_kl            | 0.0053050863 |
|    clip_fraction        | 0.0741       |
|    clip_range           | 0.2          |
|    entropy_loss         | -3.2         |
|    explained_variance   | 0.63         |
|    learning_rate        | 0.0003       |
|    loss                 | 62           |
|    n_updates            | 3380         |
|    policy_gradient_loss | -0.00392     |
|    std                  | 0.711        |
|    value_loss           | 97.1         |
------------------------------------------
-----------------------------------------
| rollout/                |             |
|    ep_len_mean          | 289         |
|    ep_rew_mean          | 253         |
| time/                   |             |
|    fps                  | 776         |
|    iterations           | 340         |
|    time_elapsed         | 504         |
|    total_timesteps      | 391680      |
| train/                  |             |
|    approx_kl            | 0.004814117 |
|    clip_fraction        | 0.0729      |
|    clip_range           | 0.2         |
|    entropy_loss         | -3.19       |
|    explained_variance   | 0.635       |
|    learning_rate        | 0.0003      |
|    loss                 | 41.1        |
|    n_updates            | 3390        |
|    policy_gradient_loss | 0.00107     |
|    std                  | 0.712       |
|    value_loss           | 93.3        |
-----------------------------------------
-----------------------------------------
| rollout/                |             |
|    ep_len_mean          | 289         |
|    ep_rew_mean          | 253         |
| time/                   |             |
|    fps                  | 777         |
|    iterations           | 341         |
|    time_elapsed         | 505         |
|    total_timesteps      | 392832      |
| train/                  |             |
|    approx_kl            | 0.022365823 |
|    clip_fraction        | 0.111       |
|    clip_range           | 0.2         |
|    entropy_loss         | -3.18       |
|    explained_variance   | 0.643       |
|    learning_rate        | 0.0003      |
|    loss                 | 46.3        |
|    n_updates            | 3400        |
|    policy_gradient_loss | -0.000507   |
|    std                  | 0.709       |
|    value_loss           | 91.9        |
-----------------------------------------
-----------------------------------------
| rollout/                |             |
|    ep_len_mean          | 289         |
|    ep_rew_mean          | 253         |
| time/                   |             |
|    fps                  | 777         |
|    iterations           | 342         |
|    time_elapsed         | 506         |
|    total_timesteps      | 393984      |
| train/                  |             |
|    approx_kl            | 0.012890859 |
|    clip_fraction        | 0.12        |
|    clip_range           | 0.2         |
|    entropy_loss         | -3.17       |
|    explained_variance   | 0.635       |
|    learning_rate        | 0.0003      |
|    loss                 | 23.4        |
|    n_updates            | 3410        |
|    policy_gradient_loss | -0.00273    |
|    std                  | 0.706       |
|    value_loss           | 87.9        |
-----------------------------------------
-----------------------------------------
| rollout/                |             |
|    ep_len_mean          | 289         |
|    ep_rew_mean          | 253         |
| time/                   |             |
|    fps                  | 777         |
|    iterations           | 343         |
|    time_elapsed         | 508         |
|    total_timesteps      | 395136      |
| train/                  |             |
|    approx_kl            | 0.007316684 |
|    clip_fraction        | 0.0408      |
|    clip_range           | 0.2         |
|    entropy_loss         | -3.16       |
|    explained_variance   | 0.618       |
|    learning_rate        | 0.0003      |
|    loss                 | 59.9        |
|    n_updates            | 3420        |
|    policy_gradient_loss | -0.000454   |
|    std                  | 0.703       |
|    value_loss           | 85.1        |
-----------------------------------------
----------------------------------------
| rollout/                |            |
|    ep_len_mean          | 289        |
|    ep_rew_mean          | 253        |
| time/                   |            |
|    fps                  | 777        |
|    iterations           | 344        |
|    time_elapsed         | 509        |
|    total_timesteps      | 396288     |
| train/                  |            |
|    approx_kl            | 0.00401674 |
|    clip_fraction        | 0.0701     |
|    clip_range           | 0.2        |
|    entropy_loss         | -3.15      |
|    explained_variance   | 0.62       |
|    learning_rate        | 0.0003     |
|    loss                 | 42.7       |
|    n_updates            | 3430       |
|    policy_gradient_loss | -0.00441   |
|    std                  | 0.702      |
|    value_loss           | 87.3       |
----------------------------------------
-----------------------------------------
| rollout/                |             |
|    ep_len_mean          | 289         |
|    ep_rew_mean          | 253         |
| time/                   |             |
|    fps                  | 777         |
|    iterations           | 345         |
|    time_elapsed         | 511         |
|    total_timesteps      | 397440      |
| train/                  |             |
|    approx_kl            | 0.006224653 |
|    clip_fraction        | 0.0509      |
|    clip_range           | 0.2         |
|    entropy_loss         | -3.14       |
|    explained_variance   | 0.627       |
|    learning_rate        | 0.0003      |
|    loss                 | 33.5        |
|    n_updates            | 3440        |
|    policy_gradient_loss | -0.000663   |
|    std                  | 0.7         |
|    value_loss           | 89.1        |
-----------------------------------------
-----------------------------------------
| rollout/                |             |
|    ep_len_mean          | 289         |
|    ep_rew_mean          | 253         |
| time/                   |             |
|    fps                  | 777         |
|    iterations           | 346         |
|    time_elapsed         | 512         |
|    total_timesteps      | 398592      |
| train/                  |             |
|    approx_kl            | 0.010664313 |
|    clip_fraction        | 0.0917      |
|    clip_range           | 0.2         |
|    entropy_loss         | -3.13       |
|    explained_variance   | 0.585       |
|    learning_rate        | 0.0003      |
|    loss                 | 30.9        |
|    n_updates            | 3450        |
|    policy_gradient_loss | -0.00573    |
|    std                  | 0.696       |
|    value_loss           | 86.7        |
-----------------------------------------
------------------------------------------
| rollout/                |              |
|    ep_len_mean          | 289          |
|    ep_rew_mean          | 253          |
| time/                   |              |
|    fps                  | 777          |
|    iterations           | 347          |
|    time_elapsed         | 513          |
|    total_timesteps      | 399744       |
| train/                  |              |
|    approx_kl            | 0.0029101444 |
|    clip_fraction        | 0.0779       |
|    clip_range           | 0.2          |
|    entropy_loss         | -3.12        |
|    explained_variance   | 0.598        |
|    learning_rate        | 0.0003       |
|    loss                 | 67.7         |
|    n_updates            | 3460         |
|    policy_gradient_loss | 0.00182      |
|    std                  | 0.696        |
|    value_loss           | 86.8         |
------------------------------------------
Eval num_timesteps=400000, episode_reward=257.08 +/- 0.00
Episode length: 289.00 +/- 0.00
------------------------------------------
| eval/                   |              |
|    mean_ep_length       | 289          |
|    mean_reward          | 257          |
| time/                   |              |
|    total_timesteps      | 400000       |
| train/                  |              |
|    approx_kl            | 0.0050862613 |
|    clip_fraction        | 0.11         |
|    clip_range           | 0.2          |
|    entropy_loss         | -3.12        |
|    explained_variance   | 0.602        |
|    learning_rate        | 0.0003       |
|    loss                 | 55.6         |
|    n_updates            | 3470         |
|    policy_gradient_loss | -0.00248     |
|    std                  | 0.695        |
|    value_loss           | 89.6         |
------------------------------------------
---------------------------------
| rollout/           |          |
|    ep_len_mean     | 289      |
|    ep_rew_mean     | 253      |
| time/              |          |
|    fps             | 775      |
|    iterations      | 348      |
|    time_elapsed    | 516      |
|    total_timesteps | 400896   |
---------------------------------
-----------------------------------------
| rollout/                |             |
|    ep_len_mean          | 289         |
|    ep_rew_mean          | 253         |
| time/                   |             |
|    fps                  | 775         |
|    iterations           | 349         |
|    time_elapsed         | 518         |
|    total_timesteps      | 402048      |
| train/                  |             |
|    approx_kl            | 0.005490444 |
|    clip_fraction        | 0.0523      |
|    clip_range           | 0.2         |
|    entropy_loss         | -3.12       |
|    explained_variance   | 0.574       |
|    learning_rate        | 0.0003      |
|    loss                 | 46          |
|    n_updates            | 3480        |
|    policy_gradient_loss | -0.00301    |
|    std                  | 0.695       |
|    value_loss           | 91.8        |
-----------------------------------------
-----------------------------------------
| rollout/                |             |
|    ep_len_mean          | 289         |
|    ep_rew_mean          | 253         |
| time/                   |             |
|    fps                  | 775         |
|    iterations           | 350         |
|    time_elapsed         | 519         |
|    total_timesteps      | 403200      |
| train/                  |             |
|    approx_kl            | 0.006633305 |
|    clip_fraction        | 0.12        |
|    clip_range           | 0.2         |
|    entropy_loss         | -3.12       |
|    explained_variance   | 0.566       |
|    learning_rate        | 0.0003      |
|    loss                 | 78.7        |
|    n_updates            | 3490        |
|    policy_gradient_loss | -0.00269    |
|    std                  | 0.693       |
|    value_loss           | 90.9        |
-----------------------------------------
------------------------------------------
| rollout/                |              |
|    ep_len_mean          | 289          |
|    ep_rew_mean          | 253          |
| time/                   |              |
|    fps                  | 775          |
|    iterations           | 351          |
|    time_elapsed         | 521          |
|    total_timesteps      | 404352       |
| train/                  |              |
|    approx_kl            | 0.0071604913 |
|    clip_fraction        | 0.115        |
|    clip_range           | 0.2          |
|    entropy_loss         | -3.1         |
|    explained_variance   | 0.59         |
|    learning_rate        | 0.0003       |
|    loss                 | 64.4         |
|    n_updates            | 3500         |
|    policy_gradient_loss | 0.00156      |
|    std                  | 0.69         |
|    value_loss           | 91           |
------------------------------------------
-----------------------------------------
| rollout/                |             |
|    ep_len_mean          | 289         |
|    ep_rew_mean          | 253         |
| time/                   |             |
|    fps                  | 776         |
|    iterations           | 352         |
|    time_elapsed         | 522         |
|    total_timesteps      | 405504      |
| train/                  |             |
|    approx_kl            | 0.010446535 |
|    clip_fraction        | 0.076       |
|    clip_range           | 0.2         |
|    entropy_loss         | -3.09       |
|    explained_variance   | 0.62        |
|    learning_rate        | 0.0003      |
|    loss                 | 29.8        |
|    n_updates            | 3510        |
|    policy_gradient_loss | -0.00389    |
|    std                  | 0.69        |
|    value_loss           | 90.4        |
-----------------------------------------
-----------------------------------------
| rollout/                |             |
|    ep_len_mean          | 289         |
|    ep_rew_mean          | 253         |
| time/                   |             |
|    fps                  | 776         |
|    iterations           | 353         |
|    time_elapsed         | 523         |
|    total_timesteps      | 406656      |
| train/                  |             |
|    approx_kl            | 0.010182604 |
|    clip_fraction        | 0.0819      |
|    clip_range           | 0.2         |
|    entropy_loss         | -3.1        |
|    explained_variance   | 0.652       |
|    learning_rate        | 0.0003      |
|    loss                 | 32.3        |
|    n_updates            | 3520        |
|    policy_gradient_loss | 8.45e-05    |
|    std                  | 0.692       |
|    value_loss           | 90          |
-----------------------------------------
----------------------------------------
| rollout/                |            |
|    ep_len_mean          | 289        |
|    ep_rew_mean          | 253        |
| time/                   |            |
|    fps                  | 776        |
|    iterations           | 354        |
|    time_elapsed         | 525        |
|    total_timesteps      | 407808     |
| train/                  |            |
|    approx_kl            | 0.00753882 |
|    clip_fraction        | 0.0384     |
|    clip_range           | 0.2        |
|    entropy_loss         | -3.11      |
|    explained_variance   | 0.663      |
|    learning_rate        | 0.0003     |
|    loss                 | 50.1       |
|    n_updates            | 3530       |
|    policy_gradient_loss | -0.000354  |
|    std                  | 0.694      |
|    value_loss           | 90.1       |
----------------------------------------
-----------------------------------------
| rollout/                |             |
|    ep_len_mean          | 289         |
|    ep_rew_mean          | 253         |
| time/                   |             |
|    fps                  | 776         |
|    iterations           | 355         |
|    time_elapsed         | 526         |
|    total_timesteps      | 408960      |
| train/                  |             |
|    approx_kl            | 0.005244069 |
|    clip_fraction        | 0.0728      |
|    clip_range           | 0.2         |
|    entropy_loss         | -3.11       |
|    explained_variance   | 0.659       |
|    learning_rate        | 0.0003      |
|    loss                 | 42.5        |
|    n_updates            | 3540        |
|    policy_gradient_loss | -0.000638   |
|    std                  | 0.692       |
|    value_loss           | 91.1        |
-----------------------------------------
-----------------------------------------
| rollout/                |             |
|    ep_len_mean          | 289         |
|    ep_rew_mean          | 253         |
| time/                   |             |
|    fps                  | 776         |
|    iterations           | 356         |
|    time_elapsed         | 528         |
|    total_timesteps      | 410112      |
| train/                  |             |
|    approx_kl            | 0.012762344 |
|    clip_fraction        | 0.107       |
|    clip_range           | 0.2         |
|    entropy_loss         | -3.1        |
|    explained_variance   | 0.649       |
|    learning_rate        | 0.0003      |
|    loss                 | 58          |
|    n_updates            | 3550        |
|    policy_gradient_loss | -0.000716   |
|    std                  | 0.688       |
|    value_loss           | 99.8        |
-----------------------------------------
-----------------------------------------
| rollout/                |             |
|    ep_len_mean          | 289         |
|    ep_rew_mean          | 253         |
| time/                   |             |
|    fps                  | 776         |
|    iterations           | 357         |
|    time_elapsed         | 529         |
|    total_timesteps      | 411264      |
| train/                  |             |
|    approx_kl            | 0.012545632 |
|    clip_fraction        | 0.0924      |
|    clip_range           | 0.2         |
|    entropy_loss         | -3.09       |
|    explained_variance   | 0.637       |
|    learning_rate        | 0.0003      |
|    loss                 | 55.5        |
|    n_updates            | 3560        |
|    policy_gradient_loss | -0.00424    |
|    std                  | 0.69        |
|    value_loss           | 92.5        |
-----------------------------------------
-----------------------------------------
| rollout/                |             |
|    ep_len_mean          | 289         |
|    ep_rew_mean          | 253         |
| time/                   |             |
|    fps                  | 776         |
|    iterations           | 358         |
|    time_elapsed         | 530         |
|    total_timesteps      | 412416      |
| train/                  |             |
|    approx_kl            | 0.013760834 |
|    clip_fraction        | 0.129       |
|    clip_range           | 0.2         |
|    entropy_loss         | -3.1        |
|    explained_variance   | 0.631       |
|    learning_rate        | 0.0003      |
|    loss                 | 43.3        |
|    n_updates            | 3570        |
|    policy_gradient_loss | -0.00197    |
|    std                  | 0.691       |
|    value_loss           | 97.8        |
-----------------------------------------
----------------------------------------
| rollout/                |            |
|    ep_len_mean          | 289        |
|    ep_rew_mean          | 253        |
| time/                   |            |
|    fps                  | 777        |
|    iterations           | 359        |
|    time_elapsed         | 532        |
|    total_timesteps      | 413568     |
| train/                  |            |
|    approx_kl            | 0.01342955 |
|    clip_fraction        | 0.0498     |
|    clip_range           | 0.2        |
|    entropy_loss         | -3.1       |
|    explained_variance   | 0.622      |
|    learning_rate        | 0.0003     |
|    loss                 | 65.1       |
|    n_updates            | 3580       |
|    policy_gradient_loss | 0.00107    |
|    std                  | 0.692      |
|    value_loss           | 94.1       |
----------------------------------------
-----------------------------------------
| rollout/                |             |
|    ep_len_mean          | 289         |
|    ep_rew_mean          | 253         |
| time/                   |             |
|    fps                  | 777         |
|    iterations           | 360         |
|    time_elapsed         | 533         |
|    total_timesteps      | 414720      |
| train/                  |             |
|    approx_kl            | 0.009115631 |
|    clip_fraction        | 0.0753      |
|    clip_range           | 0.2         |
|    entropy_loss         | -3.1        |
|    explained_variance   | 0.612       |
|    learning_rate        | 0.0003      |
|    loss                 | 52.3        |
|    n_updates            | 3590        |
|    policy_gradient_loss | 0.00116     |
|    std                  | 0.69        |
|    value_loss           | 86.3        |
-----------------------------------------
----------------------------------------
| rollout/                |            |
|    ep_len_mean          | 289        |
|    ep_rew_mean          | 253        |
| time/                   |            |
|    fps                  | 777        |
|    iterations           | 361        |
|    time_elapsed         | 534        |
|    total_timesteps      | 415872     |
| train/                  |            |
|    approx_kl            | 0.01134879 |
|    clip_fraction        | 0.0885     |
|    clip_range           | 0.2        |
|    entropy_loss         | -3.09      |
|    explained_variance   | 0.615      |
|    learning_rate        | 0.0003     |
|    loss                 | 34         |
|    n_updates            | 3600       |
|    policy_gradient_loss | 0.00152    |
|    std                  | 0.686      |
|    value_loss           | 91.7       |
----------------------------------------
-----------------------------------------
| rollout/                |             |
|    ep_len_mean          | 289         |
|    ep_rew_mean          | 253         |
| time/                   |             |
|    fps                  | 777         |
|    iterations           | 362         |
|    time_elapsed         | 536         |
|    total_timesteps      | 417024      |
| train/                  |             |
|    approx_kl            | 0.008016021 |
|    clip_fraction        | 0.0978      |
|    clip_range           | 0.2         |
|    entropy_loss         | -3.07       |
|    explained_variance   | 0.624       |
|    learning_rate        | 0.0003      |
|    loss                 | 51.7        |
|    n_updates            | 3610        |
|    policy_gradient_loss | -0.00372    |
|    std                  | 0.684       |
|    value_loss           | 82.6        |
-----------------------------------------
-----------------------------------------
| rollout/                |             |
|    ep_len_mean          | 289         |
|    ep_rew_mean          | 253         |
| time/                   |             |
|    fps                  | 777         |
|    iterations           | 363         |
|    time_elapsed         | 537         |
|    total_timesteps      | 418176      |
| train/                  |             |
|    approx_kl            | 0.009240153 |
|    clip_fraction        | 0.076       |
|    clip_range           | 0.2         |
|    entropy_loss         | -3.06       |
|    explained_variance   | 0.629       |
|    learning_rate        | 0.0003      |
|    loss                 | 57.1        |
|    n_updates            | 3620        |
|    policy_gradient_loss | -0.000931   |
|    std                  | 0.683       |
|    value_loss           | 79.9        |
-----------------------------------------
-----------------------------------------
| rollout/                |             |
|    ep_len_mean          | 289         |
|    ep_rew_mean          | 253         |
| time/                   |             |
|    fps                  | 777         |
|    iterations           | 364         |
|    time_elapsed         | 539         |
|    total_timesteps      | 419328      |
| train/                  |             |
|    approx_kl            | 0.009071056 |
|    clip_fraction        | 0.138       |
|    clip_range           | 0.2         |
|    entropy_loss         | -3.05       |
|    explained_variance   | 0.635       |
|    learning_rate        | 0.0003      |
|    loss                 | 24.4        |
|    n_updates            | 3630        |
|    policy_gradient_loss | -0.00664    |
|    std                  | 0.682       |
|    value_loss           | 79.3        |
-----------------------------------------
Eval num_timesteps=420000, episode_reward=257.08 +/- 0.00
Episode length: 289.00 +/- 0.00
-----------------------------------------
| eval/                   |             |
|    mean_ep_length       | 289         |
|    mean_reward          | 257         |
| time/                   |             |
|    total_timesteps      | 420000      |
| train/                  |             |
|    approx_kl            | 0.007905354 |
|    clip_fraction        | 0.107       |
|    clip_range           | 0.2         |
|    entropy_loss         | -3.05       |
|    explained_variance   | 0.623       |
|    learning_rate        | 0.0003      |
|    loss                 | 32.8        |
|    n_updates            | 3640        |
|    policy_gradient_loss | -0.000129   |
|    std                  | 0.683       |
|    value_loss           | 77.1        |
-----------------------------------------
---------------------------------
| rollout/           |          |
|    ep_len_mean     | 289      |
|    ep_rew_mean     | 253      |
| time/              |          |
|    fps             | 775      |
|    iterations      | 365      |
|    time_elapsed    | 542      |
|    total_timesteps | 420480   |
---------------------------------
------------------------------------------
| rollout/                |              |
|    ep_len_mean          | 289          |
|    ep_rew_mean          | 253          |
| time/                   |              |
|    fps                  | 775          |
|    iterations           | 366          |
|    time_elapsed         | 543          |
|    total_timesteps      | 421632       |
| train/                  |              |
|    approx_kl            | 0.0067919535 |
|    clip_fraction        | 0.0908       |
|    clip_range           | 0.2          |
|    entropy_loss         | -3.05        |
|    explained_variance   | 0.652        |
|    learning_rate        | 0.0003       |
|    loss                 | 61.8         |
|    n_updates            | 3650         |
|    policy_gradient_loss | -0.00203     |
|    std                  | 0.682        |
|    value_loss           | 79.5         |
------------------------------------------
-----------------------------------------
| rollout/                |             |
|    ep_len_mean          | 289         |
|    ep_rew_mean          | 252         |
| time/                   |             |
|    fps                  | 775         |
|    iterations           | 367         |
|    time_elapsed         | 544         |
|    total_timesteps      | 422784      |
| train/                  |             |
|    approx_kl            | 0.005725044 |
|    clip_fraction        | 0.0761      |
|    clip_range           | 0.2         |
|    entropy_loss         | -3.05       |
|    explained_variance   | 0.636       |
|    learning_rate        | 0.0003      |
|    loss                 | 39.9        |
|    n_updates            | 3660        |
|    policy_gradient_loss | -0.00372    |
|    std                  | 0.683       |
|    value_loss           | 80.3        |
-----------------------------------------
-----------------------------------------
| rollout/                |             |
|    ep_len_mean          | 289         |
|    ep_rew_mean          | 252         |
| time/                   |             |
|    fps                  | 776         |
|    iterations           | 368         |
|    time_elapsed         | 546         |
|    total_timesteps      | 423936      |
| train/                  |             |
|    approx_kl            | 0.016315991 |
|    clip_fraction        | 0.166       |
|    clip_range           | 0.2         |
|    entropy_loss         | -3.04       |
|    explained_variance   | 0.633       |
|    learning_rate        | 0.0003      |
|    loss                 | 41          |
|    n_updates            | 3670        |
|    policy_gradient_loss | 0.0048      |
|    std                  | 0.68        |
|    value_loss           | 81.3        |
-----------------------------------------
-----------------------------------------
| rollout/                |             |
|    ep_len_mean          | 289         |
|    ep_rew_mean          | 252         |
| time/                   |             |
|    fps                  | 776         |
|    iterations           | 369         |
|    time_elapsed         | 547         |
|    total_timesteps      | 425088      |
| train/                  |             |
|    approx_kl            | 0.012440503 |
|    clip_fraction        | 0.151       |
|    clip_range           | 0.2         |
|    entropy_loss         | -3.04       |
|    explained_variance   | 0.639       |
|    learning_rate        | 0.0003      |
|    loss                 | 53.3        |
|    n_updates            | 3680        |
|    policy_gradient_loss | -0.00977    |
|    std                  | 0.682       |
|    value_loss           | 84.3        |
-----------------------------------------
-----------------------------------------
| rollout/                |             |
|    ep_len_mean          | 289         |
|    ep_rew_mean          | 252         |
| time/                   |             |
|    fps                  | 776         |
|    iterations           | 370         |
|    time_elapsed         | 549         |
|    total_timesteps      | 426240      |
| train/                  |             |
|    approx_kl            | 0.006475687 |
|    clip_fraction        | 0.0845      |
|    clip_range           | 0.2         |
|    entropy_loss         | -3.05       |
|    explained_variance   | 0.634       |
|    learning_rate        | 0.0003      |
|    loss                 | 39.1        |
|    n_updates            | 3690        |
|    policy_gradient_loss | 0.000987    |
|    std                  | 0.684       |
|    value_loss           | 85.4        |
-----------------------------------------
-----------------------------------------
| rollout/                |             |
|    ep_len_mean          | 289         |
|    ep_rew_mean          | 252         |
| time/                   |             |
|    fps                  | 776         |
|    iterations           | 371         |
|    time_elapsed         | 550         |
|    total_timesteps      | 427392      |
| train/                  |             |
|    approx_kl            | 0.010297098 |
|    clip_fraction        | 0.129       |
|    clip_range           | 0.2         |
|    entropy_loss         | -3.06       |
|    explained_variance   | 0.626       |
|    learning_rate        | 0.0003      |
|    loss                 | 39.5        |
|    n_updates            | 3700        |
|    policy_gradient_loss | -0.00251    |
|    std                  | 0.684       |
|    value_loss           | 86.3        |
-----------------------------------------
-----------------------------------------
| rollout/                |             |
|    ep_len_mean          | 289         |
|    ep_rew_mean          | 252         |
| time/                   |             |
|    fps                  | 776         |
|    iterations           | 372         |
|    time_elapsed         | 551         |
|    total_timesteps      | 428544      |
| train/                  |             |
|    approx_kl            | 0.012181815 |
|    clip_fraction        | 0.102       |
|    clip_range           | 0.2         |
|    entropy_loss         | -3.06       |
|    explained_variance   | 0.634       |
|    learning_rate        | 0.0003      |
|    loss                 | 45.6        |
|    n_updates            | 3710        |
|    policy_gradient_loss | -0.00479    |
|    std                  | 0.684       |
|    value_loss           | 88.8        |
-----------------------------------------
-----------------------------------------
| rollout/                |             |
|    ep_len_mean          | 289         |
|    ep_rew_mean          | 252         |
| time/                   |             |
|    fps                  | 776         |
|    iterations           | 373         |
|    time_elapsed         | 553         |
|    total_timesteps      | 429696      |
| train/                  |             |
|    approx_kl            | 0.006808599 |
|    clip_fraction        | 0.0859      |
|    clip_range           | 0.2         |
|    entropy_loss         | -3.06       |
|    explained_variance   | 0.65        |
|    learning_rate        | 0.0003      |
|    loss                 | 20.9        |
|    n_updates            | 3720        |
|    policy_gradient_loss | -0.00183    |
|    std                  | 0.685       |
|    value_loss           | 88.6        |
-----------------------------------------
------------------------------------------
| rollout/                |              |
|    ep_len_mean          | 289          |
|    ep_rew_mean          | 252          |
| time/                   |              |
|    fps                  | 776          |
|    iterations           | 374          |
|    time_elapsed         | 554          |
|    total_timesteps      | 430848       |
| train/                  |              |
|    approx_kl            | 0.0032268078 |
|    clip_fraction        | 0.0655       |
|    clip_range           | 0.2          |
|    entropy_loss         | -3.07        |
|    explained_variance   | 0.663        |
|    learning_rate        | 0.0003       |
|    loss                 | 45.1         |
|    n_updates            | 3730         |
|    policy_gradient_loss | -0.000471    |
|    std                  | 0.686        |
|    value_loss           | 90           |
------------------------------------------
-----------------------------------------
| rollout/                |             |
|    ep_len_mean          | 289         |
|    ep_rew_mean          | 252         |
| time/                   |             |
|    fps                  | 777         |
|    iterations           | 375         |
|    time_elapsed         | 555         |
|    total_timesteps      | 432000      |
| train/                  |             |
|    approx_kl            | 0.018834407 |
|    clip_fraction        | 0.147       |
|    clip_range           | 0.2         |
|    entropy_loss         | -3.08       |
|    explained_variance   | 0.658       |
|    learning_rate        | 0.0003      |
|    loss                 | 42          |
|    n_updates            | 3740        |
|    policy_gradient_loss | -0.00633    |
|    std                  | 0.689       |
|    value_loss           | 89.7        |
-----------------------------------------
------------------------------------------
| rollout/                |              |
|    ep_len_mean          | 289          |
|    ep_rew_mean          | 252          |
| time/                   |              |
|    fps                  | 777          |
|    iterations           | 376          |
|    time_elapsed         | 557          |
|    total_timesteps      | 433152       |
| train/                  |              |
|    approx_kl            | 0.0051917573 |
|    clip_fraction        | 0.119        |
|    clip_range           | 0.2          |
|    entropy_loss         | -3.09        |
|    explained_variance   | 0.656        |
|    learning_rate        | 0.0003       |
|    loss                 | 52.9         |
|    n_updates            | 3750         |
|    policy_gradient_loss | -0.00449     |
|    std                  | 0.69         |
|    value_loss           | 87.4         |
------------------------------------------
------------------------------------------
| rollout/                |              |
|    ep_len_mean          | 289          |
|    ep_rew_mean          | 252          |
| time/                   |              |
|    fps                  | 777          |
|    iterations           | 377          |
|    time_elapsed         | 558          |
|    total_timesteps      | 434304       |
| train/                  |              |
|    approx_kl            | 0.0050595347 |
|    clip_fraction        | 0.1          |
|    clip_range           | 0.2          |
|    entropy_loss         | -3.09        |
|    explained_variance   | 0.63         |
|    learning_rate        | 0.0003       |
|    loss                 | 44           |
|    n_updates            | 3760         |
|    policy_gradient_loss | -0.00309     |
|    std                  | 0.69         |
|    value_loss           | 87.6         |
------------------------------------------
----------------------------------------
| rollout/                |            |
|    ep_len_mean          | 289        |
|    ep_rew_mean          | 252        |
| time/                   |            |
|    fps                  | 777        |
|    iterations           | 378        |
|    time_elapsed         | 560        |
|    total_timesteps      | 435456     |
| train/                  |            |
|    approx_kl            | 0.00762391 |
|    clip_fraction        | 0.0747     |
|    clip_range           | 0.2        |
|    entropy_loss         | -3.09      |
|    explained_variance   | 0.625      |
|    learning_rate        | 0.0003     |
|    loss                 | 69.8       |
|    n_updates            | 3770       |
|    policy_gradient_loss | 0.00237    |
|    std                  | 0.69       |
|    value_loss           | 87.6       |
----------------------------------------
------------------------------------------
| rollout/                |              |
|    ep_len_mean          | 289          |
|    ep_rew_mean          | 252          |
| time/                   |              |
|    fps                  | 777          |
|    iterations           | 379          |
|    time_elapsed         | 561          |
|    total_timesteps      | 436608       |
| train/                  |              |
|    approx_kl            | 0.0089515755 |
|    clip_fraction        | 0.151        |
|    clip_range           | 0.2          |
|    entropy_loss         | -3.09        |
|    explained_variance   | 0.635        |
|    learning_rate        | 0.0003       |
|    loss                 | 43.3         |
|    n_updates            | 3780         |
|    policy_gradient_loss | -0.00649     |
|    std                  | 0.691        |
|    value_loss           | 88.6         |
------------------------------------------
-----------------------------------------
| rollout/                |             |
|    ep_len_mean          | 289         |
|    ep_rew_mean          | 252         |
| time/                   |             |
|    fps                  | 777         |
|    iterations           | 380         |
|    time_elapsed         | 562         |
|    total_timesteps      | 437760      |
| train/                  |             |
|    approx_kl            | 0.006748605 |
|    clip_fraction        | 0.15        |
|    clip_range           | 0.2         |
|    entropy_loss         | -3.1        |
|    explained_variance   | 0.643       |
|    learning_rate        | 0.0003      |
|    loss                 | 51.4        |
|    n_updates            | 3790        |
|    policy_gradient_loss | 0.000945    |
|    std                  | 0.693       |
|    value_loss           | 87.5        |
-----------------------------------------
-----------------------------------------
| rollout/                |             |
|    ep_len_mean          | 289         |
|    ep_rew_mean          | 252         |
| time/                   |             |
|    fps                  | 777         |
|    iterations           | 381         |
|    time_elapsed         | 564         |
|    total_timesteps      | 438912      |
| train/                  |             |
|    approx_kl            | 0.005051566 |
|    clip_fraction        | 0.102       |
|    clip_range           | 0.2         |
|    entropy_loss         | -3.09       |
|    explained_variance   | 0.639       |
|    learning_rate        | 0.0003      |
|    loss                 | 45.5        |
|    n_updates            | 3800        |
|    policy_gradient_loss | -0.000588   |
|    std                  | 0.688       |
|    value_loss           | 88.5        |
-----------------------------------------
Eval num_timesteps=440000, episode_reward=257.08 +/- 0.00
Episode length: 289.00 +/- 0.00
-----------------------------------------
| eval/                   |             |
|    mean_ep_length       | 289         |
|    mean_reward          | 257         |
| time/                   |             |
|    total_timesteps      | 440000      |
| train/                  |             |
|    approx_kl            | 0.003415299 |
|    clip_fraction        | 0.0839      |
|    clip_range           | 0.2         |
|    entropy_loss         | -3.09       |
|    explained_variance   | 0.628       |
|    learning_rate        | 0.0003      |
|    loss                 | 56.8        |
|    n_updates            | 3810        |
|    policy_gradient_loss | 0.000833    |
|    std                  | 0.691       |
|    value_loss           | 88.8        |
-----------------------------------------
---------------------------------
| rollout/           |          |
|    ep_len_mean     | 289      |
|    ep_rew_mean     | 252      |
| time/              |          |
|    fps             | 775      |
|    iterations      | 382      |
|    time_elapsed    | 567      |
|    total_timesteps | 440064   |
---------------------------------
-----------------------------------------
| rollout/                |             |
|    ep_len_mean          | 289         |
|    ep_rew_mean          | 252         |
| time/                   |             |
|    fps                  | 775         |
|    iterations           | 383         |
|    time_elapsed         | 568         |
|    total_timesteps      | 441216      |
| train/                  |             |
|    approx_kl            | 0.003636068 |
|    clip_fraction        | 0.111       |
|    clip_range           | 0.2         |
|    entropy_loss         | -3.09       |
|    explained_variance   | 0.66        |
|    learning_rate        | 0.0003      |
|    loss                 | 25.2        |
|    n_updates            | 3820        |
|    policy_gradient_loss | -0.00772    |
|    std                  | 0.691       |
|    value_loss           | 92.9        |
-----------------------------------------
-----------------------------------------
| rollout/                |             |
|    ep_len_mean          | 289         |
|    ep_rew_mean          | 252         |
| time/                   |             |
|    fps                  | 776         |
|    iterations           | 384         |
|    time_elapsed         | 570         |
|    total_timesteps      | 442368      |
| train/                  |             |
|    approx_kl            | 0.006988915 |
|    clip_fraction        | 0.0911      |
|    clip_range           | 0.2         |
|    entropy_loss         | -3.08       |
|    explained_variance   | 0.654       |
|    learning_rate        | 0.0003      |
|    loss                 | 51.4        |
|    n_updates            | 3830        |
|    policy_gradient_loss | -0.00461    |
|    std                  | 0.688       |
|    value_loss           | 89.6        |
-----------------------------------------
----------------------------------------
| rollout/                |            |
|    ep_len_mean          | 289        |
|    ep_rew_mean          | 252        |
| time/                   |            |
|    fps                  | 776        |
|    iterations           | 385        |
|    time_elapsed         | 571        |
|    total_timesteps      | 443520     |
| train/                  |            |
|    approx_kl            | 0.00988628 |
|    clip_fraction        | 0.128      |
|    clip_range           | 0.2        |
|    entropy_loss         | -3.08      |
|    explained_variance   | 0.632      |
|    learning_rate        | 0.0003     |
|    loss                 | 29.5       |
|    n_updates            | 3840       |
|    policy_gradient_loss | -0.00357   |
|    std                  | 0.69       |
|    value_loss           | 88.4       |
----------------------------------------
-----------------------------------------
| rollout/                |             |
|    ep_len_mean          | 289         |
|    ep_rew_mean          | 252         |
| time/                   |             |
|    fps                  | 776         |
|    iterations           | 386         |
|    time_elapsed         | 572         |
|    total_timesteps      | 444672      |
| train/                  |             |
|    approx_kl            | 0.008207283 |
|    clip_fraction        | 0.106       |
|    clip_range           | 0.2         |
|    entropy_loss         | -3.08       |
|    explained_variance   | 0.64        |
|    learning_rate        | 0.0003      |
|    loss                 | 36.9        |
|    n_updates            | 3850        |
|    policy_gradient_loss | -0.0012     |
|    std                  | 0.688       |
|    value_loss           | 88.4        |
-----------------------------------------
------------------------------------------
| rollout/                |              |
|    ep_len_mean          | 289          |
|    ep_rew_mean          | 252          |
| time/                   |              |
|    fps                  | 776          |
|    iterations           | 387          |
|    time_elapsed         | 574          |
|    total_timesteps      | 445824       |
| train/                  |              |
|    approx_kl            | 0.0059388382 |
|    clip_fraction        | 0.0558       |
|    clip_range           | 0.2          |
|    entropy_loss         | -3.08        |
|    explained_variance   | 0.624        |
|    learning_rate        | 0.0003       |
|    loss                 | 33.3         |
|    n_updates            | 3860         |
|    policy_gradient_loss | -0.000876    |
|    std                  | 0.692        |
|    value_loss           | 89.2         |
------------------------------------------
------------------------------------------
| rollout/                |              |
|    ep_len_mean          | 289          |
|    ep_rew_mean          | 252          |
| time/                   |              |
|    fps                  | 776          |
|    iterations           | 388          |
|    time_elapsed         | 575          |
|    total_timesteps      | 446976       |
| train/                  |              |
|    approx_kl            | 0.0035934746 |
|    clip_fraction        | 0.0595       |
|    clip_range           | 0.2          |
|    entropy_loss         | -3.08        |
|    explained_variance   | 0.635        |
|    learning_rate        | 0.0003       |
|    loss                 | 27.9         |
|    n_updates            | 3870         |
|    policy_gradient_loss | -0.00326     |
|    std                  | 0.689        |
|    value_loss           | 90.5         |
------------------------------------------
------------------------------------------
| rollout/                |              |
|    ep_len_mean          | 289          |
|    ep_rew_mean          | 252          |
| time/                   |              |
|    fps                  | 776          |
|    iterations           | 389          |
|    time_elapsed         | 576          |
|    total_timesteps      | 448128       |
| train/                  |              |
|    approx_kl            | 0.0051599313 |
|    clip_fraction        | 0.0954       |
|    clip_range           | 0.2          |
|    entropy_loss         | -3.07        |
|    explained_variance   | 0.628        |
|    learning_rate        | 0.0003       |
|    loss                 | 40.9         |
|    n_updates            | 3880         |
|    policy_gradient_loss | -0.00292     |
|    std                  | 0.685        |
|    value_loss           | 89.3         |
------------------------------------------
-----------------------------------------
| rollout/                |             |
|    ep_len_mean          | 289         |
|    ep_rew_mean          | 252         |
| time/                   |             |
|    fps                  | 776         |
|    iterations           | 390         |
|    time_elapsed         | 578         |
|    total_timesteps      | 449280      |
| train/                  |             |
|    approx_kl            | 0.007159695 |
|    clip_fraction        | 0.0851      |
|    clip_range           | 0.2         |
|    entropy_loss         | -3.05       |
|    explained_variance   | 0.641       |
|    learning_rate        | 0.0003      |
|    loss                 | 47.5        |
|    n_updates            | 3890        |
|    policy_gradient_loss | -0.00238    |
|    std                  | 0.682       |
|    value_loss           | 92.4        |
-----------------------------------------
----------------------------------------
| rollout/                |            |
|    ep_len_mean          | 289        |
|    ep_rew_mean          | 252        |
| time/                   |            |
|    fps                  | 776        |
|    iterations           | 391        |
|    time_elapsed         | 579        |
|    total_timesteps      | 450432     |
| train/                  |            |
|    approx_kl            | 0.00397231 |
|    clip_fraction        | 0.0528     |
|    clip_range           | 0.2        |
|    entropy_loss         | -3.05      |
|    explained_variance   | 0.653      |
|    learning_rate        | 0.0003     |
|    loss                 | 73.4       |
|    n_updates            | 3900       |
|    policy_gradient_loss | -0.00154   |
|    std                  | 0.684      |
|    value_loss           | 91.9       |
----------------------------------------
------------------------------------------
| rollout/                |              |
|    ep_len_mean          | 289          |
|    ep_rew_mean          | 252          |
| time/                   |              |
|    fps                  | 777          |
|    iterations           | 392          |
|    time_elapsed         | 581          |
|    total_timesteps      | 451584       |
| train/                  |              |
|    approx_kl            | 0.0065281806 |
|    clip_fraction        | 0.102        |
|    clip_range           | 0.2          |
|    entropy_loss         | -3.06        |
|    explained_variance   | 0.624        |
|    learning_rate        | 0.0003       |
|    loss                 | 31.9         |
|    n_updates            | 3910         |
|    policy_gradient_loss | -0.000479    |
|    std                  | 0.687        |
|    value_loss           | 85.6         |
------------------------------------------
-----------------------------------------
| rollout/                |             |
|    ep_len_mean          | 289         |
|    ep_rew_mean          | 251         |
| time/                   |             |
|    fps                  | 777         |
|    iterations           | 393         |
|    time_elapsed         | 582         |
|    total_timesteps      | 452736      |
| train/                  |             |
|    approx_kl            | 0.011043332 |
|    clip_fraction        | 0.0658      |
|    clip_range           | 0.2         |
|    entropy_loss         | -3.08       |
|    explained_variance   | 0.626       |
|    learning_rate        | 0.0003      |
|    loss                 | 39.3        |
|    n_updates            | 3920        |
|    policy_gradient_loss | -0.00112    |
|    std                  | 0.694       |
|    value_loss           | 87.3        |
-----------------------------------------
-----------------------------------------
| rollout/                |             |
|    ep_len_mean          | 289         |
|    ep_rew_mean          | 251         |
| time/                   |             |
|    fps                  | 777         |
|    iterations           | 394         |
|    time_elapsed         | 583         |
|    total_timesteps      | 453888      |
| train/                  |             |
|    approx_kl            | 0.003489363 |
|    clip_fraction        | 0.0371      |
|    clip_range           | 0.2         |
|    entropy_loss         | -3.1        |
|    explained_variance   | 0.618       |
|    learning_rate        | 0.0003      |
|    loss                 | 45.6        |
|    n_updates            | 3930        |
|    policy_gradient_loss | -0.000634   |
|    std                  | 0.696       |
|    value_loss           | 89.3        |
-----------------------------------------
-----------------------------------------
| rollout/                |             |
|    ep_len_mean          | 289         |
|    ep_rew_mean          | 251         |
| time/                   |             |
|    fps                  | 777         |
|    iterations           | 395         |
|    time_elapsed         | 585         |
|    total_timesteps      | 455040      |
| train/                  |             |
|    approx_kl            | 0.012773039 |
|    clip_fraction        | 0.139       |
|    clip_range           | 0.2         |
|    entropy_loss         | -3.11       |
|    explained_variance   | 0.631       |
|    learning_rate        | 0.0003      |
|    loss                 | 63.1        |
|    n_updates            | 3940        |
|    policy_gradient_loss | 0.00274     |
|    std                  | 0.698       |
|    value_loss           | 89.9        |
-----------------------------------------
------------------------------------------
| rollout/                |              |
|    ep_len_mean          | 289          |
|    ep_rew_mean          | 251          |
| time/                   |              |
|    fps                  | 777          |
|    iterations           | 396          |
|    time_elapsed         | 586          |
|    total_timesteps      | 456192       |
| train/                  |              |
|    approx_kl            | 0.0072857663 |
|    clip_fraction        | 0.0868       |
|    clip_range           | 0.2          |
|    entropy_loss         | -3.11        |
|    explained_variance   | 0.649        |
|    learning_rate        | 0.0003       |
|    loss                 | 53.4         |
|    n_updates            | 3950         |
|    policy_gradient_loss | -0.00372     |
|    std                  | 0.7          |
|    value_loss           | 91           |
------------------------------------------
-----------------------------------------
| rollout/                |             |
|    ep_len_mean          | 289         |
|    ep_rew_mean          | 251         |
| time/                   |             |
|    fps                  | 777         |
|    iterations           | 397         |
|    time_elapsed         | 588         |
|    total_timesteps      | 457344      |
| train/                  |             |
|    approx_kl            | 0.007950518 |
|    clip_fraction        | 0.122       |
|    clip_range           | 0.2         |
|    entropy_loss         | -3.12       |
|    explained_variance   | 0.641       |
|    learning_rate        | 0.0003      |
|    loss                 | 80.8        |
|    n_updates            | 3960        |
|    policy_gradient_loss | -0.00708    |
|    std                  | 0.699       |
|    value_loss           | 89.9        |
-----------------------------------------
------------------------------------------
| rollout/                |              |
|    ep_len_mean          | 289          |
|    ep_rew_mean          | 251          |
| time/                   |              |
|    fps                  | 777          |
|    iterations           | 398          |
|    time_elapsed         | 589          |
|    total_timesteps      | 458496       |
| train/                  |              |
|    approx_kl            | 0.0062013916 |
|    clip_fraction        | 0.113        |
|    clip_range           | 0.2          |
|    entropy_loss         | -3.11        |
|    explained_variance   | 0.657        |
|    learning_rate        | 0.0003       |
|    loss                 | 58.1         |
|    n_updates            | 3970         |
|    policy_gradient_loss | -0.00215     |
|    std                  | 0.696        |
|    value_loss           | 90.4         |
------------------------------------------
------------------------------------------
| rollout/                |              |
|    ep_len_mean          | 289          |
|    ep_rew_mean          | 251          |
| time/                   |              |
|    fps                  | 777          |
|    iterations           | 399          |
|    time_elapsed         | 590          |
|    total_timesteps      | 459648       |
| train/                  |              |
|    approx_kl            | 0.0064791497 |
|    clip_fraction        | 0.076        |
|    clip_range           | 0.2          |
|    entropy_loss         | -3.1         |
|    explained_variance   | 0.638        |
|    learning_rate        | 0.0003       |
|    loss                 | 29           |
|    n_updates            | 3980         |
|    policy_gradient_loss | 0.000946     |
|    std                  | 0.694        |
|    value_loss           | 87           |
------------------------------------------
Eval num_timesteps=460000, episode_reward=252.63 +/- 0.00
Episode length: 289.00 +/- 0.00
-----------------------------------------
| eval/                   |             |
|    mean_ep_length       | 289         |
|    mean_reward          | 253         |
| time/                   |             |
|    total_timesteps      | 460000      |
| train/                  |             |
|    approx_kl            | 0.007517082 |
|    clip_fraction        | 0.103       |
|    clip_range           | 0.2         |
|    entropy_loss         | -3.09       |
|    explained_variance   | 0.657       |
|    learning_rate        | 0.0003      |
|    loss                 | 41.7        |
|    n_updates            | 3990        |
|    policy_gradient_loss | -0.00431    |
|    std                  | 0.694       |
|    value_loss           | 86.1        |
-----------------------------------------
---------------------------------
| rollout/           |          |
|    ep_len_mean     | 289      |
|    ep_rew_mean     | 251      |
| time/              |          |
|    fps             | 775      |
|    iterations      | 400      |
|    time_elapsed    | 593      |
|    total_timesteps | 460800   |
---------------------------------
------------------------------------------
| rollout/                |              |
|    ep_len_mean          | 289          |
|    ep_rew_mean          | 251          |
| time/                   |              |
|    fps                  | 776          |
|    iterations           | 401          |
|    time_elapsed         | 595          |
|    total_timesteps      | 461952       |
| train/                  |              |
|    approx_kl            | 0.0031876622 |
|    clip_fraction        | 0.0787       |
|    clip_range           | 0.2          |
|    entropy_loss         | -3.1         |
|    explained_variance   | 0.643        |
|    learning_rate        | 0.0003       |
|    loss                 | 40.3         |
|    n_updates            | 4000         |
|    policy_gradient_loss | -0.000802    |
|    std                  | 0.697        |
|    value_loss           | 84.7         |
------------------------------------------
-----------------------------------------
| rollout/                |             |
|    ep_len_mean          | 289         |
|    ep_rew_mean          | 251         |
| time/                   |             |
|    fps                  | 776         |
|    iterations           | 402         |
|    time_elapsed         | 596         |
|    total_timesteps      | 463104      |
| train/                  |             |
|    approx_kl            | 0.007838319 |
|    clip_fraction        | 0.12        |
|    clip_range           | 0.2         |
|    entropy_loss         | -3.1        |
|    explained_variance   | 0.638       |
|    learning_rate        | 0.0003      |
|    loss                 | 25.1        |
|    n_updates            | 4010        |
|    policy_gradient_loss | -0.00464    |
|    std                  | 0.693       |
|    value_loss           | 86.5        |
-----------------------------------------
------------------------------------------
| rollout/                |              |
|    ep_len_mean          | 289          |
|    ep_rew_mean          | 251          |
| time/                   |              |
|    fps                  | 776          |
|    iterations           | 403          |
|    time_elapsed         | 598          |
|    total_timesteps      | 464256       |
| train/                  |              |
|    approx_kl            | 0.0033353402 |
|    clip_fraction        | 0.0834       |
|    clip_range           | 0.2          |
|    entropy_loss         | -3.09        |
|    explained_variance   | 0.636        |
|    learning_rate        | 0.0003       |
|    loss                 | 40.2         |
|    n_updates            | 4020         |
|    policy_gradient_loss | -0.0044      |
|    std                  | 0.695        |
|    value_loss           | 83.6         |
------------------------------------------
------------------------------------------
| rollout/                |              |
|    ep_len_mean          | 289          |
|    ep_rew_mean          | 251          |
| time/                   |              |
|    fps                  | 776          |
|    iterations           | 404          |
|    time_elapsed         | 599          |
|    total_timesteps      | 465408       |
| train/                  |              |
|    approx_kl            | 0.0029781864 |
|    clip_fraction        | 0.0498       |
|    clip_range           | 0.2          |
|    entropy_loss         | -3.1         |
|    explained_variance   | 0.619        |
|    learning_rate        | 0.0003       |
|    loss                 | 31.9         |
|    n_updates            | 4030         |
|    policy_gradient_loss | -0.00102     |
|    std                  | 0.695        |
|    value_loss           | 84.6         |
------------------------------------------
-----------------------------------------
| rollout/                |             |
|    ep_len_mean          | 289         |
|    ep_rew_mean          | 251         |
| time/                   |             |
|    fps                  | 776         |
|    iterations           | 405         |
|    time_elapsed         | 600         |
|    total_timesteps      | 466560      |
| train/                  |             |
|    approx_kl            | 0.004720315 |
|    clip_fraction        | 0.0922      |
|    clip_range           | 0.2         |
|    entropy_loss         | -3.1        |
|    explained_variance   | 0.626       |
|    learning_rate        | 0.0003      |
|    loss                 | 52.1        |
|    n_updates            | 4040        |
|    policy_gradient_loss | -0.000594   |
|    std                  | 0.693       |
|    value_loss           | 87.7        |
-----------------------------------------
-----------------------------------------
| rollout/                |             |
|    ep_len_mean          | 289         |
|    ep_rew_mean          | 251         |
| time/                   |             |
|    fps                  | 776         |
|    iterations           | 406         |
|    time_elapsed         | 602         |
|    total_timesteps      | 467712      |
| train/                  |             |
|    approx_kl            | 0.008194931 |
|    clip_fraction        | 0.0921      |
|    clip_range           | 0.2         |
|    entropy_loss         | -3.09       |
|    explained_variance   | 0.621       |
|    learning_rate        | 0.0003      |
|    loss                 | 69.3        |
|    n_updates            | 4050        |
|    policy_gradient_loss | -0.0042     |
|    std                  | 0.687       |
|    value_loss           | 89.4        |
-----------------------------------------
-----------------------------------------
| rollout/                |             |
|    ep_len_mean          | 289         |
|    ep_rew_mean          | 251         |
| time/                   |             |
|    fps                  | 776         |
|    iterations           | 407         |
|    time_elapsed         | 603         |
|    total_timesteps      | 468864      |
| train/                  |             |
|    approx_kl            | 0.009450504 |
|    clip_fraction        | 0.11        |
|    clip_range           | 0.2         |
|    entropy_loss         | -3.07       |
|    explained_variance   | 0.622       |
|    learning_rate        | 0.0003      |
|    loss                 | 24.5        |
|    n_updates            | 4060        |
|    policy_gradient_loss | -0.00234    |
|    std                  | 0.686       |
|    value_loss           | 92.1        |
-----------------------------------------
-----------------------------------------
| rollout/                |             |
|    ep_len_mean          | 289         |
|    ep_rew_mean          | 251         |
| time/                   |             |
|    fps                  | 776         |
|    iterations           | 408         |
|    time_elapsed         | 604         |
|    total_timesteps      | 470016      |
| train/                  |             |
|    approx_kl            | 0.004818866 |
|    clip_fraction        | 0.0885      |
|    clip_range           | 0.2         |
|    entropy_loss         | -3.07       |
|    explained_variance   | 0.626       |
|    learning_rate        | 0.0003      |
|    loss                 | 33.9        |
|    n_updates            | 4070        |
|    policy_gradient_loss | -0.00483    |
|    std                  | 0.686       |
|    value_loss           | 90.5        |
-----------------------------------------
-----------------------------------------
| rollout/                |             |
|    ep_len_mean          | 289         |
|    ep_rew_mean          | 251         |
| time/                   |             |
|    fps                  | 777         |
|    iterations           | 409         |
|    time_elapsed         | 606         |
|    total_timesteps      | 471168      |
| train/                  |             |
|    approx_kl            | 0.015067571 |
|    clip_fraction        | 0.116       |
|    clip_range           | 0.2         |
|    entropy_loss         | -3.06       |
|    explained_variance   | 0.627       |
|    learning_rate        | 0.0003      |
|    loss                 | 46          |
|    n_updates            | 4080        |
|    policy_gradient_loss | -0.0049     |
|    std                  | 0.685       |
|    value_loss           | 89.2        |
-----------------------------------------
------------------------------------------
| rollout/                |              |
|    ep_len_mean          | 289          |
|    ep_rew_mean          | 251          |
| time/                   |              |
|    fps                  | 777          |
|    iterations           | 410          |
|    time_elapsed         | 607          |
|    total_timesteps      | 472320       |
| train/                  |              |
|    approx_kl            | 0.0074513014 |
|    clip_fraction        | 0.0552       |
|    clip_range           | 0.2          |
|    entropy_loss         | -3.07        |
|    explained_variance   | 0.638        |
|    learning_rate        | 0.0003       |
|    loss                 | 37.3         |
|    n_updates            | 4090         |
|    policy_gradient_loss | 0.000425     |
|    std                  | 0.688        |
|    value_loss           | 89.6         |
------------------------------------------
------------------------------------------
| rollout/                |              |
|    ep_len_mean          | 289          |
|    ep_rew_mean          | 251          |
| time/                   |              |
|    fps                  | 777          |
|    iterations           | 411          |
|    time_elapsed         | 609          |
|    total_timesteps      | 473472       |
| train/                  |              |
|    approx_kl            | 0.0047366503 |
|    clip_fraction        | 0.0803       |
|    clip_range           | 0.2          |
|    entropy_loss         | -3.08        |
|    explained_variance   | 0.635        |
|    learning_rate        | 0.0003       |
|    loss                 | 35.7         |
|    n_updates            | 4100         |
|    policy_gradient_loss | -0.000777    |
|    std                  | 0.688        |
|    value_loss           | 87.4         |
------------------------------------------
-----------------------------------------
| rollout/                |             |
|    ep_len_mean          | 289         |
|    ep_rew_mean          | 251         |
| time/                   |             |
|    fps                  | 777         |
|    iterations           | 412         |
|    time_elapsed         | 610         |
|    total_timesteps      | 474624      |
| train/                  |             |
|    approx_kl            | 0.012458135 |
|    clip_fraction        | 0.112       |
|    clip_range           | 0.2         |
|    entropy_loss         | -3.08       |
|    explained_variance   | 0.63        |
|    learning_rate        | 0.0003      |
|    loss                 | 44.2        |
|    n_updates            | 4110        |
|    policy_gradient_loss | -0.00491    |
|    std                  | 0.69        |
|    value_loss           | 85.4        |
-----------------------------------------
-----------------------------------------
| rollout/                |             |
|    ep_len_mean          | 289         |
|    ep_rew_mean          | 251         |
| time/                   |             |
|    fps                  | 777         |
|    iterations           | 413         |
|    time_elapsed         | 611         |
|    total_timesteps      | 475776      |
| train/                  |             |
|    approx_kl            | 0.007807392 |
|    clip_fraction        | 0.0653      |
|    clip_range           | 0.2         |
|    entropy_loss         | -3.06       |
|    explained_variance   | 0.618       |
|    learning_rate        | 0.0003      |
|    loss                 | 51.9        |
|    n_updates            | 4120        |
|    policy_gradient_loss | -0.001      |
|    std                  | 0.681       |
|    value_loss           | 85.8        |
-----------------------------------------
-----------------------------------------
| rollout/                |             |
|    ep_len_mean          | 289         |
|    ep_rew_mean          | 251         |
| time/                   |             |
|    fps                  | 777         |
|    iterations           | 414         |
|    time_elapsed         | 613         |
|    total_timesteps      | 476928      |
| train/                  |             |
|    approx_kl            | 0.008535143 |
|    clip_fraction        | 0.092       |
|    clip_range           | 0.2         |
|    entropy_loss         | -3.04       |
|    explained_variance   | 0.621       |
|    learning_rate        | 0.0003      |
|    loss                 | 50.1        |
|    n_updates            | 4130        |
|    policy_gradient_loss | -0.00097    |
|    std                  | 0.679       |
|    value_loss           | 85.6        |
-----------------------------------------
-----------------------------------------
| rollout/                |             |
|    ep_len_mean          | 289         |
|    ep_rew_mean          | 251         |
| time/                   |             |
|    fps                  | 777         |
|    iterations           | 415         |
|    time_elapsed         | 614         |
|    total_timesteps      | 478080      |
| train/                  |             |
|    approx_kl            | 0.019396296 |
|    clip_fraction        | 0.162       |
|    clip_range           | 0.2         |
|    entropy_loss         | -3.03       |
|    explained_variance   | 0.617       |
|    learning_rate        | 0.0003      |
|    loss                 | 49.2        |
|    n_updates            | 4140        |
|    policy_gradient_loss | 0.00652     |
|    std                  | 0.678       |
|    value_loss           | 84.1        |
-----------------------------------------
-----------------------------------------
| rollout/                |             |
|    ep_len_mean          | 289         |
|    ep_rew_mean          | 251         |
| time/                   |             |
|    fps                  | 777         |
|    iterations           | 416         |
|    time_elapsed         | 616         |
|    total_timesteps      | 479232      |
| train/                  |             |
|    approx_kl            | 0.005574036 |
|    clip_fraction        | 0.0726      |
|    clip_range           | 0.2         |
|    entropy_loss         | -3.02       |
|    explained_variance   | 0.633       |
|    learning_rate        | 0.0003      |
|    loss                 | 61.5        |
|    n_updates            | 4150        |
|    policy_gradient_loss | -0.00403    |
|    std                  | 0.674       |
|    value_loss           | 89.3        |
-----------------------------------------
Eval num_timesteps=480000, episode_reward=257.08 +/- 0.00
Episode length: 289.00 +/- 0.00
-----------------------------------------
| eval/                   |             |
|    mean_ep_length       | 289         |
|    mean_reward          | 257         |
| time/                   |             |
|    total_timesteps      | 480000      |
| train/                  |             |
|    approx_kl            | 0.009093435 |
|    clip_fraction        | 0.159       |
|    clip_range           | 0.2         |
|    entropy_loss         | -3          |
|    explained_variance   | 0.613       |
|    learning_rate        | 0.0003      |
|    loss                 | 32.8        |
|    n_updates            | 4160        |
|    policy_gradient_loss | -0.00267    |
|    std                  | 0.672       |
|    value_loss           | 82.3        |
-----------------------------------------
---------------------------------
| rollout/           |          |
|    ep_len_mean     | 289      |
|    ep_rew_mean     | 251      |
| time/              |          |
|    fps             | 775      |
|    iterations      | 417      |
|    time_elapsed    | 619      |
|    total_timesteps | 480384   |
---------------------------------
------------------------------------------
| rollout/                |              |
|    ep_len_mean          | 289          |
|    ep_rew_mean          | 251          |
| time/                   |              |
|    fps                  | 776          |
|    iterations           | 418          |
|    time_elapsed         | 620          |
|    total_timesteps      | 481536       |
| train/                  |              |
|    approx_kl            | 0.0067635593 |
|    clip_fraction        | 0.206        |
|    clip_range           | 0.2          |
|    entropy_loss         | -2.99        |
|    explained_variance   | 0.586        |
|    learning_rate        | 0.0003       |
|    loss                 | 20           |
|    n_updates            | 4170         |
|    policy_gradient_loss | 0.0115       |
|    std                  | 0.668        |
|    value_loss           | 82.7         |
------------------------------------------
------------------------------------------
| rollout/                |              |
|    ep_len_mean          | 289          |
|    ep_rew_mean          | 251          |
| time/                   |              |
|    fps                  | 776          |
|    iterations           | 419          |
|    time_elapsed         | 621          |
|    total_timesteps      | 482688       |
| train/                  |              |
|    approx_kl            | 0.0077633145 |
|    clip_fraction        | 0.138        |
|    clip_range           | 0.2          |
|    entropy_loss         | -2.98        |
|    explained_variance   | 0.595        |
|    learning_rate        | 0.0003       |
|    loss                 | 69           |
|    n_updates            | 4180         |
|    policy_gradient_loss | -0.00461     |
|    std                  | 0.666        |
|    value_loss           | 86.3         |
------------------------------------------
-----------------------------------------
| rollout/                |             |
|    ep_len_mean          | 289         |
|    ep_rew_mean          | 251         |
| time/                   |             |
|    fps                  | 776         |
|    iterations           | 420         |
|    time_elapsed         | 623         |
|    total_timesteps      | 483840      |
| train/                  |             |
|    approx_kl            | 0.009081065 |
|    clip_fraction        | 0.0935      |
|    clip_range           | 0.2         |
|    entropy_loss         | -2.97       |
|    explained_variance   | 0.592       |
|    learning_rate        | 0.0003      |
|    loss                 | 51.1        |
|    n_updates            | 4190        |
|    policy_gradient_loss | -0.00655    |
|    std                  | 0.664       |
|    value_loss           | 87.5        |
-----------------------------------------
-----------------------------------------
| rollout/                |             |
|    ep_len_mean          | 289         |
|    ep_rew_mean          | 251         |
| time/                   |             |
|    fps                  | 776         |
|    iterations           | 421         |
|    time_elapsed         | 624         |
|    total_timesteps      | 484992      |
| train/                  |             |
|    approx_kl            | 0.018018374 |
|    clip_fraction        | 0.152       |
|    clip_range           | 0.2         |
|    entropy_loss         | -2.96       |
|    explained_variance   | 0.626       |
|    learning_rate        | 0.0003      |
|    loss                 | 53.3        |
|    n_updates            | 4200        |
|    policy_gradient_loss | -0.00384    |
|    std                  | 0.664       |
|    value_loss           | 87.5        |
-----------------------------------------
-----------------------------------------
| rollout/                |             |
|    ep_len_mean          | 289         |
|    ep_rew_mean          | 251         |
| time/                   |             |
|    fps                  | 776         |
|    iterations           | 422         |
|    time_elapsed         | 626         |
|    total_timesteps      | 486144      |
| train/                  |             |
|    approx_kl            | 0.008031413 |
|    clip_fraction        | 0.0899      |
|    clip_range           | 0.2         |
|    entropy_loss         | -2.96       |
|    explained_variance   | 0.637       |
|    learning_rate        | 0.0003      |
|    loss                 | 38.1        |
|    n_updates            | 4210        |
|    policy_gradient_loss | -0.00289    |
|    std                  | 0.663       |
|    value_loss           | 89.3        |
-----------------------------------------
-----------------------------------------
| rollout/                |             |
|    ep_len_mean          | 289         |
|    ep_rew_mean          | 251         |
| time/                   |             |
|    fps                  | 776         |
|    iterations           | 423         |
|    time_elapsed         | 627         |
|    total_timesteps      | 487296      |
| train/                  |             |
|    approx_kl            | 0.009893174 |
|    clip_fraction        | 0.0773      |
|    clip_range           | 0.2         |
|    entropy_loss         | -2.96       |
|    explained_variance   | 0.626       |
|    learning_rate        | 0.0003      |
|    loss                 | 25.1        |
|    n_updates            | 4220        |
|    policy_gradient_loss | -0.000183   |
|    std                  | 0.663       |
|    value_loss           | 85.8        |
-----------------------------------------
------------------------------------------
| rollout/                |              |
|    ep_len_mean          | 289          |
|    ep_rew_mean          | 251          |
| time/                   |              |
|    fps                  | 776          |
|    iterations           | 424          |
|    time_elapsed         | 628          |
|    total_timesteps      | 488448       |
| train/                  |              |
|    approx_kl            | 0.0074785864 |
|    clip_fraction        | 0.123        |
|    clip_range           | 0.2          |
|    entropy_loss         | -2.94        |
|    explained_variance   | 0.613        |
|    learning_rate        | 0.0003       |
|    loss                 | 63.8         |
|    n_updates            | 4230         |
|    policy_gradient_loss | 0.000665     |
|    std                  | 0.658        |
|    value_loss           | 84.6         |
------------------------------------------
-----------------------------------------
| rollout/                |             |
|    ep_len_mean          | 289         |
|    ep_rew_mean          | 251         |
| time/                   |             |
|    fps                  | 776         |
|    iterations           | 425         |
|    time_elapsed         | 630         |
|    total_timesteps      | 489600      |
| train/                  |             |
|    approx_kl            | 0.010171548 |
|    clip_fraction        | 0.116       |
|    clip_range           | 0.2         |
|    entropy_loss         | -2.94       |
|    explained_variance   | 0.621       |
|    learning_rate        | 0.0003      |
|    loss                 | 49.5        |
|    n_updates            | 4240        |
|    policy_gradient_loss | -0.00363    |
|    std                  | 0.66        |
|    value_loss           | 85.4        |
-----------------------------------------
------------------------------------------
| rollout/                |              |
|    ep_len_mean          | 289          |
|    ep_rew_mean          | 251          |
| time/                   |              |
|    fps                  | 777          |
|    iterations           | 426          |
|    time_elapsed         | 631          |
|    total_timesteps      | 490752       |
| train/                  |              |
|    approx_kl            | 0.0069287852 |
|    clip_fraction        | 0.0807       |
|    clip_range           | 0.2          |
|    entropy_loss         | -2.94        |
|    explained_variance   | 0.621        |
|    learning_rate        | 0.0003       |
|    loss                 | 26.6         |
|    n_updates            | 4250         |
|    policy_gradient_loss | -0.00546     |
|    std                  | 0.658        |
|    value_loss           | 86           |
------------------------------------------
-----------------------------------------
| rollout/                |             |
|    ep_len_mean          | 289         |
|    ep_rew_mean          | 251         |
| time/                   |             |
|    fps                  | 777         |
|    iterations           | 427         |
|    time_elapsed         | 632         |
|    total_timesteps      | 491904      |
| train/                  |             |
|    approx_kl            | 0.008999387 |
|    clip_fraction        | 0.092       |
|    clip_range           | 0.2         |
|    entropy_loss         | -2.93       |
|    explained_variance   | 0.611       |
|    learning_rate        | 0.0003      |
|    loss                 | 51.6        |
|    n_updates            | 4260        |
|    policy_gradient_loss | -0.00123    |
|    std                  | 0.655       |
|    value_loss           | 85.6        |
-----------------------------------------
-----------------------------------------
| rollout/                |             |
|    ep_len_mean          | 289         |
|    ep_rew_mean          | 251         |
| time/                   |             |
|    fps                  | 777         |
|    iterations           | 428         |
|    time_elapsed         | 634         |
|    total_timesteps      | 493056      |
| train/                  |             |
|    approx_kl            | 0.013761794 |
|    clip_fraction        | 0.0773      |
|    clip_range           | 0.2         |
|    entropy_loss         | -2.91       |
|    explained_variance   | 0.617       |
|    learning_rate        | 0.0003      |
|    loss                 | 61.4        |
|    n_updates            | 4270        |
|    policy_gradient_loss | -0.00251    |
|    std                  | 0.652       |
|    value_loss           | 84.9        |
-----------------------------------------
-----------------------------------------
| rollout/                |             |
|    ep_len_mean          | 289         |
|    ep_rew_mean          | 251         |
| time/                   |             |
|    fps                  | 777         |
|    iterations           | 429         |
|    time_elapsed         | 635         |
|    total_timesteps      | 494208      |
| train/                  |             |
|    approx_kl            | 0.010656268 |
|    clip_fraction        | 0.165       |
|    clip_range           | 0.2         |
|    entropy_loss         | -2.9        |
|    explained_variance   | 0.619       |
|    learning_rate        | 0.0003      |
|    loss                 | 37.2        |
|    n_updates            | 4280        |
|    policy_gradient_loss | -0.00665    |
|    std                  | 0.65        |
|    value_loss           | 86.3        |
-----------------------------------------
-----------------------------------------
| rollout/                |             |
|    ep_len_mean          | 289         |
|    ep_rew_mean          | 251         |
| time/                   |             |
|    fps                  | 777         |
|    iterations           | 430         |
|    time_elapsed         | 637         |
|    total_timesteps      | 495360      |
| train/                  |             |
|    approx_kl            | 0.012248604 |
|    clip_fraction        | 0.0622      |
|    clip_range           | 0.2         |
|    entropy_loss         | -2.9        |
|    explained_variance   | 0.627       |
|    learning_rate        | 0.0003      |
|    loss                 | 48.2        |
|    n_updates            | 4290        |
|    policy_gradient_loss | 0.000368    |
|    std                  | 0.651       |
|    value_loss           | 86.4        |
-----------------------------------------
-----------------------------------------
| rollout/                |             |
|    ep_len_mean          | 289         |
|    ep_rew_mean          | 251         |
| time/                   |             |
|    fps                  | 777         |
|    iterations           | 431         |
|    time_elapsed         | 638         |
|    total_timesteps      | 496512      |
| train/                  |             |
|    approx_kl            | 0.009769123 |
|    clip_fraction        | 0.181       |
|    clip_range           | 0.2         |
|    entropy_loss         | -2.9        |
|    explained_variance   | 0.619       |
|    learning_rate        | 0.0003      |
|    loss                 | 52.7        |
|    n_updates            | 4300        |
|    policy_gradient_loss | -0.00285    |
|    std                  | 0.651       |
|    value_loss           | 85.3        |
-----------------------------------------
------------------------------------------
| rollout/                |              |
|    ep_len_mean          | 289          |
|    ep_rew_mean          | 251          |
| time/                   |              |
|    fps                  | 777          |
|    iterations           | 432          |
|    time_elapsed         | 639          |
|    total_timesteps      | 497664       |
| train/                  |              |
|    approx_kl            | 0.0067728283 |
|    clip_fraction        | 0.148        |
|    clip_range           | 0.2          |
|    entropy_loss         | -2.9         |
|    explained_variance   | 0.612        |
|    learning_rate        | 0.0003       |
|    loss                 | 76.7         |
|    n_updates            | 4310         |
|    policy_gradient_loss | -0.0044      |
|    std                  | 0.651        |
|    value_loss           | 84           |
------------------------------------------
-----------------------------------------
| rollout/                |             |
|    ep_len_mean          | 289         |
|    ep_rew_mean          | 251         |
| time/                   |             |
|    fps                  | 777         |
|    iterations           | 433         |
|    time_elapsed         | 641         |
|    total_timesteps      | 498816      |
| train/                  |             |
|    approx_kl            | 0.004887912 |
|    clip_fraction        | 0.0589      |
|    clip_range           | 0.2         |
|    entropy_loss         | -2.91       |
|    explained_variance   | 0.611       |
|    learning_rate        | 0.0003      |
|    loss                 | 24.9        |
|    n_updates            | 4320        |
|    policy_gradient_loss | 0.000198    |
|    std                  | 0.654       |
|    value_loss           | 84.4        |
-----------------------------------------
-----------------------------------------
| rollout/                |             |
|    ep_len_mean          | 289         |
|    ep_rew_mean          | 251         |
| time/                   |             |
|    fps                  | 777         |
|    iterations           | 434         |
|    time_elapsed         | 642         |
|    total_timesteps      | 499968      |
| train/                  |             |
|    approx_kl            | 0.005257423 |
|    clip_fraction        | 0.0819      |
|    clip_range           | 0.2         |
|    entropy_loss         | -2.93       |
|    explained_variance   | 0.629       |
|    learning_rate        | 0.0003      |
|    loss                 | 29.3        |
|    n_updates            | 4330        |
|    policy_gradient_loss | -0.00114    |
|    std                  | 0.659       |
|    value_loss           | 89.2        |
-----------------------------------------
Eval num_timesteps=500000, episode_reward=253.88 +/- 0.00
Episode length: 289.00 +/- 0.00
------------------------------------------
| eval/                   |              |
|    mean_ep_length       | 289          |
|    mean_reward          | 254          |
| time/                   |              |
|    total_timesteps      | 500000       |
| train/                  |              |
|    approx_kl            | 0.0035581738 |
|    clip_fraction        | 0.0855       |
|    clip_range           | 0.2          |
|    entropy_loss         | -2.94        |
|    explained_variance   | 0.635        |
|    learning_rate        | 0.0003       |
|    loss                 | 41           |
|    n_updates            | 4340         |
|    policy_gradient_loss | 0.00141      |
|    std                  | 0.656        |
|    value_loss           | 85.9         |
------------------------------------------
---------------------------------
| rollout/           |          |
|    ep_len_mean     | 289      |
|    ep_rew_mean     | 251      |
| time/              |          |
|    fps             | 776      |
|    iterations      | 435      |
|    time_elapsed    | 645      |
|    total_timesteps | 501120   |
---------------------------------
-----------------------------------------
| rollout/                |             |
|    ep_len_mean          | 289         |
|    ep_rew_mean          | 251         |
| time/                   |             |
|    fps                  | 776         |
|    iterations           | 436         |
|    time_elapsed         | 647         |
|    total_timesteps      | 502272      |
| train/                  |             |
|    approx_kl            | 0.006130333 |
|    clip_fraction        | 0.117       |
|    clip_range           | 0.2         |
|    entropy_loss         | -2.94       |
|    explained_variance   | 0.62        |
|    learning_rate        | 0.0003      |
|    loss                 | 74.1        |
|    n_updates            | 4350        |
|    policy_gradient_loss | -0.00371    |
|    std                  | 0.657       |
|    value_loss           | 83.6        |
-----------------------------------------
-----------------------------------------
| rollout/                |             |
|    ep_len_mean          | 289         |
|    ep_rew_mean          | 251         |
| time/                   |             |
|    fps                  | 776         |
|    iterations           | 437         |
|    time_elapsed         | 648         |
|    total_timesteps      | 503424      |
| train/                  |             |
|    approx_kl            | 0.009702821 |
|    clip_fraction        | 0.0914      |
|    clip_range           | 0.2         |
|    entropy_loss         | -2.93       |
|    explained_variance   | 0.611       |
|    learning_rate        | 0.0003      |
|    loss                 | 43.9        |
|    n_updates            | 4360        |
|    policy_gradient_loss | -0.00411    |
|    std                  | 0.653       |
|    value_loss           | 81.7        |
-----------------------------------------
-----------------------------------------
| rollout/                |             |
|    ep_len_mean          | 289         |
|    ep_rew_mean          | 251         |
| time/                   |             |
|    fps                  | 776         |
|    iterations           | 438         |
|    time_elapsed         | 649         |
|    total_timesteps      | 504576      |
| train/                  |             |
|    approx_kl            | 0.004463415 |
|    clip_fraction        | 0.109       |
|    clip_range           | 0.2         |
|    entropy_loss         | -2.9        |
|    explained_variance   | 0.615       |
|    learning_rate        | 0.0003      |
|    loss                 | 43.2        |
|    n_updates            | 4370        |
|    policy_gradient_loss | 0.00326     |
|    std                  | 0.646       |
|    value_loss           | 82.7        |
-----------------------------------------
----------------------------------------
| rollout/                |            |
|    ep_len_mean          | 289        |
|    ep_rew_mean          | 251        |
| time/                   |            |
|    fps                  | 776        |
|    iterations           | 439        |
|    time_elapsed         | 651        |
|    total_timesteps      | 505728     |
| train/                  |            |
|    approx_kl            | 0.00706293 |
|    clip_fraction        | 0.0787     |
|    clip_range           | 0.2        |
|    entropy_loss         | -2.89      |
|    explained_variance   | 0.622      |
|    learning_rate        | 0.0003     |
|    loss                 | 30         |
|    n_updates            | 4380       |
|    policy_gradient_loss | -0.000209  |
|    std                  | 0.645      |
|    value_loss           | 84.4       |
----------------------------------------
------------------------------------------
| rollout/                |              |
|    ep_len_mean          | 289          |
|    ep_rew_mean          | 251          |
| time/                   |              |
|    fps                  | 776          |
|    iterations           | 440          |
|    time_elapsed         | 652          |
|    total_timesteps      | 506880       |
| train/                  |              |
|    approx_kl            | 0.0076800757 |
|    clip_fraction        | 0.0652       |
|    clip_range           | 0.2          |
|    entropy_loss         | -2.88        |
|    explained_variance   | 0.63         |
|    learning_rate        | 0.0003       |
|    loss                 | 53.1         |
|    n_updates            | 4390         |
|    policy_gradient_loss | -0.003       |
|    std                  | 0.644        |
|    value_loss           | 86.1         |
------------------------------------------
----------------------------------------
| rollout/                |            |
|    ep_len_mean          | 289        |
|    ep_rew_mean          | 251        |
| time/                   |            |
|    fps                  | 776        |
|    iterations           | 441        |
|    time_elapsed         | 654        |
|    total_timesteps      | 508032     |
| train/                  |            |
|    approx_kl            | 0.00867325 |
|    clip_fraction        | 0.0827     |
|    clip_range           | 0.2        |
|    entropy_loss         | -2.89      |
|    explained_variance   | 0.632      |
|    learning_rate        | 0.0003     |
|    loss                 | 47.6       |
|    n_updates            | 4400       |
|    policy_gradient_loss | -0.00339   |
|    std                  | 0.647      |
|    value_loss           | 83.3       |
----------------------------------------
------------------------------------------
| rollout/                |              |
|    ep_len_mean          | 289          |
|    ep_rew_mean          | 251          |
| time/                   |              |
|    fps                  | 776          |
|    iterations           | 442          |
|    time_elapsed         | 655          |
|    total_timesteps      | 509184       |
| train/                  |              |
|    approx_kl            | 0.0061359103 |
|    clip_fraction        | 0.132        |
|    clip_range           | 0.2          |
|    entropy_loss         | -2.9         |
|    explained_variance   | 0.642        |
|    learning_rate        | 0.0003       |
|    loss                 | 31.2         |
|    n_updates            | 4410         |
|    policy_gradient_loss | -0.00211     |
|    std                  | 0.647        |
|    value_loss           | 83.5         |
------------------------------------------
-----------------------------------------
| rollout/                |             |
|    ep_len_mean          | 289         |
|    ep_rew_mean          | 251         |
| time/                   |             |
|    fps                  | 777         |
|    iterations           | 443         |
|    time_elapsed         | 656         |
|    total_timesteps      | 510336      |
| train/                  |             |
|    approx_kl            | 0.018348984 |
|    clip_fraction        | 0.0909      |
|    clip_range           | 0.2         |
|    entropy_loss         | -2.91       |
|    explained_variance   | 0.629       |
|    learning_rate        | 0.0003      |
|    loss                 | 58.6        |
|    n_updates            | 4420        |
|    policy_gradient_loss | -0.00149    |
|    std                  | 0.651       |
|    value_loss           | 81          |
-----------------------------------------
-----------------------------------------
| rollout/                |             |
|    ep_len_mean          | 289         |
|    ep_rew_mean          | 251         |
| time/                   |             |
|    fps                  | 777         |
|    iterations           | 444         |
|    time_elapsed         | 658         |
|    total_timesteps      | 511488      |
| train/                  |             |
|    approx_kl            | 0.012589088 |
|    clip_fraction        | 0.0984      |
|    clip_range           | 0.2         |
|    entropy_loss         | -2.9        |
|    explained_variance   | 0.647       |
|    learning_rate        | 0.0003      |
|    loss                 | 38.6        |
|    n_updates            | 4430        |
|    policy_gradient_loss | -0.0021     |
|    std                  | 0.646       |
|    value_loss           | 84.3        |
-----------------------------------------
-----------------------------------------
| rollout/                |             |
|    ep_len_mean          | 289         |
|    ep_rew_mean          | 251         |
| time/                   |             |
|    fps                  | 777         |
|    iterations           | 445         |
|    time_elapsed         | 659         |
|    total_timesteps      | 512640      |
| train/                  |             |
|    approx_kl            | 0.006689102 |
|    clip_fraction        | 0.0896      |
|    clip_range           | 0.2         |
|    entropy_loss         | -2.89       |
|    explained_variance   | 0.638       |
|    learning_rate        | 0.0003      |
|    loss                 | 36.9        |
|    n_updates            | 4440        |
|    policy_gradient_loss | -0.00356    |
|    std                  | 0.645       |
|    value_loss           | 79.3        |
-----------------------------------------
-----------------------------------------
| rollout/                |             |
|    ep_len_mean          | 289         |
|    ep_rew_mean          | 251         |
| time/                   |             |
|    fps                  | 777         |
|    iterations           | 446         |
|    time_elapsed         | 660         |
|    total_timesteps      | 513792      |
| train/                  |             |
|    approx_kl            | 0.003898825 |
|    clip_fraction        | 0.0668      |
|    clip_range           | 0.2         |
|    entropy_loss         | -2.87       |
|    explained_variance   | 0.618       |
|    learning_rate        | 0.0003      |
|    loss                 | 24.4        |
|    n_updates            | 4450        |
|    policy_gradient_loss | -0.000973   |
|    std                  | 0.638       |
|    value_loss           | 79.2        |
-----------------------------------------
------------------------------------------
| rollout/                |              |
|    ep_len_mean          | 289          |
|    ep_rew_mean          | 251          |
| time/                   |              |
|    fps                  | 777          |
|    iterations           | 447          |
|    time_elapsed         | 662          |
|    total_timesteps      | 514944       |
| train/                  |              |
|    approx_kl            | 0.0055931304 |
|    clip_fraction        | 0.138        |
|    clip_range           | 0.2          |
|    entropy_loss         | -2.85        |
|    explained_variance   | 0.63         |
|    learning_rate        | 0.0003       |
|    loss                 | 36.6         |
|    n_updates            | 4460         |
|    policy_gradient_loss | -0.00195     |
|    std                  | 0.636        |
|    value_loss           | 78.4         |
------------------------------------------
------------------------------------------
| rollout/                |              |
|    ep_len_mean          | 289          |
|    ep_rew_mean          | 251          |
| time/                   |              |
|    fps                  | 777          |
|    iterations           | 448          |
|    time_elapsed         | 663          |
|    total_timesteps      | 516096       |
| train/                  |              |
|    approx_kl            | 0.0046891053 |
|    clip_fraction        | 0.0969       |
|    clip_range           | 0.2          |
|    entropy_loss         | -2.84        |
|    explained_variance   | 0.63         |
|    learning_rate        | 0.0003       |
|    loss                 | 56.5         |
|    n_updates            | 4470         |
|    policy_gradient_loss | -0.000544    |
|    std                  | 0.635        |
|    value_loss           | 80.3         |
------------------------------------------
-----------------------------------------
| rollout/                |             |
|    ep_len_mean          | 289         |
|    ep_rew_mean          | 251         |
| time/                   |             |
|    fps                  | 777         |
|    iterations           | 449         |
|    time_elapsed         | 665         |
|    total_timesteps      | 517248      |
| train/                  |             |
|    approx_kl            | 0.009259458 |
|    clip_fraction        | 0.058       |
|    clip_range           | 0.2         |
|    entropy_loss         | -2.83       |
|    explained_variance   | 0.64        |
|    learning_rate        | 0.0003      |
|    loss                 | 46          |
|    n_updates            | 4480        |
|    policy_gradient_loss | -5.42e-05   |
|    std                  | 0.633       |
|    value_loss           | 82.1        |
-----------------------------------------
-----------------------------------------
| rollout/                |             |
|    ep_len_mean          | 289         |
|    ep_rew_mean          | 251         |
| time/                   |             |
|    fps                  | 777         |
|    iterations           | 450         |
|    time_elapsed         | 666         |
|    total_timesteps      | 518400      |
| train/                  |             |
|    approx_kl            | 0.008614789 |
|    clip_fraction        | 0.101       |
|    clip_range           | 0.2         |
|    entropy_loss         | -2.81       |
|    explained_variance   | 0.625       |
|    learning_rate        | 0.0003      |
|    loss                 | 47.6        |
|    n_updates            | 4490        |
|    policy_gradient_loss | -0.00136    |
|    std                  | 0.628       |
|    value_loss           | 81.1        |
-----------------------------------------
------------------------------------------
| rollout/                |              |
|    ep_len_mean          | 289          |
|    ep_rew_mean          | 251          |
| time/                   |              |
|    fps                  | 777          |
|    iterations           | 451          |
|    time_elapsed         | 667          |
|    total_timesteps      | 519552       |
| train/                  |              |
|    approx_kl            | 0.0064554084 |
|    clip_fraction        | 0.0742       |
|    clip_range           | 0.2          |
|    entropy_loss         | -2.8         |
|    explained_variance   | 0.625        |
|    learning_rate        | 0.0003       |
|    loss                 | 40           |
|    n_updates            | 4500         |
|    policy_gradient_loss | -0.000969    |
|    std                  | 0.628        |
|    value_loss           | 79.5         |
------------------------------------------
Eval num_timesteps=520000, episode_reward=257.08 +/- 0.00
Episode length: 289.00 +/- 0.00
-----------------------------------------
| eval/                   |             |
|    mean_ep_length       | 289         |
|    mean_reward          | 257         |
| time/                   |             |
|    total_timesteps      | 520000      |
| train/                  |             |
|    approx_kl            | 0.009893323 |
|    clip_fraction        | 0.195       |
|    clip_range           | 0.2         |
|    entropy_loss         | -2.8        |
|    explained_variance   | 0.611       |
|    learning_rate        | 0.0003      |
|    loss                 | 25.8        |
|    n_updates            | 4510        |
|    policy_gradient_loss | -0.00212    |
|    std                  | 0.627       |
|    value_loss           | 76          |
-----------------------------------------
---------------------------------
| rollout/           |          |
|    ep_len_mean     | 289      |
|    ep_rew_mean     | 251      |
| time/              |          |
|    fps             | 776      |
|    iterations      | 452      |
|    time_elapsed    | 670      |
|    total_timesteps | 520704   |
---------------------------------
------------------------------------------
| rollout/                |              |
|    ep_len_mean          | 289          |
|    ep_rew_mean          | 251          |
| time/                   |              |
|    fps                  | 776          |
|    iterations           | 453          |
|    time_elapsed         | 672          |
|    total_timesteps      | 521856       |
| train/                  |              |
|    approx_kl            | 0.0046621375 |
|    clip_fraction        | 0.0997       |
|    clip_range           | 0.2          |
|    entropy_loss         | -2.79        |
|    explained_variance   | 0.611        |
|    learning_rate        | 0.0003       |
|    loss                 | 26.2         |
|    n_updates            | 4520         |
|    policy_gradient_loss | -0.00208     |
|    std                  | 0.626        |
|    value_loss           | 81           |
------------------------------------------
-----------------------------------------
| rollout/                |             |
|    ep_len_mean          | 289         |
|    ep_rew_mean          | 251         |
| time/                   |             |
|    fps                  | 776         |
|    iterations           | 454         |
|    time_elapsed         | 673         |
|    total_timesteps      | 523008      |
| train/                  |             |
|    approx_kl            | 0.009265464 |
|    clip_fraction        | 0.0796      |
|    clip_range           | 0.2         |
|    entropy_loss         | -2.78       |
|    explained_variance   | 0.64        |
|    learning_rate        | 0.0003      |
|    loss                 | 24.6        |
|    n_updates            | 4530        |
|    policy_gradient_loss | -0.00169    |
|    std                  | 0.621       |
|    value_loss           | 81.9        |
-----------------------------------------
-----------------------------------------
| rollout/                |             |
|    ep_len_mean          | 289         |
|    ep_rew_mean          | 251         |
| time/                   |             |
|    fps                  | 776         |
|    iterations           | 455         |
|    time_elapsed         | 675         |
|    total_timesteps      | 524160      |
| train/                  |             |
|    approx_kl            | 0.009670439 |
|    clip_fraction        | 0.14        |
|    clip_range           | 0.2         |
|    entropy_loss         | -2.78       |
|    explained_variance   | 0.646       |
|    learning_rate        | 0.0003      |
|    loss                 | 26.9        |
|    n_updates            | 4540        |
|    policy_gradient_loss | 0.000621    |
|    std                  | 0.624       |
|    value_loss           | 78          |
-----------------------------------------
-----------------------------------------
| rollout/                |             |
|    ep_len_mean          | 289         |
|    ep_rew_mean          | 251         |
| time/                   |             |
|    fps                  | 776         |
|    iterations           | 456         |
|    time_elapsed         | 676         |
|    total_timesteps      | 525312      |
| train/                  |             |
|    approx_kl            | 0.006990243 |
|    clip_fraction        | 0.0757      |
|    clip_range           | 0.2         |
|    entropy_loss         | -2.78       |
|    explained_variance   | 0.662       |
|    learning_rate        | 0.0003      |
|    loss                 | 35.9        |
|    n_updates            | 4550        |
|    policy_gradient_loss | -0.00228    |
|    std                  | 0.622       |
|    value_loss           | 75.6        |
-----------------------------------------
-----------------------------------------
| rollout/                |             |
|    ep_len_mean          | 289         |
|    ep_rew_mean          | 251         |
| time/                   |             |
|    fps                  | 776         |
|    iterations           | 457         |
|    time_elapsed         | 677         |
|    total_timesteps      | 526464      |
| train/                  |             |
|    approx_kl            | 0.007292626 |
|    clip_fraction        | 0.0912      |
|    clip_range           | 0.2         |
|    entropy_loss         | -2.77       |
|    explained_variance   | 0.661       |
|    learning_rate        | 0.0003      |
|    loss                 | 29.3        |
|    n_updates            | 4560        |
|    policy_gradient_loss | -0.00301    |
|    std                  | 0.62        |
|    value_loss           | 72.7        |
-----------------------------------------
-----------------------------------------
| rollout/                |             |
|    ep_len_mean          | 289         |
|    ep_rew_mean          | 251         |
| time/                   |             |
|    fps                  | 776         |
|    iterations           | 458         |
|    time_elapsed         | 679         |
|    total_timesteps      | 527616      |
| train/                  |             |
|    approx_kl            | 0.013498141 |
|    clip_fraction        | 0.0924      |
|    clip_range           | 0.2         |
|    entropy_loss         | -2.77       |
|    explained_variance   | 0.655       |
|    learning_rate        | 0.0003      |
|    loss                 | 32.8        |
|    n_updates            | 4570        |
|    policy_gradient_loss | 0.00112     |
|    std                  | 0.62        |
|    value_loss           | 72.1        |
-----------------------------------------
-----------------------------------------
| rollout/                |             |
|    ep_len_mean          | 289         |
|    ep_rew_mean          | 251         |
| time/                   |             |
|    fps                  | 776         |
|    iterations           | 459         |
|    time_elapsed         | 680         |
|    total_timesteps      | 528768      |
| train/                  |             |
|    approx_kl            | 0.010890906 |
|    clip_fraction        | 0.134       |
|    clip_range           | 0.2         |
|    entropy_loss         | -2.77       |
|    explained_variance   | 0.66        |
|    learning_rate        | 0.0003      |
|    loss                 | 29.2        |
|    n_updates            | 4580        |
|    policy_gradient_loss | -0.00105    |
|    std                  | 0.621       |
|    value_loss           | 71.1        |
-----------------------------------------
-----------------------------------------
| rollout/                |             |
|    ep_len_mean          | 289         |
|    ep_rew_mean          | 250         |
| time/                   |             |
|    fps                  | 777         |
|    iterations           | 460         |
|    time_elapsed         | 682         |
|    total_timesteps      | 529920      |
| train/                  |             |
|    approx_kl            | 0.009319504 |
|    clip_fraction        | 0.131       |
|    clip_range           | 0.2         |
|    entropy_loss         | -2.76       |
|    explained_variance   | 0.666       |
|    learning_rate        | 0.0003      |
|    loss                 | 32.7        |
|    n_updates            | 4590        |
|    policy_gradient_loss | -0.00364    |
|    std                  | 0.614       |
|    value_loss           | 69.8        |
-----------------------------------------
-----------------------------------------
| rollout/                |             |
|    ep_len_mean          | 289         |
|    ep_rew_mean          | 250         |
| time/                   |             |
|    fps                  | 777         |
|    iterations           | 461         |
|    time_elapsed         | 683         |
|    total_timesteps      | 531072      |
| train/                  |             |
|    approx_kl            | 0.009643699 |
|    clip_fraction        | 0.0885      |
|    clip_range           | 0.2         |
|    entropy_loss         | -2.74       |
|    explained_variance   | 0.654       |
|    learning_rate        | 0.0003      |
|    loss                 | 16.2        |
|    n_updates            | 4600        |
|    policy_gradient_loss | -0.000406   |
|    std                  | 0.613       |
|    value_loss           | 68.3        |
-----------------------------------------
-----------------------------------------
| rollout/                |             |
|    ep_len_mean          | 289         |
|    ep_rew_mean          | 250         |
| time/                   |             |
|    fps                  | 777         |
|    iterations           | 462         |
|    time_elapsed         | 684         |
|    total_timesteps      | 532224      |
| train/                  |             |
|    approx_kl            | 0.011438117 |
|    clip_fraction        | 0.128       |
|    clip_range           | 0.2         |
|    entropy_loss         | -2.73       |
|    explained_variance   | 0.635       |
|    learning_rate        | 0.0003      |
|    loss                 | 34.1        |
|    n_updates            | 4610        |
|    policy_gradient_loss | -0.00346    |
|    std                  | 0.613       |
|    value_loss           | 70.3        |
-----------------------------------------
------------------------------------------
| rollout/                |              |
|    ep_len_mean          | 289          |
|    ep_rew_mean          | 250          |
| time/                   |              |
|    fps                  | 777          |
|    iterations           | 463          |
|    time_elapsed         | 686          |
|    total_timesteps      | 533376       |
| train/                  |              |
|    approx_kl            | 0.0033359043 |
|    clip_fraction        | 0.0543       |
|    clip_range           | 0.2          |
|    entropy_loss         | -2.73        |
|    explained_variance   | 0.648        |
|    learning_rate        | 0.0003       |
|    loss                 | 42.4         |
|    n_updates            | 4620         |
|    policy_gradient_loss | -0.000694    |
|    std                  | 0.613        |
|    value_loss           | 70.6         |
------------------------------------------
-----------------------------------------
| rollout/                |             |
|    ep_len_mean          | 289         |
|    ep_rew_mean          | 250         |
| time/                   |             |
|    fps                  | 777         |
|    iterations           | 464         |
|    time_elapsed         | 687         |
|    total_timesteps      | 534528      |
| train/                  |             |
|    approx_kl            | 0.011432811 |
|    clip_fraction        | 0.148       |
|    clip_range           | 0.2         |
|    entropy_loss         | -2.73       |
|    explained_variance   | 0.654       |
|    learning_rate        | 0.0003      |
|    loss                 | 65.8        |
|    n_updates            | 4630        |
|    policy_gradient_loss | -0.0061     |
|    std                  | 0.613       |
|    value_loss           | 72.7        |
-----------------------------------------
-----------------------------------------
| rollout/                |             |
|    ep_len_mean          | 289         |
|    ep_rew_mean          | 250         |
| time/                   |             |
|    fps                  | 777         |
|    iterations           | 465         |
|    time_elapsed         | 688         |
|    total_timesteps      | 535680      |
| train/                  |             |
|    approx_kl            | 0.004705638 |
|    clip_fraction        | 0.148       |
|    clip_range           | 0.2         |
|    entropy_loss         | -2.73       |
|    explained_variance   | 0.634       |
|    learning_rate        | 0.0003      |
|    loss                 | 23.5        |
|    n_updates            | 4640        |
|    policy_gradient_loss | -0.00347    |
|    std                  | 0.61        |
|    value_loss           | 70.5        |
-----------------------------------------
-----------------------------------------
| rollout/                |             |
|    ep_len_mean          | 289         |
|    ep_rew_mean          | 250         |
| time/                   |             |
|    fps                  | 777         |
|    iterations           | 466         |
|    time_elapsed         | 690         |
|    total_timesteps      | 536832      |
| train/                  |             |
|    approx_kl            | 0.008807278 |
|    clip_fraction        | 0.117       |
|    clip_range           | 0.2         |
|    entropy_loss         | -2.71       |
|    explained_variance   | 0.651       |
|    learning_rate        | 0.0003      |
|    loss                 | 63          |
|    n_updates            | 4650        |
|    policy_gradient_loss | -0.00303    |
|    std                  | 0.608       |
|    value_loss           | 73.3        |
-----------------------------------------
-----------------------------------------
| rollout/                |             |
|    ep_len_mean          | 289         |
|    ep_rew_mean          | 250         |
| time/                   |             |
|    fps                  | 777         |
|    iterations           | 467         |
|    time_elapsed         | 691         |
|    total_timesteps      | 537984      |
| train/                  |             |
|    approx_kl            | 0.021197177 |
|    clip_fraction        | 0.159       |
|    clip_range           | 0.2         |
|    entropy_loss         | -2.71       |
|    explained_variance   | 0.647       |
|    learning_rate        | 0.0003      |
|    loss                 | 36.3        |
|    n_updates            | 4660        |
|    policy_gradient_loss | -0.00403    |
|    std                  | 0.61        |
|    value_loss           | 72.8        |
-----------------------------------------
-----------------------------------------
| rollout/                |             |
|    ep_len_mean          | 289         |
|    ep_rew_mean          | 250         |
| time/                   |             |
|    fps                  | 777         |
|    iterations           | 468         |
|    time_elapsed         | 693         |
|    total_timesteps      | 539136      |
| train/                  |             |
|    approx_kl            | 0.005662514 |
|    clip_fraction        | 0.061       |
|    clip_range           | 0.2         |
|    entropy_loss         | -2.7        |
|    explained_variance   | 0.668       |
|    learning_rate        | 0.0003      |
|    loss                 | 37.5        |
|    n_updates            | 4670        |
|    policy_gradient_loss | -0.00124    |
|    std                  | 0.606       |
|    value_loss           | 73.4        |
-----------------------------------------
Eval num_timesteps=540000, episode_reward=257.08 +/- 0.00
Episode length: 289.00 +/- 0.00
----------------------------------------
| eval/                   |            |
|    mean_ep_length       | 289        |
|    mean_reward          | 257        |
| time/                   |            |
|    total_timesteps      | 540000     |
| train/                  |            |
|    approx_kl            | 0.00496433 |
|    clip_fraction        | 0.0871     |
|    clip_range           | 0.2        |
|    entropy_loss         | -2.7       |
|    explained_variance   | 0.677      |
|    learning_rate        | 0.0003     |
|    loss                 | 32         |
|    n_updates            | 4680       |
|    policy_gradient_loss | -0.00264   |
|    std                  | 0.61       |
|    value_loss           | 71.3       |
----------------------------------------
---------------------------------
| rollout/           |          |
|    ep_len_mean     | 289      |
|    ep_rew_mean     | 250      |
| time/              |          |
|    fps             | 776      |
|    iterations      | 469      |
|    time_elapsed    | 696      |
|    total_timesteps | 540288   |
---------------------------------
------------------------------------------
| rollout/                |              |
|    ep_len_mean          | 289          |
|    ep_rew_mean          | 250          |
| time/                   |              |
|    fps                  | 776          |
|    iterations           | 470          |
|    time_elapsed         | 697          |
|    total_timesteps      | 541440       |
| train/                  |              |
|    approx_kl            | 0.0057646865 |
|    clip_fraction        | 0.0911       |
|    clip_range           | 0.2          |
|    entropy_loss         | -2.71        |
|    explained_variance   | 0.693        |
|    learning_rate        | 0.0003       |
|    loss                 | 30           |
|    n_updates            | 4690         |
|    policy_gradient_loss | -0.00174     |
|    std                  | 0.607        |
|    value_loss           | 67.1         |
------------------------------------------
-----------------------------------------
| rollout/                |             |
|    ep_len_mean          | 289         |
|    ep_rew_mean          | 250         |
| time/                   |             |
|    fps                  | 776         |
|    iterations           | 471         |
|    time_elapsed         | 698         |
|    total_timesteps      | 542592      |
| train/                  |             |
|    approx_kl            | 0.014434431 |
|    clip_fraction        | 0.076       |
|    clip_range           | 0.2         |
|    entropy_loss         | -2.7        |
|    explained_variance   | 0.696       |
|    learning_rate        | 0.0003      |
|    loss                 | 45.5        |
|    n_updates            | 4700        |
|    policy_gradient_loss | -0.000431   |
|    std                  | 0.606       |
|    value_loss           | 65.8        |
-----------------------------------------
-----------------------------------------
| rollout/                |             |
|    ep_len_mean          | 289         |
|    ep_rew_mean          | 250         |
| time/                   |             |
|    fps                  | 776         |
|    iterations           | 472         |
|    time_elapsed         | 700         |
|    total_timesteps      | 543744      |
| train/                  |             |
|    approx_kl            | 0.006229949 |
|    clip_fraction        | 0.0766      |
|    clip_range           | 0.2         |
|    entropy_loss         | -2.69       |
|    explained_variance   | 0.714       |
|    learning_rate        | 0.0003      |
|    loss                 | 19          |
|    n_updates            | 4710        |
|    policy_gradient_loss | -0.0022     |
|    std                  | 0.607       |
|    value_loss           | 63.6        |
-----------------------------------------
-----------------------------------------
| rollout/                |             |
|    ep_len_mean          | 289         |
|    ep_rew_mean          | 250         |
| time/                   |             |
|    fps                  | 776         |
|    iterations           | 473         |
|    time_elapsed         | 701         |
|    total_timesteps      | 544896      |
| train/                  |             |
|    approx_kl            | 0.007838632 |
|    clip_fraction        | 0.125       |
|    clip_range           | 0.2         |
|    entropy_loss         | -2.71       |
|    explained_variance   | 0.713       |
|    learning_rate        | 0.0003      |
|    loss                 | 20.6        |
|    n_updates            | 4720        |
|    policy_gradient_loss | -0.00313    |
|    std                  | 0.612       |
|    value_loss           | 62.7        |
-----------------------------------------
------------------------------------------
| rollout/                |              |
|    ep_len_mean          | 289          |
|    ep_rew_mean          | 249          |
| time/                   |              |
|    fps                  | 776          |
|    iterations           | 474          |
|    time_elapsed         | 703          |
|    total_timesteps      | 546048       |
| train/                  |              |
|    approx_kl            | 0.0051967236 |
|    clip_fraction        | 0.109        |
|    clip_range           | 0.2          |
|    entropy_loss         | -2.72        |
|    explained_variance   | 0.707        |
|    learning_rate        | 0.0003       |
|    loss                 | 25           |
|    n_updates            | 4730         |
|    policy_gradient_loss | 0.000775     |
|    std                  | 0.61         |
|    value_loss           | 62.2         |
------------------------------------------
-----------------------------------------
| rollout/                |             |
|    ep_len_mean          | 289         |
|    ep_rew_mean          | 249         |
| time/                   |             |
|    fps                  | 776         |
|    iterations           | 475         |
|    time_elapsed         | 704         |
|    total_timesteps      | 547200      |
| train/                  |             |
|    approx_kl            | 0.011062639 |
|    clip_fraction        | 0.0924      |
|    clip_range           | 0.2         |
|    entropy_loss         | -2.72       |
|    explained_variance   | 0.709       |
|    learning_rate        | 0.0003      |
|    loss                 | 37.1        |
|    n_updates            | 4740        |
|    policy_gradient_loss | 7.91e-05    |
|    std                  | 0.609       |
|    value_loss           | 63.7        |
-----------------------------------------
------------------------------------------
| rollout/                |              |
|    ep_len_mean          | 289          |
|    ep_rew_mean          | 249          |
| time/                   |              |
|    fps                  | 776          |
|    iterations           | 476          |
|    time_elapsed         | 705          |
|    total_timesteps      | 548352       |
| train/                  |              |
|    approx_kl            | 0.0061308015 |
|    clip_fraction        | 0.0619       |
|    clip_range           | 0.2          |
|    entropy_loss         | -2.72        |
|    explained_variance   | 0.697        |
|    learning_rate        | 0.0003       |
|    loss                 | 12.9         |
|    n_updates            | 4750         |
|    policy_gradient_loss | -0.0028      |
|    std                  | 0.613        |
|    value_loss           | 63.3         |
------------------------------------------
------------------------------------------
| rollout/                |              |
|    ep_len_mean          | 289          |
|    ep_rew_mean          | 249          |
| time/                   |              |
|    fps                  | 776          |
|    iterations           | 477          |
|    time_elapsed         | 707          |
|    total_timesteps      | 549504       |
| train/                  |              |
|    approx_kl            | 0.0034424276 |
|    clip_fraction        | 0.0975       |
|    clip_range           | 0.2          |
|    entropy_loss         | -2.71        |
|    explained_variance   | 0.681        |
|    learning_rate        | 0.0003       |
|    loss                 | 43           |
|    n_updates            | 4760         |
|    policy_gradient_loss | -0.00202     |
|    std                  | 0.61         |
|    value_loss           | 64.5         |
------------------------------------------
-----------------------------------------
| rollout/                |             |
|    ep_len_mean          | 289         |
|    ep_rew_mean          | 249         |
| time/                   |             |
|    fps                  | 777         |
|    iterations           | 478         |
|    time_elapsed         | 708         |
|    total_timesteps      | 550656      |
| train/                  |             |
|    approx_kl            | 0.008162149 |
|    clip_fraction        | 0.165       |
|    clip_range           | 0.2         |
|    entropy_loss         | -2.71       |
|    explained_variance   | 0.677       |
|    learning_rate        | 0.0003      |
|    loss                 | 25.9        |
|    n_updates            | 4770        |
|    policy_gradient_loss | -0.006      |
|    std                  | 0.612       |
|    value_loss           | 63.2        |
-----------------------------------------
-----------------------------------------
| rollout/                |             |
|    ep_len_mean          | 289         |
|    ep_rew_mean          | 249         |
| time/                   |             |
|    fps                  | 777         |
|    iterations           | 479         |
|    time_elapsed         | 709         |
|    total_timesteps      | 551808      |
| train/                  |             |
|    approx_kl            | 0.004175913 |
|    clip_fraction        | 0.0748      |
|    clip_range           | 0.2         |
|    entropy_loss         | -2.71       |
|    explained_variance   | 0.668       |
|    learning_rate        | 0.0003      |
|    loss                 | 31          |
|    n_updates            | 4780        |
|    policy_gradient_loss | -0.0023     |
|    std                  | 0.611       |
|    value_loss           | 67          |
-----------------------------------------
------------------------------------------
| rollout/                |              |
|    ep_len_mean          | 289          |
|    ep_rew_mean          | 249          |
| time/                   |              |
|    fps                  | 777          |
|    iterations           | 480          |
|    time_elapsed         | 711          |
|    total_timesteps      | 552960       |
| train/                  |              |
|    approx_kl            | 0.0071019954 |
|    clip_fraction        | 0.114        |
|    clip_range           | 0.2          |
|    entropy_loss         | -2.71        |
|    explained_variance   | 0.656        |
|    learning_rate        | 0.0003       |
|    loss                 | 25           |
|    n_updates            | 4790         |
|    policy_gradient_loss | -0.00171     |
|    std                  | 0.613        |
|    value_loss           | 68           |
------------------------------------------
------------------------------------------
| rollout/                |              |
|    ep_len_mean          | 289          |
|    ep_rew_mean          | 249          |
| time/                   |              |
|    fps                  | 777          |
|    iterations           | 481          |
|    time_elapsed         | 712          |
|    total_timesteps      | 554112       |
| train/                  |              |
|    approx_kl            | 0.0070547066 |
|    clip_fraction        | 0.0625       |
|    clip_range           | 0.2          |
|    entropy_loss         | -2.73        |
|    explained_variance   | 0.676        |
|    learning_rate        | 0.0003       |
|    loss                 | 21.8         |
|    n_updates            | 4800         |
|    policy_gradient_loss | -0.00156     |
|    std                  | 0.617        |
|    value_loss           | 69.7         |
------------------------------------------
-----------------------------------------
| rollout/                |             |
|    ep_len_mean          | 289         |
|    ep_rew_mean          | 249         |
| time/                   |             |
|    fps                  | 777         |
|    iterations           | 482         |
|    time_elapsed         | 714         |
|    total_timesteps      | 555264      |
| train/                  |             |
|    approx_kl            | 0.007718664 |
|    clip_fraction        | 0.0991      |
|    clip_range           | 0.2         |
|    entropy_loss         | -2.74       |
|    explained_variance   | 0.677       |
|    learning_rate        | 0.0003      |
|    loss                 | 39.6        |
|    n_updates            | 4810        |
|    policy_gradient_loss | -0.000576   |
|    std                  | 0.617       |
|    value_loss           | 70.1        |
-----------------------------------------
----------------------------------------
| rollout/                |            |
|    ep_len_mean          | 289        |
|    ep_rew_mean          | 249        |
| time/                   |            |
|    fps                  | 777        |
|    iterations           | 483        |
|    time_elapsed         | 715        |
|    total_timesteps      | 556416     |
| train/                  |            |
|    approx_kl            | 0.00859589 |
|    clip_fraction        | 0.0517     |
|    clip_range           | 0.2        |
|    entropy_loss         | -2.74      |
|    explained_variance   | 0.675      |
|    learning_rate        | 0.0003     |
|    loss                 | 19.6       |
|    n_updates            | 4820       |
|    policy_gradient_loss | 4.62e-05   |
|    std                  | 0.615      |
|    value_loss           | 71.7       |
----------------------------------------
-----------------------------------------
| rollout/                |             |
|    ep_len_mean          | 289         |
|    ep_rew_mean          | 248         |
| time/                   |             |
|    fps                  | 777         |
|    iterations           | 484         |
|    time_elapsed         | 716         |
|    total_timesteps      | 557568      |
| train/                  |             |
|    approx_kl            | 0.006340391 |
|    clip_fraction        | 0.0636      |
|    clip_range           | 0.2         |
|    entropy_loss         | -2.74       |
|    explained_variance   | 0.671       |
|    learning_rate        | 0.0003      |
|    loss                 | 19.1        |
|    n_updates            | 4830        |
|    policy_gradient_loss | -0.00107    |
|    std                  | 0.62        |
|    value_loss           | 68.3        |
-----------------------------------------
-----------------------------------------
| rollout/                |             |
|    ep_len_mean          | 289         |
|    ep_rew_mean          | 248         |
| time/                   |             |
|    fps                  | 777         |
|    iterations           | 485         |
|    time_elapsed         | 718         |
|    total_timesteps      | 558720      |
| train/                  |             |
|    approx_kl            | 0.005019063 |
|    clip_fraction        | 0.126       |
|    clip_range           | 0.2         |
|    entropy_loss         | -2.75       |
|    explained_variance   | 0.669       |
|    learning_rate        | 0.0003      |
|    loss                 | 31.3        |
|    n_updates            | 4840        |
|    policy_gradient_loss | 0.00099     |
|    std                  | 0.617       |
|    value_loss           | 69.5        |
-----------------------------------------
------------------------------------------
| rollout/                |              |
|    ep_len_mean          | 289          |
|    ep_rew_mean          | 248          |
| time/                   |              |
|    fps                  | 777          |
|    iterations           | 486          |
|    time_elapsed         | 719          |
|    total_timesteps      | 559872       |
| train/                  |              |
|    approx_kl            | 0.0033357928 |
|    clip_fraction        | 0.0793       |
|    clip_range           | 0.2          |
|    entropy_loss         | -2.75        |
|    explained_variance   | 0.667        |
|    learning_rate        | 0.0003       |
|    loss                 | 22.1         |
|    n_updates            | 4850         |
|    policy_gradient_loss | 0.00129      |
|    std                  | 0.618        |
|    value_loss           | 71.2         |
------------------------------------------
Eval num_timesteps=560000, episode_reward=257.08 +/- 0.00
Episode length: 289.00 +/- 0.00
-----------------------------------------
| eval/                   |             |
|    mean_ep_length       | 289         |
|    mean_reward          | 257         |
| time/                   |             |
|    total_timesteps      | 560000      |
| train/                  |             |
|    approx_kl            | 0.006915037 |
|    clip_fraction        | 0.0804      |
|    clip_range           | 0.2         |
|    entropy_loss         | -2.74       |
|    explained_variance   | 0.663       |
|    learning_rate        | 0.0003      |
|    loss                 | 46.9        |
|    n_updates            | 4860        |
|    policy_gradient_loss | -0.00437    |
|    std                  | 0.616       |
|    value_loss           | 69.8        |
-----------------------------------------
---------------------------------
| rollout/           |          |
|    ep_len_mean     | 289      |
|    ep_rew_mean     | 248      |
| time/              |          |
|    fps             | 776      |
|    iterations      | 487      |
|    time_elapsed    | 722      |
|    total_timesteps | 561024   |
---------------------------------
-----------------------------------------
| rollout/                |             |
|    ep_len_mean          | 289         |
|    ep_rew_mean          | 248         |
| time/                   |             |
|    fps                  | 776         |
|    iterations           | 488         |
|    time_elapsed         | 724         |
|    total_timesteps      | 562176      |
| train/                  |             |
|    approx_kl            | 0.007757524 |
|    clip_fraction        | 0.0927      |
|    clip_range           | 0.2         |
|    entropy_loss         | -2.73       |
|    explained_variance   | 0.661       |
|    learning_rate        | 0.0003      |
|    loss                 | 54.6        |
|    n_updates            | 4870        |
|    policy_gradient_loss | -0.000898   |
|    std                  | 0.614       |
|    value_loss           | 71.5        |
-----------------------------------------
-----------------------------------------
| rollout/                |             |
|    ep_len_mean          | 289         |
|    ep_rew_mean          | 248         |
| time/                   |             |
|    fps                  | 776         |
|    iterations           | 489         |
|    time_elapsed         | 725         |
|    total_timesteps      | 563328      |
| train/                  |             |
|    approx_kl            | 0.007082147 |
|    clip_fraction        | 0.118       |
|    clip_range           | 0.2         |
|    entropy_loss         | -2.73       |
|    explained_variance   | 0.651       |
|    learning_rate        | 0.0003      |
|    loss                 | 25.7        |
|    n_updates            | 4880        |
|    policy_gradient_loss | -0.00317    |
|    std                  | 0.613       |
|    value_loss           | 70.6        |
-----------------------------------------
------------------------------------------
| rollout/                |              |
|    ep_len_mean          | 289          |
|    ep_rew_mean          | 248          |
| time/                   |              |
|    fps                  | 776          |
|    iterations           | 490          |
|    time_elapsed         | 726          |
|    total_timesteps      | 564480       |
| train/                  |              |
|    approx_kl            | 0.0065801837 |
|    clip_fraction        | 0.099        |
|    clip_range           | 0.2          |
|    entropy_loss         | -2.71        |
|    explained_variance   | 0.653        |
|    learning_rate        | 0.0003       |
|    loss                 | 33.3         |
|    n_updates            | 4890         |
|    policy_gradient_loss | -0.000991    |
|    std                  | 0.61         |
|    value_loss           | 70.9         |
------------------------------------------
-----------------------------------------
| rollout/                |             |
|    ep_len_mean          | 289         |
|    ep_rew_mean          | 248         |
| time/                   |             |
|    fps                  | 776         |
|    iterations           | 491         |
|    time_elapsed         | 728         |
|    total_timesteps      | 565632      |
| train/                  |             |
|    approx_kl            | 0.006437874 |
|    clip_fraction        | 0.0905      |
|    clip_range           | 0.2         |
|    entropy_loss         | -2.72       |
|    explained_variance   | 0.642       |
|    learning_rate        | 0.0003      |
|    loss                 | 37.1        |
|    n_updates            | 4900        |
|    policy_gradient_loss | -0.00538    |
|    std                  | 0.616       |
|    value_loss           | 71          |
-----------------------------------------
-----------------------------------------
| rollout/                |             |
|    ep_len_mean          | 289         |
|    ep_rew_mean          | 248         |
| time/                   |             |
|    fps                  | 776         |
|    iterations           | 492         |
|    time_elapsed         | 729         |
|    total_timesteps      | 566784      |
| train/                  |             |
|    approx_kl            | 0.008162478 |
|    clip_fraction        | 0.103       |
|    clip_range           | 0.2         |
|    entropy_loss         | -2.73       |
|    explained_variance   | 0.658       |
|    learning_rate        | 0.0003      |
|    loss                 | 18.8        |
|    n_updates            | 4910        |
|    policy_gradient_loss | -0.00523    |
|    std                  | 0.614       |
|    value_loss           | 73.1        |
-----------------------------------------
-----------------------------------------
| rollout/                |             |
|    ep_len_mean          | 289         |
|    ep_rew_mean          | 248         |
| time/                   |             |
|    fps                  | 776         |
|    iterations           | 493         |
|    time_elapsed         | 731         |
|    total_timesteps      | 567936      |
| train/                  |             |
|    approx_kl            | 0.010584925 |
|    clip_fraction        | 0.106       |
|    clip_range           | 0.2         |
|    entropy_loss         | -2.73       |
|    explained_variance   | 0.658       |
|    learning_rate        | 0.0003      |
|    loss                 | 44.9        |
|    n_updates            | 4920        |
|    policy_gradient_loss | -0.00445    |
|    std                  | 0.615       |
|    value_loss           | 72.7        |
-----------------------------------------
----------------------------------------
| rollout/                |            |
|    ep_len_mean          | 289        |
|    ep_rew_mean          | 248        |
| time/                   |            |
|    fps                  | 776        |
|    iterations           | 494        |
|    time_elapsed         | 732        |
|    total_timesteps      | 569088     |
| train/                  |            |
|    approx_kl            | 0.01236983 |
|    clip_fraction        | 0.138      |
|    clip_range           | 0.2        |
|    entropy_loss         | -2.72      |
|    explained_variance   | 0.668      |
|    learning_rate        | 0.0003     |
|    loss                 | 74.8       |
|    n_updates            | 4930       |
|    policy_gradient_loss | -0.00639   |
|    std                  | 0.611      |
|    value_loss           | 71.9       |
----------------------------------------
-----------------------------------------
| rollout/                |             |
|    ep_len_mean          | 289         |
|    ep_rew_mean          | 248         |
| time/                   |             |
|    fps                  | 777         |
|    iterations           | 495         |
|    time_elapsed         | 733         |
|    total_timesteps      | 570240      |
| train/                  |             |
|    approx_kl            | 0.010091562 |
|    clip_fraction        | 0.207       |
|    clip_range           | 0.2         |
|    entropy_loss         | -2.7        |
|    explained_variance   | 0.674       |
|    learning_rate        | 0.0003      |
|    loss                 | 34.3        |
|    n_updates            | 4940        |
|    policy_gradient_loss | 0.000243    |
|    std                  | 0.609       |
|    value_loss           | 72.8        |
-----------------------------------------
-----------------------------------------
| rollout/                |             |
|    ep_len_mean          | 289         |
|    ep_rew_mean          | 248         |
| time/                   |             |
|    fps                  | 777         |
|    iterations           | 496         |
|    time_elapsed         | 735         |
|    total_timesteps      | 571392      |
| train/                  |             |
|    approx_kl            | 0.007966036 |
|    clip_fraction        | 0.0971      |
|    clip_range           | 0.2         |
|    entropy_loss         | -2.71       |
|    explained_variance   | 0.695       |
|    learning_rate        | 0.0003      |
|    loss                 | 47.9        |
|    n_updates            | 4950        |
|    policy_gradient_loss | -0.0013     |
|    std                  | 0.613       |
|    value_loss           | 74.1        |
-----------------------------------------
-----------------------------------------
| rollout/                |             |
|    ep_len_mean          | 289         |
|    ep_rew_mean          | 247         |
| time/                   |             |
|    fps                  | 777         |
|    iterations           | 497         |
|    time_elapsed         | 736         |
|    total_timesteps      | 572544      |
| train/                  |             |
|    approx_kl            | 0.005167022 |
|    clip_fraction        | 0.105       |
|    clip_range           | 0.2         |
|    entropy_loss         | -2.74       |
|    explained_variance   | 0.679       |
|    learning_rate        | 0.0003      |
|    loss                 | 23          |
|    n_updates            | 4960        |
|    policy_gradient_loss | -0.00268    |
|    std                  | 0.619       |
|    value_loss           | 70.4        |
-----------------------------------------
------------------------------------------
| rollout/                |              |
|    ep_len_mean          | 289          |
|    ep_rew_mean          | 247          |
| time/                   |              |
|    fps                  | 777          |
|    iterations           | 498          |
|    time_elapsed         | 738          |
|    total_timesteps      | 573696       |
| train/                  |              |
|    approx_kl            | 0.0069954246 |
|    clip_fraction        | 0.133        |
|    clip_range           | 0.2          |
|    entropy_loss         | -2.75        |
|    explained_variance   | 0.667        |
|    learning_rate        | 0.0003       |
|    loss                 | 25.3         |
|    n_updates            | 4970         |
|    policy_gradient_loss | -0.0077      |
|    std                  | 0.62         |
|    value_loss           | 72.3         |
------------------------------------------
-----------------------------------------
| rollout/                |             |
|    ep_len_mean          | 289         |
|    ep_rew_mean          | 247         |
| time/                   |             |
|    fps                  | 777         |
|    iterations           | 499         |
|    time_elapsed         | 739         |
|    total_timesteps      | 574848      |
| train/                  |             |
|    approx_kl            | 0.003869781 |
|    clip_fraction        | 0.0848      |
|    clip_range           | 0.2         |
|    entropy_loss         | -2.76       |
|    explained_variance   | 0.662       |
|    learning_rate        | 0.0003      |
|    loss                 | 34.5        |
|    n_updates            | 4980        |
|    policy_gradient_loss | -0.00199    |
|    std                  | 0.625       |
|    value_loss           | 73          |
-----------------------------------------
----------------------------------------
| rollout/                |            |
|    ep_len_mean          | 289        |
|    ep_rew_mean          | 247        |
| time/                   |            |
|    fps                  | 777        |
|    iterations           | 500        |
|    time_elapsed         | 740        |
|    total_timesteps      | 576000     |
| train/                  |            |
|    approx_kl            | 0.00930994 |
|    clip_fraction        | 0.108      |
|    clip_range           | 0.2        |
|    entropy_loss         | -2.78      |
|    explained_variance   | 0.668      |
|    learning_rate        | 0.0003     |
|    loss                 | 47.6       |
|    n_updates            | 4990       |
|    policy_gradient_loss | 0.0028     |
|    std                  | 0.628      |
|    value_loss           | 73.7       |
----------------------------------------
-----------------------------------------
| rollout/                |             |
|    ep_len_mean          | 289         |
|    ep_rew_mean          | 247         |
| time/                   |             |
|    fps                  | 777         |
|    iterations           | 501         |
|    time_elapsed         | 742         |
|    total_timesteps      | 577152      |
| train/                  |             |
|    approx_kl            | 0.005938722 |
|    clip_fraction        | 0.051       |
|    clip_range           | 0.2         |
|    entropy_loss         | -2.79       |
|    explained_variance   | 0.667       |
|    learning_rate        | 0.0003      |
|    loss                 | 62.7        |
|    n_updates            | 5000        |
|    policy_gradient_loss | -0.00289    |
|    std                  | 0.63        |
|    value_loss           | 75.5        |
-----------------------------------------
------------------------------------------
| rollout/                |              |
|    ep_len_mean          | 289          |
|    ep_rew_mean          | 247          |
| time/                   |              |
|    fps                  | 777          |
|    iterations           | 502          |
|    time_elapsed         | 743          |
|    total_timesteps      | 578304       |
| train/                  |              |
|    approx_kl            | 0.0082857795 |
|    clip_fraction        | 0.097        |
|    clip_range           | 0.2          |
|    entropy_loss         | -2.79        |
|    explained_variance   | 0.663        |
|    learning_rate        | 0.0003       |
|    loss                 | 28.2         |
|    n_updates            | 5010         |
|    policy_gradient_loss | -0.003       |
|    std                  | 0.627        |
|    value_loss           | 75.5         |
------------------------------------------
----------------------------------------
| rollout/                |            |
|    ep_len_mean          | 289        |
|    ep_rew_mean          | 248        |
| time/                   |            |
|    fps                  | 777        |
|    iterations           | 503        |
|    time_elapsed         | 744        |
|    total_timesteps      | 579456     |
| train/                  |            |
|    approx_kl            | 0.01185179 |
|    clip_fraction        | 0.12       |
|    clip_range           | 0.2        |
|    entropy_loss         | -2.78      |
|    explained_variance   | 0.636      |
|    learning_rate        | 0.0003     |
|    loss                 | 45.8       |
|    n_updates            | 5020       |
|    policy_gradient_loss | -0.00535   |
|    std                  | 0.627      |
|    value_loss           | 75.2       |
----------------------------------------
Eval num_timesteps=580000, episode_reward=253.71 +/- 0.00
Episode length: 289.00 +/- 0.00
-----------------------------------------
| eval/                   |             |
|    mean_ep_length       | 289         |
|    mean_reward          | 254         |
| time/                   |             |
|    total_timesteps      | 580000      |
| train/                  |             |
|    approx_kl            | 0.009081646 |
|    clip_fraction        | 0.0713      |
|    clip_range           | 0.2         |
|    entropy_loss         | -2.78       |
|    explained_variance   | 0.669       |
|    learning_rate        | 0.0003      |
|    loss                 | 53.1        |
|    n_updates            | 5030        |
|    policy_gradient_loss | -0.00367    |
|    std                  | 0.624       |
|    value_loss           | 75.9        |
-----------------------------------------
---------------------------------
| rollout/           |          |
|    ep_len_mean     | 289      |
|    ep_rew_mean     | 248      |
| time/              |          |
|    fps             | 776      |
|    iterations      | 504      |
|    time_elapsed    | 747      |
|    total_timesteps | 580608   |
---------------------------------
------------------------------------------
| rollout/                |              |
|    ep_len_mean          | 289          |
|    ep_rew_mean          | 248          |
| time/                   |              |
|    fps                  | 776          |
|    iterations           | 505          |
|    time_elapsed         | 749          |
|    total_timesteps      | 581760       |
| train/                  |              |
|    approx_kl            | 0.0097536575 |
|    clip_fraction        | 0.107        |
|    clip_range           | 0.2          |
|    entropy_loss         | -2.77        |
|    explained_variance   | 0.646        |
|    learning_rate        | 0.0003       |
|    loss                 | 25.7         |
|    n_updates            | 5040         |
|    policy_gradient_loss | -0.000398    |
|    std                  | 0.624        |
|    value_loss           | 76.5         |
------------------------------------------
------------------------------------------
| rollout/                |              |
|    ep_len_mean          | 289          |
|    ep_rew_mean          | 248          |
| time/                   |              |
|    fps                  | 776          |
|    iterations           | 506          |
|    time_elapsed         | 750          |
|    total_timesteps      | 582912       |
| train/                  |              |
|    approx_kl            | 0.0037858677 |
|    clip_fraction        | 0.0938       |
|    clip_range           | 0.2          |
|    entropy_loss         | -2.77        |
|    explained_variance   | 0.642        |
|    learning_rate        | 0.0003       |
|    loss                 | 22.9         |
|    n_updates            | 5050         |
|    policy_gradient_loss | -0.000927    |
|    std                  | 0.624        |
|    value_loss           | 77.8         |
------------------------------------------
-----------------------------------------
| rollout/                |             |
|    ep_len_mean          | 289         |
|    ep_rew_mean          | 248         |
| time/                   |             |
|    fps                  | 776         |
|    iterations           | 507         |
|    time_elapsed         | 752         |
|    total_timesteps      | 584064      |
| train/                  |             |
|    approx_kl            | 0.006258821 |
|    clip_fraction        | 0.0549      |
|    clip_range           | 0.2         |
|    entropy_loss         | -2.77       |
|    explained_variance   | 0.655       |
|    learning_rate        | 0.0003      |
|    loss                 | 33.7        |
|    n_updates            | 5060        |
|    policy_gradient_loss | -0.00278    |
|    std                  | 0.622       |
|    value_loss           | 77.8        |
-----------------------------------------
-----------------------------------------
| rollout/                |             |
|    ep_len_mean          | 289         |
|    ep_rew_mean          | 248         |
| time/                   |             |
|    fps                  | 776         |
|    iterations           | 508         |
|    time_elapsed         | 753         |
|    total_timesteps      | 585216      |
| train/                  |             |
|    approx_kl            | 0.008474563 |
|    clip_fraction        | 0.0938      |
|    clip_range           | 0.2         |
|    entropy_loss         | -2.77       |
|    explained_variance   | 0.65        |
|    learning_rate        | 0.0003      |
|    loss                 | 28.6        |
|    n_updates            | 5070        |
|    policy_gradient_loss | -0.00107    |
|    std                  | 0.625       |
|    value_loss           | 78.7        |
-----------------------------------------
------------------------------------------
| rollout/                |              |
|    ep_len_mean          | 289          |
|    ep_rew_mean          | 248          |
| time/                   |              |
|    fps                  | 776          |
|    iterations           | 509          |
|    time_elapsed         | 754          |
|    total_timesteps      | 586368       |
| train/                  |              |
|    approx_kl            | 0.0075317067 |
|    clip_fraction        | 0.105        |
|    clip_range           | 0.2          |
|    entropy_loss         | -2.78        |
|    explained_variance   | 0.65         |
|    learning_rate        | 0.0003       |
|    loss                 | 34.7         |
|    n_updates            | 5080         |
|    policy_gradient_loss | -0.00371     |
|    std                  | 0.626        |
|    value_loss           | 76.9         |
------------------------------------------
------------------------------------------
| rollout/                |              |
|    ep_len_mean          | 289          |
|    ep_rew_mean          | 248          |
| time/                   |              |
|    fps                  | 776          |
|    iterations           | 510          |
|    time_elapsed         | 756          |
|    total_timesteps      | 587520       |
| train/                  |              |
|    approx_kl            | 0.0075858408 |
|    clip_fraction        | 0.11         |
|    clip_range           | 0.2          |
|    entropy_loss         | -2.79        |
|    explained_variance   | 0.66         |
|    learning_rate        | 0.0003       |
|    loss                 | 34           |
|    n_updates            | 5090         |
|    policy_gradient_loss | -0.00188     |
|    std                  | 0.63         |
|    value_loss           | 78           |
------------------------------------------
-----------------------------------------
| rollout/                |             |
|    ep_len_mean          | 289         |
|    ep_rew_mean          | 248         |
| time/                   |             |
|    fps                  | 776         |
|    iterations           | 511         |
|    time_elapsed         | 757         |
|    total_timesteps      | 588672      |
| train/                  |             |
|    approx_kl            | 0.011397097 |
|    clip_fraction        | 0.108       |
|    clip_range           | 0.2         |
|    entropy_loss         | -2.8        |
|    explained_variance   | 0.647       |
|    learning_rate        | 0.0003      |
|    loss                 | 57.7        |
|    n_updates            | 5100        |
|    policy_gradient_loss | -0.00833    |
|    std                  | 0.629       |
|    value_loss           | 79.7        |
-----------------------------------------
------------------------------------------
| rollout/                |              |
|    ep_len_mean          | 289          |
|    ep_rew_mean          | 248          |
| time/                   |              |
|    fps                  | 776          |
|    iterations           | 512          |
|    time_elapsed         | 759          |
|    total_timesteps      | 589824       |
| train/                  |              |
|    approx_kl            | 0.0056332406 |
|    clip_fraction        | 0.0681       |
|    clip_range           | 0.2          |
|    entropy_loss         | -2.8         |
|    explained_variance   | 0.628        |
|    learning_rate        | 0.0003       |
|    loss                 | 37.2         |
|    n_updates            | 5110         |
|    policy_gradient_loss | 0.000576     |
|    std                  | 0.631        |
|    value_loss           | 78.9         |
------------------------------------------
-----------------------------------------
| rollout/                |             |
|    ep_len_mean          | 289         |
|    ep_rew_mean          | 248         |
| time/                   |             |
|    fps                  | 777         |
|    iterations           | 513         |
|    time_elapsed         | 760         |
|    total_timesteps      | 590976      |
| train/                  |             |
|    approx_kl            | 0.005618202 |
|    clip_fraction        | 0.076       |
|    clip_range           | 0.2         |
|    entropy_loss         | -2.81       |
|    explained_variance   | 0.626       |
|    learning_rate        | 0.0003      |
|    loss                 | 32.7        |
|    n_updates            | 5120        |
|    policy_gradient_loss | -0.00265    |
|    std                  | 0.631       |
|    value_loss           | 78.7        |
-----------------------------------------
-----------------------------------------
| rollout/                |             |
|    ep_len_mean          | 289         |
|    ep_rew_mean          | 248         |
| time/                   |             |
|    fps                  | 777         |
|    iterations           | 514         |
|    time_elapsed         | 761         |
|    total_timesteps      | 592128      |
| train/                  |             |
|    approx_kl            | 0.010612561 |
|    clip_fraction        | 0.0796      |
|    clip_range           | 0.2         |
|    entropy_loss         | -2.81       |
|    explained_variance   | 0.64        |
|    learning_rate        | 0.0003      |
|    loss                 | 27.6        |
|    n_updates            | 5130        |
|    policy_gradient_loss | 0.000167    |
|    std                  | 0.63        |
|    value_loss           | 81.2        |
-----------------------------------------
-----------------------------------------
| rollout/                |             |
|    ep_len_mean          | 289         |
|    ep_rew_mean          | 248         |
| time/                   |             |
|    fps                  | 777         |
|    iterations           | 515         |
|    time_elapsed         | 763         |
|    total_timesteps      | 593280      |
| train/                  |             |
|    approx_kl            | 0.009473119 |
|    clip_fraction        | 0.122       |
|    clip_range           | 0.2         |
|    entropy_loss         | -2.8        |
|    explained_variance   | 0.643       |
|    learning_rate        | 0.0003      |
|    loss                 | 53.7        |
|    n_updates            | 5140        |
|    policy_gradient_loss | -0.00324    |
|    std                  | 0.631       |
|    value_loss           | 82          |
-----------------------------------------
-----------------------------------------
| rollout/                |             |
|    ep_len_mean          | 289         |
|    ep_rew_mean          | 248         |
| time/                   |             |
|    fps                  | 777         |
|    iterations           | 516         |
|    time_elapsed         | 764         |
|    total_timesteps      | 594432      |
| train/                  |             |
|    approx_kl            | 0.010447707 |
|    clip_fraction        | 0.0978      |
|    clip_range           | 0.2         |
|    entropy_loss         | -2.81       |
|    explained_variance   | 0.623       |
|    learning_rate        | 0.0003      |
|    loss                 | 100         |
|    n_updates            | 5150        |
|    policy_gradient_loss | 6.54e-05    |
|    std                  | 0.633       |
|    value_loss           | 81.6        |
-----------------------------------------
-----------------------------------------
| rollout/                |             |
|    ep_len_mean          | 289         |
|    ep_rew_mean          | 248         |
| time/                   |             |
|    fps                  | 777         |
|    iterations           | 517         |
|    time_elapsed         | 766         |
|    total_timesteps      | 595584      |
| train/                  |             |
|    approx_kl            | 0.004694302 |
|    clip_fraction        | 0.118       |
|    clip_range           | 0.2         |
|    entropy_loss         | -2.81       |
|    explained_variance   | 0.62        |
|    learning_rate        | 0.0003      |
|    loss                 | 23.2        |
|    n_updates            | 5160        |
|    policy_gradient_loss | -8.33e-05   |
|    std                  | 0.631       |
|    value_loss           | 80.7        |
-----------------------------------------
-----------------------------------------
| rollout/                |             |
|    ep_len_mean          | 289         |
|    ep_rew_mean          | 248         |
| time/                   |             |
|    fps                  | 777         |
|    iterations           | 518         |
|    time_elapsed         | 767         |
|    total_timesteps      | 596736      |
| train/                  |             |
|    approx_kl            | 0.004508608 |
|    clip_fraction        | 0.0651      |
|    clip_range           | 0.2         |
|    entropy_loss         | -2.81       |
|    explained_variance   | 0.597       |
|    learning_rate        | 0.0003      |
|    loss                 | 38.2        |
|    n_updates            | 5170        |
|    policy_gradient_loss | -0.00324    |
|    std                  | 0.629       |
|    value_loss           | 89.6        |
-----------------------------------------
-----------------------------------------
| rollout/                |             |
|    ep_len_mean          | 289         |
|    ep_rew_mean          | 249         |
| time/                   |             |
|    fps                  | 777         |
|    iterations           | 519         |
|    time_elapsed         | 768         |
|    total_timesteps      | 597888      |
| train/                  |             |
|    approx_kl            | 0.014715346 |
|    clip_fraction        | 0.0964      |
|    clip_range           | 0.2         |
|    entropy_loss         | -2.8        |
|    explained_variance   | 0.609       |
|    learning_rate        | 0.0003      |
|    loss                 | 33.7        |
|    n_updates            | 5180        |
|    policy_gradient_loss | -0.00211    |
|    std                  | 0.63        |
|    value_loss           | 86.1        |
-----------------------------------------
------------------------------------------
| rollout/                |              |
|    ep_len_mean          | 289          |
|    ep_rew_mean          | 249          |
| time/                   |              |
|    fps                  | 777          |
|    iterations           | 520          |
|    time_elapsed         | 770          |
|    total_timesteps      | 599040       |
| train/                  |              |
|    approx_kl            | 0.0033950715 |
|    clip_fraction        | 0.0742       |
|    clip_range           | 0.2          |
|    entropy_loss         | -2.81        |
|    explained_variance   | 0.617        |
|    learning_rate        | 0.0003       |
|    loss                 | 41.9         |
|    n_updates            | 5190         |
|    policy_gradient_loss | 0.00035      |
|    std                  | 0.63         |
|    value_loss           | 83.1         |
------------------------------------------
Eval num_timesteps=600000, episode_reward=248.35 +/- 0.00
Episode length: 289.00 +/- 0.00
-----------------------------------------
| eval/                   |             |
|    mean_ep_length       | 289         |
|    mean_reward          | 248         |
| time/                   |             |
|    total_timesteps      | 600000      |
| train/                  |             |
|    approx_kl            | 0.008673448 |
|    clip_fraction        | 0.151       |
|    clip_range           | 0.2         |
|    entropy_loss         | -2.81       |
|    explained_variance   | 0.616       |
|    learning_rate        | 0.0003      |
|    loss                 | 53.9        |
|    n_updates            | 5200        |
|    policy_gradient_loss | -0.000107   |
|    std                  | 0.63        |
|    value_loss           | 82.2        |
-----------------------------------------
---------------------------------
| rollout/           |          |
|    ep_len_mean     | 289      |
|    ep_rew_mean     | 249      |
| time/              |          |
|    fps             | 776      |
|    iterations      | 521      |
|    time_elapsed    | 773      |
|    total_timesteps | 600192   |
---------------------------------
-----------------------------------------
| rollout/                |             |
|    ep_len_mean          | 289         |
|    ep_rew_mean          | 249         |
| time/                   |             |
|    fps                  | 776         |
|    iterations           | 522         |
|    time_elapsed         | 774         |
|    total_timesteps      | 601344      |
| train/                  |             |
|    approx_kl            | 0.006370261 |
|    clip_fraction        | 0.087       |
|    clip_range           | 0.2         |
|    entropy_loss         | -2.81       |
|    explained_variance   | 0.639       |
|    learning_rate        | 0.0003      |
|    loss                 | 36.2        |
|    n_updates            | 5210        |
|    policy_gradient_loss | -0.00485    |
|    std                  | 0.632       |
|    value_loss           | 85.3        |
-----------------------------------------
------------------------------------------
| rollout/                |              |
|    ep_len_mean          | 289          |
|    ep_rew_mean          | 249          |
| time/                   |              |
|    fps                  | 776          |
|    iterations           | 523          |
|    time_elapsed         | 776          |
|    total_timesteps      | 602496       |
| train/                  |              |
|    approx_kl            | 0.0070203925 |
|    clip_fraction        | 0.114        |
|    clip_range           | 0.2          |
|    entropy_loss         | -2.81        |
|    explained_variance   | 0.645        |
|    learning_rate        | 0.0003       |
|    loss                 | 50.5         |
|    n_updates            | 5220         |
|    policy_gradient_loss | -0.00655     |
|    std                  | 0.629        |
|    value_loss           | 84.3         |
------------------------------------------
-----------------------------------------
| rollout/                |             |
|    ep_len_mean          | 289         |
|    ep_rew_mean          | 249         |
| time/                   |             |
|    fps                  | 776         |
|    iterations           | 524         |
|    time_elapsed         | 777         |
|    total_timesteps      | 603648      |
| train/                  |             |
|    approx_kl            | 0.014895297 |
|    clip_fraction        | 0.107       |
|    clip_range           | 0.2         |
|    entropy_loss         | -2.79       |
|    explained_variance   | 0.631       |
|    learning_rate        | 0.0003      |
|    loss                 | 33.4        |
|    n_updates            | 5230        |
|    policy_gradient_loss | 0.00231     |
|    std                  | 0.627       |
|    value_loss           | 80.5        |
-----------------------------------------
------------------------------------------
| rollout/                |              |
|    ep_len_mean          | 289          |
|    ep_rew_mean          | 249          |
| time/                   |              |
|    fps                  | 776          |
|    iterations           | 525          |
|    time_elapsed         | 778          |
|    total_timesteps      | 604800       |
| train/                  |              |
|    approx_kl            | 0.0066671562 |
|    clip_fraction        | 0.0665       |
|    clip_range           | 0.2          |
|    entropy_loss         | -2.79        |
|    explained_variance   | 0.627        |
|    learning_rate        | 0.0003       |
|    loss                 | 41.7         |
|    n_updates            | 5240         |
|    policy_gradient_loss | -0.00157     |
|    std                  | 0.629        |
|    value_loss           | 81.5         |
------------------------------------------
-----------------------------------------
| rollout/                |             |
|    ep_len_mean          | 289         |
|    ep_rew_mean          | 249         |
| time/                   |             |
|    fps                  | 776         |
|    iterations           | 526         |
|    time_elapsed         | 780         |
|    total_timesteps      | 605952      |
| train/                  |             |
|    approx_kl            | 0.007261561 |
|    clip_fraction        | 0.112       |
|    clip_range           | 0.2         |
|    entropy_loss         | -2.79       |
|    explained_variance   | 0.639       |
|    learning_rate        | 0.0003      |
|    loss                 | 33.4        |
|    n_updates            | 5250        |
|    policy_gradient_loss | -0.00295    |
|    std                  | 0.626       |
|    value_loss           | 80.3        |
-----------------------------------------
-----------------------------------------
| rollout/                |             |
|    ep_len_mean          | 289         |
|    ep_rew_mean          | 249         |
| time/                   |             |
|    fps                  | 776         |
|    iterations           | 527         |
|    time_elapsed         | 781         |
|    total_timesteps      | 607104      |
| train/                  |             |
|    approx_kl            | 0.005688716 |
|    clip_fraction        | 0.11        |
|    clip_range           | 0.2         |
|    entropy_loss         | -2.79       |
|    explained_variance   | 0.612       |
|    learning_rate        | 0.0003      |
|    loss                 | 36.4        |
|    n_updates            | 5260        |
|    policy_gradient_loss | -0.000551   |
|    std                  | 0.628       |
|    value_loss           | 81          |
-----------------------------------------
-----------------------------------------
| rollout/                |             |
|    ep_len_mean          | 289         |
|    ep_rew_mean          | 249         |
| time/                   |             |
|    fps                  | 776         |
|    iterations           | 528         |
|    time_elapsed         | 783         |
|    total_timesteps      | 608256      |
| train/                  |             |
|    approx_kl            | 0.007881064 |
|    clip_fraction        | 0.12        |
|    clip_range           | 0.2         |
|    entropy_loss         | -2.79       |
|    explained_variance   | 0.634       |
|    learning_rate        | 0.0003      |
|    loss                 | 47.2        |
|    n_updates            | 5270        |
|    policy_gradient_loss | -0.00147    |
|    std                  | 0.627       |
|    value_loss           | 81.2        |
-----------------------------------------
-----------------------------------------
| rollout/                |             |
|    ep_len_mean          | 289         |
|    ep_rew_mean          | 249         |
| time/                   |             |
|    fps                  | 776         |
|    iterations           | 529         |
|    time_elapsed         | 784         |
|    total_timesteps      | 609408      |
| train/                  |             |
|    approx_kl            | 0.011309896 |
|    clip_fraction        | 0.093       |
|    clip_range           | 0.2         |
|    entropy_loss         | -2.79       |
|    explained_variance   | 0.623       |
|    learning_rate        | 0.0003      |
|    loss                 | 44.5        |
|    n_updates            | 5280        |
|    policy_gradient_loss | -0.00458    |
|    std                  | 0.629       |
|    value_loss           | 82.6        |
-----------------------------------------
-----------------------------------------
| rollout/                |             |
|    ep_len_mean          | 289         |
|    ep_rew_mean          | 249         |
| time/                   |             |
|    fps                  | 776         |
|    iterations           | 530         |
|    time_elapsed         | 785         |
|    total_timesteps      | 610560      |
| train/                  |             |
|    approx_kl            | 0.011166579 |
|    clip_fraction        | 0.109       |
|    clip_range           | 0.2         |
|    entropy_loss         | -2.78       |
|    explained_variance   | 0.638       |
|    learning_rate        | 0.0003      |
|    loss                 | 29.7        |
|    n_updates            | 5290        |
|    policy_gradient_loss | -0.00191    |
|    std                  | 0.626       |
|    value_loss           | 83.3        |
-----------------------------------------
-----------------------------------------
| rollout/                |             |
|    ep_len_mean          | 289         |
|    ep_rew_mean          | 249         |
| time/                   |             |
|    fps                  | 776         |
|    iterations           | 531         |
|    time_elapsed         | 787         |
|    total_timesteps      | 611712      |
| train/                  |             |
|    approx_kl            | 0.010149005 |
|    clip_fraction        | 0.145       |
|    clip_range           | 0.2         |
|    entropy_loss         | -2.77       |
|    explained_variance   | 0.633       |
|    learning_rate        | 0.0003      |
|    loss                 | 63.7        |
|    n_updates            | 5300        |
|    policy_gradient_loss | -0.000991   |
|    std                  | 0.624       |
|    value_loss           | 81.4        |
-----------------------------------------
-----------------------------------------
| rollout/                |             |
|    ep_len_mean          | 289         |
|    ep_rew_mean          | 249         |
| time/                   |             |
|    fps                  | 777         |
|    iterations           | 532         |
|    time_elapsed         | 788         |
|    total_timesteps      | 612864      |
| train/                  |             |
|    approx_kl            | 0.007125253 |
|    clip_fraction        | 0.114       |
|    clip_range           | 0.2         |
|    entropy_loss         | -2.76       |
|    explained_variance   | 0.632       |
|    learning_rate        | 0.0003      |
|    loss                 | 42.8        |
|    n_updates            | 5310        |
|    policy_gradient_loss | 0.0025      |
|    std                  | 0.622       |
|    value_loss           | 81.9        |
-----------------------------------------

============================= JOB FEEDBACK =============================

Job ID: 1598917
Cluster: haic
User/Group: dj0397/iai
Account: iai
State: TIMEOUT (exit code 0)
Partition: normal
Nodes: 1
Cores per node: 4
Nodelist: haicn1705
CPU Utilized: 00:00:04
CPU Efficiency: 0.11% of 01:00:08 core-walltime
Job Wall-clock time: 00:15:02
Starttime: Fri Jan  9 09:46:07 2026
Endtime: Fri Jan  9 10:01:09 2026
Memory Utilized: 2.90 GB
Memory Efficiency: 22.48% of 12.89 GB (3.22 GB/core)
Energy Consumed: 921449 Joule / 255.958055555556 Watthours
Average node power draw: 1021.56208425721 Watt
